{"v":"5.9.0","fr":25,"ip":0,"op":115,"w":1000,"h":1000,"nm":"Comp 1","ddd":0,"assets":[],"layers":[{"ddd":0,"ind":1,"ty":4,"nm":"Layer 7","sr":1,"ks":{"o":{"a":1,"k":[{"i":{"x":[0.667],"y":[1]},"o":{"x":[0.333],"y":[0]},"t":99,"s":[0]},{"i":{"x":[0.667],"y":[1]},"o":{"x":[0.333],"y":[0]},"t":100,"s":[100]},{"i":{"x":[0.667],"y":[1]},"o":{"x":[0.333],"y":[0]},"t":113,"s":[100]},{"t":115,"s":[0]}],"ix":11},"r":{"a":0,"k":0,"ix":10},"p":{"a":1,"k":[{"i":{"x":0.667,"y":1},"o":{"x":0.333,"y":0},"t":100,"s":[261,599,0],"to":[72.833,0,0],"ti":[-72.833,0,0]},{"t":113,"s":[698,599,0]}],"ix":2,"l":2},"a":{"a":0,"k":[0,0,0],"ix":1,"l":2},"s":{"a":0,"k":[55.786,55.786,100],"ix":6,"l":2}},"ao":0,"shapes":[{"ty":"gr","it":[{"ind":0,"ty":"sh","ix":1,"ks":{"a":0,"k":{"i":[[6.542,2.344],[2.532,-1.088],[0,0],[0,0],[4.203,0.732],[2.111,-1.532],[5.709,-0.482],[1.919,-3.398],[0,0],[0.01,-0.354],[0.171,0.641],[0,0],[0.504,0.775],[0,0],[0,0],[0,0],[0,0],[0,0],[0,0],[0,0],[0,0],[6.197,-3.645],[0,0],[-2.87,-4.88],[0,0],[0,0],[0,0],[0,0],[2.136,2.358],[0.175,0.194],[6.485,0.739],[1.73,-1.313],[0.514,-0.508],[-2.33,-3.902],[-1.844,-1.19],[-3.087,-3.947],[-2.256,-2.789],[-5.322,-5.711],[-1.531,-0.82],[-1.319,-1.512],[0,0],[-10.344,0],[-6.935,6.1],[0,0],[0,0],[0,9.905],[0,0]],"o":[[-3.146,-1.116],[0,0],[0,0],[-1.144,-4.275],[-5.079,-0.883],[-2.105,-4.521],[-4.277,0.359],[0,0],[-0.029,0.005],[-0.021,-0.682],[0,0],[-0.252,-0.913],[0,0],[0,0],[0,0],[0,0],[0,0],[0,0],[0,0],[0,0],[-3.649,-6.192],[0,0],[-4.886,2.871],[0,0],[0,0],[0,0],[-0.273,1.195],[-2.1,-2.139],[-0.176,-0.195],[-5.307,-5.926],[-3.413,-0.394],[-0.555,0.421],[-3.342,3.301],[1.012,1.702],[2.436,1.584],[1.444,1.846],[5.837,7.228],[1.531,0.953],[4.644,2.974],[1.032,1.179],[4.934,3.117],[10.348,0],[0,0],[0,0],[7.058,-6.459],[0,0],[0,-2.322]],"v":[[136.639,174.577],[127.987,174.973],[127.386,175.009],[127.213,175.019],[119.031,167.253],[108.324,169.426],[96.292,163.029],[86.916,168.887],[86.804,161.814],[86.758,162.496],[86.475,160.501],[86.454,160.435],[85.306,157.892],[85.312,157.903],[85.276,157.846],[85.247,157.805],[84.711,156.975],[84.711,156.964],[84.69,156.939],[74.83,141.59],[62.668,122.67],[44.852,118.052],[44.221,118.427],[40.582,132.467],[50.97,151.813],[60.952,170.405],[60.743,177.146],[60.309,205.238],[53.775,198.323],[53.232,197.733],[31.682,187.085],[23.927,188.465],[22.315,189.865],[18.778,202.393],[23.372,206.411],[33.021,213.659],[38.717,220.8],[57.575,243.017],[63.889,248.025],[73.658,255.314],[80.776,259.614],[105.016,265.649],[131.682,260.164],[132.063,260.164],[132.243,259.697],[143.686,234.373],[143.686,187.014]],"c":true},"ix":2},"nm":"Path 1","mn":"ADBE Vector Shape - Group","hd":false},{"ty":"fl","c":{"a":0,"k":[0.839215755463,0.603921592236,0.196078449488,1],"ix":4},"o":{"a":0,"k":100,"ix":5},"r":1,"bm":0,"nm":"Fill 1","mn":"ADBE Vector Graphic - Fill","hd":false},{"ty":"tr","p":{"a":0,"k":[0,0],"ix":2},"a":{"a":0,"k":[0,0],"ix":1},"s":{"a":0,"k":[100,100],"ix":3},"r":{"a":0,"k":0,"ix":6},"o":{"a":0,"k":100,"ix":7},"sk":{"a":0,"k":0,"ix":4},"sa":{"a":0,"k":0,"ix":5},"nm":"Transform"}],"nm":"Group 1","np":2,"cix":2,"bm":0,"ix":1,"mn":"ADBE Vector Group","hd":false}],"ip":0,"op":2278,"st":0,"bm":0},{"ddd":0,"ind":2,"ty":4,"nm":"Shape Layer 3","td":1,"sr":1,"ks":{"o":{"a":0,"k":100,"ix":11},"r":{"a":0,"k":0,"ix":10},"p":{"a":0,"k":[500,500,0],"ix":2,"l":2},"a":{"a":0,"k":[0,0,0],"ix":1,"l":2},"s":{"a":0,"k":[100.443,103.547,100],"ix":6,"l":2}},"ao":0,"shapes":[{"ty":"gr","it":[{"ind":0,"ty":"sh","ix":1,"ks":{"a":1,"k":[{"i":{"x":0.833,"y":0.833},"o":{"x":0.167,"y":0},"t":100,"s":[{"i":[[0,0],[0,0],[0,0],[0,0]],"o":[[0,0],[0,0],[0,0],[0,0]],"v":[[-211.92,154.459],[-212,154],[-211,200],[-211.28,200.236]],"c":true}]},{"i":{"x":0.833,"y":1},"o":{"x":0.167,"y":0.167},"t":107,"s":[{"i":[[0,0],[0,0],[0,0],[0,0]],"o":[[0,0],[0,0],[0,0],[0,0]],"v":[[33.526,151.966],[-212,154],[-211,200],[32.337,198.232]],"c":true}]},{"t":114,"s":[{"i":[[0,0],[0,0],[0,0],[0,0]],"o":[[0,0],[0,0],[0,0],[0,0]],"v":[[228.495,150.098],[-212,154],[-211,200],[225.476,196.852]],"c":true}]}],"ix":2},"nm":"Path 1","mn":"ADBE Vector Shape - Group","hd":false},{"ty":"fl","c":{"a":0,"k":[1,1,1,1],"ix":4},"o":{"a":0,"k":100,"ix":5},"r":1,"bm":0,"nm":"Fill 1","mn":"ADBE Vector Graphic - Fill","hd":false},{"ty":"tr","p":{"a":0,"k":[0,0],"ix":2},"a":{"a":0,"k":[0,0],"ix":1},"s":{"a":0,"k":[98.618,98.667],"ix":3},"r":{"a":0,"k":0,"ix":6},"o":{"a":0,"k":100,"ix":7},"sk":{"a":0,"k":0,"ix":4},"sa":{"a":0,"k":0,"ix":5},"nm":"Transform"}],"nm":"Shape 1","np":3,"cix":2,"bm":0,"ix":1,"mn":"ADBE Vector Group","hd":false}],"ip":0,"op":2278,"st":0,"bm":0},{"ddd":0,"ind":3,"ty":4,"nm":"Layer 5","tt":1,"sr":1,"ks":{"o":{"a":1,"k":[{"i":{"x":[0.833],"y":[0.833]},"o":{"x":[0.167],"y":[0.167]},"t":99,"s":[0]},{"t":100,"s":[100]}],"ix":11},"r":{"a":0,"k":0,"ix":10},"p":{"a":0,"k":[500,500,0],"ix":2,"l":2},"a":{"a":0,"k":[0,0,0],"ix":1,"l":2},"s":{"a":0,"k":[100,100,100],"ix":6,"l":2}},"ao":0,"shapes":[{"ty":"gr","it":[{"ind":0,"ty":"sh","ix":1,"ks":{"a":0,"k":{"i":[[0,0],[0,0],[0,0],[0,0],[2.594,0],[0,-2.964],[0,-9.418],[4.957,0],[0,5.068],[0,0],[0,0],[0,0],[-2.594,0],[0,3.011],[0,9.418],[-4.864,0],[0,-5.067]],"o":[[0,0],[0,0],[0,0],[0,-3.012],[-2.595,0],[0,7.506],[0,5.068],[-4.956,0],[0,0],[0,0],[0,0],[0,3.011],[2.595,0],[0,-7.458],[0,-5.163],[4.911,0],[0,0]],"v":[[222.129,169.271],[222.129,170.179],[218.701,170.179],[218.701,169.08],[214.995,164.299],[211.289,169.032],[222.175,186.672],[214.856,195.039],[207.583,186.672],[207.583,184.76],[210.965,184.76],[210.965,186.864],[214.763,191.644],[218.562,186.864],[207.722,169.271],[214.902,160.905],[222.129,169.271]],"c":false},"ix":2},"nm":"Path 1","mn":"ADBE Vector Shape - Group","hd":false},{"ty":"fl","c":{"a":0,"k":[0.839215695858,0.603921592236,0.196078434587,1],"ix":4},"o":{"a":0,"k":100,"ix":5},"r":1,"bm":0,"nm":"Fill 1","mn":"ADBE Vector Graphic - Fill","hd":false},{"ty":"tr","p":{"a":0,"k":[0,0],"ix":2},"a":{"a":0,"k":[0,0],"ix":1},"s":{"a":0,"k":[100,100],"ix":3},"r":{"a":0,"k":0,"ix":6},"o":{"a":0,"k":100,"ix":7},"sk":{"a":0,"k":0,"ix":4},"sa":{"a":0,"k":0,"ix":5},"nm":"Transform"}],"nm":"Group 1","np":2,"cix":2,"bm":0,"ix":1,"mn":"ADBE Vector Group","hd":false},{"ty":"gr","it":[{"ind":0,"ty":"sh","ix":1,"ks":{"a":0,"k":{"i":[[0,0],[0,0],[0,0],[0,0],[0,0],[0,0],[0,0],[0,0],[0,0],[0,0],[0,0],[0,0]],"o":[[0,0],[0,0],[0,0],[0,0],[0,0],[0,0],[0,0],[0,0],[0,0],[0,0],[0,0],[0,0]],"v":[[202.95,176.059],[202.95,179.406],[195.029,179.406],[195.029,191.309],[204.757,191.309],[204.757,194.704],[191.415,194.704],[191.415,161.24],[204.757,161.24],[204.757,164.633],[195.029,164.633],[195.029,176.059]],"c":true},"ix":2},"nm":"Path 1","mn":"ADBE Vector Shape - Group","hd":false},{"ty":"fl","c":{"a":0,"k":[0.839215695858,0.603921592236,0.196078434587,1],"ix":4},"o":{"a":0,"k":100,"ix":5},"r":1,"bm":0,"nm":"Fill 1","mn":"ADBE Vector Graphic - Fill","hd":false},{"ty":"tr","p":{"a":0,"k":[0,0],"ix":2},"a":{"a":0,"k":[0,0],"ix":1},"s":{"a":0,"k":[100,100],"ix":3},"r":{"a":0,"k":0,"ix":6},"o":{"a":0,"k":100,"ix":7},"sk":{"a":0,"k":0,"ix":4},"sa":{"a":0,"k":0,"ix":5},"nm":"Transform"}],"nm":"Group 2","np":2,"cix":2,"bm":0,"ix":2,"mn":"ADBE Vector Group","hd":false},{"ty":"gr","it":[{"ind":0,"ty":"sh","ix":1,"ks":{"a":0,"k":{"i":[[0,0],[0,0],[0,0],[0,0],[2.641,0],[0,-3.012],[0,0],[-2.593,0],[0,3.012],[0,0],[0,0],[0,0],[5.003,0],[0,5.067],[0,0],[-4.957,0],[0,-5.067]],"o":[[0,0],[0,0],[0,0],[0,-3.012],[-2.593,0],[0,0],[0,3.012],[2.641,0],[0,0],[0,0],[0,0],[0,5.067],[-4.957,0],[0,0],[0,-5.067],[5.003,0],[0,0]],"v":[[188.128,169.319],[188.128,172.331],[184.699,172.331],[184.699,169.128],[180.9,164.299],[177.103,169.128],[177.103,186.816],[180.9,191.644],[184.699,186.816],[184.699,182.465],[188.128,182.465],[188.128,186.625],[180.809,195.039],[173.535,186.625],[173.535,169.319],[180.809,160.905],[188.128,169.319]],"c":false},"ix":2},"nm":"Path 1","mn":"ADBE Vector Shape - Group","hd":false},{"ty":"fl","c":{"a":0,"k":[0.839215695858,0.603921592236,0.196078434587,1],"ix":4},"o":{"a":0,"k":100,"ix":5},"r":1,"bm":0,"nm":"Fill 1","mn":"ADBE Vector Graphic - Fill","hd":false},{"ty":"tr","p":{"a":0,"k":[0,0],"ix":2},"a":{"a":0,"k":[0,0],"ix":1},"s":{"a":0,"k":[100,100],"ix":3},"r":{"a":0,"k":0,"ix":6},"o":{"a":0,"k":100,"ix":7},"sk":{"a":0,"k":0,"ix":4},"sa":{"a":0,"k":0,"ix":5},"nm":"Transform"}],"nm":"Group 3","np":2,"cix":2,"bm":0,"ix":3,"mn":"ADBE Vector Group","hd":false},{"ty":"gr","it":[{"ind":0,"ty":"sh","ix":1,"ks":{"a":0,"k":{"i":[[0,0],[0,0],[0,0],[0,0]],"o":[[0,0],[0,0],[0,0],[0,0]],"v":[[170.107,194.704],[166.493,194.704],[166.493,161.24],[170.107,161.24]],"c":true},"ix":2},"nm":"Path 1","mn":"ADBE Vector Shape - Group","hd":false},{"ty":"fl","c":{"a":0,"k":[0.839215695858,0.603921592236,0.196078434587,1],"ix":4},"o":{"a":0,"k":100,"ix":5},"r":1,"bm":0,"nm":"Fill 1","mn":"ADBE Vector Graphic - Fill","hd":false},{"ty":"tr","p":{"a":0,"k":[0,0],"ix":2},"a":{"a":0,"k":[0,0],"ix":1},"s":{"a":0,"k":[100,100],"ix":3},"r":{"a":0,"k":0,"ix":6},"o":{"a":0,"k":100,"ix":7},"sk":{"a":0,"k":0,"ix":4},"sa":{"a":0,"k":0,"ix":5},"nm":"Transform"}],"nm":"Group 4","np":2,"cix":2,"bm":0,"ix":4,"mn":"ADBE Vector Group","hd":false},{"ty":"gr","it":[{"ind":0,"ty":"sh","ix":1,"ks":{"a":0,"k":{"i":[[0,0],[0,0],[0,0],[0,0],[0,0],[0,0],[0,0]],"o":[[0,0],[0,0],[0,0],[0,0],[0,0],[0,0],[0,0]],"v":[[149.863,161.24],[155.144,190.353],[160.38,161.24],[163.715,161.24],[157.646,194.704],[152.319,194.704],[146.204,161.24]],"c":true},"ix":2},"nm":"Path 1","mn":"ADBE Vector Shape - Group","hd":false},{"ty":"fl","c":{"a":0,"k":[0.839215695858,0.603921592236,0.196078434587,1],"ix":4},"o":{"a":0,"k":100,"ix":5},"r":1,"bm":0,"nm":"Fill 1","mn":"ADBE Vector Graphic - Fill","hd":false},{"ty":"tr","p":{"a":0,"k":[0,0],"ix":2},"a":{"a":0,"k":[0,0],"ix":1},"s":{"a":0,"k":[100,100],"ix":3},"r":{"a":0,"k":0,"ix":6},"o":{"a":0,"k":100,"ix":7},"sk":{"a":0,"k":0,"ix":4},"sa":{"a":0,"k":0,"ix":5},"nm":"Transform"}],"nm":"Group 5","np":2,"cix":2,"bm":0,"ix":5,"mn":"ADBE Vector Group","hd":false},{"ty":"gr","it":[{"ind":0,"ty":"sh","ix":1,"ks":{"a":0,"k":{"i":[[0,0],[0,3.633],[0,0],[2.687,0],[0,0],[0,0]],"o":[[2.872,0],[0,0],[0,-3.012],[0,0],[0,0],[0,0]],"v":[[135.271,177.016],[139.857,172.427],[139.857,169.224],[136.105,164.634],[132.584,164.634],[132.584,177.016]],"c":true},"ix":2},"nm":"Path 1","mn":"ADBE Vector Shape - Group","hd":false},{"ind":1,"ty":"sh","ix":2,"ks":{"a":0,"k":{"i":[[0,0],[0,-4.972],[0,0],[2.779,-0.908],[0,-3.585],[0,0],[-0.603,-1.147],[0,0],[0,2.247],[0,0],[3.011,0],[0,0],[0,0],[0,0],[0,0]],"o":[[5.095,0],[0,0],[0,3.68],[2.965,0.909],[0,0],[0,1.481],[0,0],[-0.417,-0.956],[0,0],[0,-3.776],[0,0],[0,0],[0,0],[0,0],[0,0]],"v":[[136.198,161.241],[143.424,168.889],[143.424,171.615],[139.394,178.498],[143.47,185.478],[143.47,190.689],[144.12,194.704],[140.459,194.704],[139.857,190.641],[139.857,185.382],[135.132,180.411],[132.584,180.411],[132.584,194.704],[128.971,194.704],[128.971,161.241]],"c":true},"ix":2},"nm":"Path 2","mn":"ADBE Vector Shape - Group","hd":false},{"ty":"fl","c":{"a":0,"k":[0.839215695858,0.603921592236,0.196078434587,1],"ix":4},"o":{"a":0,"k":100,"ix":5},"r":1,"bm":0,"nm":"Fill 1","mn":"ADBE Vector Graphic - Fill","hd":false},{"ty":"tr","p":{"a":0,"k":[0,0],"ix":2},"a":{"a":0,"k":[0,0],"ix":1},"s":{"a":0,"k":[100,100],"ix":3},"r":{"a":0,"k":0,"ix":6},"o":{"a":0,"k":100,"ix":7},"sk":{"a":0,"k":0,"ix":4},"sa":{"a":0,"k":0,"ix":5},"nm":"Transform"}],"nm":"Group 6","np":3,"cix":2,"bm":0,"ix":6,"mn":"ADBE Vector Group","hd":false},{"ty":"gr","it":[{"ind":0,"ty":"sh","ix":1,"ks":{"a":0,"k":{"i":[[0,0],[0,0],[0,0],[0,0],[0,0],[0,0],[0,0],[0,0],[0,0],[0,0],[0,0],[0,0]],"o":[[0,0],[0,0],[0,0],[0,0],[0,0],[0,0],[0,0],[0,0],[0,0],[0,0],[0,0],[0,0]],"v":[[123.83,176.059],[123.83,179.406],[115.909,179.406],[115.909,191.309],[125.638,191.309],[125.638,194.704],[112.296,194.704],[112.296,161.24],[125.638,161.24],[125.638,164.633],[115.909,164.633],[115.909,176.059]],"c":true},"ix":2},"nm":"Path 1","mn":"ADBE Vector Shape - Group","hd":false},{"ty":"fl","c":{"a":0,"k":[0.839215695858,0.603921592236,0.196078434587,1],"ix":4},"o":{"a":0,"k":100,"ix":5},"r":1,"bm":0,"nm":"Fill 1","mn":"ADBE Vector Graphic - Fill","hd":false},{"ty":"tr","p":{"a":0,"k":[0,0],"ix":2},"a":{"a":0,"k":[0,0],"ix":1},"s":{"a":0,"k":[100,100],"ix":3},"r":{"a":0,"k":0,"ix":6},"o":{"a":0,"k":100,"ix":7},"sk":{"a":0,"k":0,"ix":4},"sa":{"a":0,"k":0,"ix":5},"nm":"Transform"}],"nm":"Group 7","np":2,"cix":2,"bm":0,"ix":7,"mn":"ADBE Vector Group","hd":false},{"ty":"gr","it":[{"ind":0,"ty":"sh","ix":1,"ks":{"a":0,"k":{"i":[[0,0],[0,0],[0,0],[0,0],[2.594,0],[0,-2.964],[0,-9.418],[4.957,0],[0,5.068],[0,0],[0,0],[0,0],[-2.595,0],[0,3.011],[0,9.418],[-4.864,0],[0,-5.067]],"o":[[0,0],[0,0],[0,0],[0,-3.012],[-2.595,0],[0,7.506],[0,5.068],[-4.956,0],[0,0],[0,0],[0,0],[0,3.011],[2.594,0],[0,-7.458],[0,-5.163],[4.911,0],[0,0]],"v":[[109.099,169.271],[109.099,170.179],[105.671,170.179],[105.671,169.08],[101.965,164.299],[98.259,169.032],[109.146,186.672],[101.826,195.039],[94.553,186.672],[94.553,184.76],[97.935,184.76],[97.935,186.864],[101.734,191.644],[105.532,186.864],[94.692,169.271],[101.872,160.905],[109.099,169.271]],"c":false},"ix":2},"nm":"Path 1","mn":"ADBE Vector Shape - Group","hd":false},{"ty":"fl","c":{"a":0,"k":[0.839215695858,0.603921592236,0.196078434587,1],"ix":4},"o":{"a":0,"k":100,"ix":5},"r":1,"bm":0,"nm":"Fill 1","mn":"ADBE Vector Graphic - Fill","hd":false},{"ty":"tr","p":{"a":0,"k":[0,0],"ix":2},"a":{"a":0,"k":[0,0],"ix":1},"s":{"a":0,"k":[100,100],"ix":3},"r":{"a":0,"k":0,"ix":6},"o":{"a":0,"k":100,"ix":7},"sk":{"a":0,"k":0,"ix":4},"sa":{"a":0,"k":0,"ix":5},"nm":"Transform"}],"nm":"Group 8","np":2,"cix":2,"bm":0,"ix":8,"mn":"ADBE Vector Group","hd":false},{"ty":"gr","it":[{"ind":0,"ty":"sh","ix":1,"ks":{"a":0,"k":{"i":[[0,0],[0,0],[0,0],[0,0],[0,0],[0,0],[0,0],[0,0],[0,0],[0,0],[0,0],[0,0]],"o":[[0,0],[0,0],[0,0],[0,0],[0,0],[0,0],[0,0],[0,0],[0,0],[0,0],[0,0],[0,0]],"v":[[82.74,176.059],[82.74,179.406],[74.819,179.406],[74.819,191.309],[84.548,191.309],[84.548,194.704],[71.206,194.704],[71.206,161.24],[84.548,161.24],[84.548,164.633],[74.819,164.633],[74.819,176.059]],"c":true},"ix":2},"nm":"Path 1","mn":"ADBE Vector Shape - Group","hd":false},{"ty":"fl","c":{"a":0,"k":[0.839215695858,0.603921592236,0.196078434587,1],"ix":4},"o":{"a":0,"k":100,"ix":5},"r":1,"bm":0,"nm":"Fill 1","mn":"ADBE Vector Graphic - Fill","hd":false},{"ty":"tr","p":{"a":0,"k":[0,0],"ix":2},"a":{"a":0,"k":[0,0],"ix":1},"s":{"a":0,"k":[100,100],"ix":3},"r":{"a":0,"k":0,"ix":6},"o":{"a":0,"k":100,"ix":7},"sk":{"a":0,"k":0,"ix":4},"sa":{"a":0,"k":0,"ix":5},"nm":"Transform"}],"nm":"Group 9","np":2,"cix":2,"bm":0,"ix":9,"mn":"ADBE Vector Group","hd":false},{"ty":"gr","it":[{"ind":0,"ty":"sh","ix":1,"ks":{"a":0,"k":{"i":[[0,0],[0,3.633],[0,0],[2.687,0],[0,0],[0,0]],"o":[[2.872,0],[0,0],[0,-3.012],[0,0],[0,0],[0,0]],"v":[[59.255,177.016],[63.841,172.427],[63.841,169.224],[60.089,164.634],[56.568,164.634],[56.568,177.016]],"c":true},"ix":2},"nm":"Path 1","mn":"ADBE Vector Shape - Group","hd":false},{"ind":1,"ty":"sh","ix":2,"ks":{"a":0,"k":{"i":[[0,0],[0,-4.972],[0,0],[2.779,-0.908],[0,-3.585],[0,0],[-0.603,-1.147],[0,0],[0,2.247],[0,0],[3.011,0],[0,0],[0,0],[0,0],[0,0]],"o":[[5.095,0],[0,0],[0,3.68],[2.965,0.909],[0,0],[0,1.481],[0,0],[-0.417,-0.956],[0,0],[0,-3.776],[0,0],[0,0],[0,0],[0,0],[0,0]],"v":[[60.182,161.241],[67.408,168.889],[67.408,171.615],[63.378,178.498],[67.454,185.478],[67.454,190.689],[68.104,194.704],[64.443,194.704],[63.841,190.641],[63.841,185.382],[59.116,180.411],[56.568,180.411],[56.568,194.704],[52.954,194.704],[52.954,161.241]],"c":true},"ix":2},"nm":"Path 2","mn":"ADBE Vector Shape - Group","hd":false},{"ty":"fl","c":{"a":0,"k":[0.839215695858,0.603921592236,0.196078434587,1],"ix":4},"o":{"a":0,"k":100,"ix":5},"r":1,"bm":0,"nm":"Fill 1","mn":"ADBE Vector Graphic - Fill","hd":false},{"ty":"tr","p":{"a":0,"k":[0,0],"ix":2},"a":{"a":0,"k":[0,0],"ix":1},"s":{"a":0,"k":[100,100],"ix":3},"r":{"a":0,"k":0,"ix":6},"o":{"a":0,"k":100,"ix":7},"sk":{"a":0,"k":0,"ix":4},"sa":{"a":0,"k":0,"ix":5},"nm":"Transform"}],"nm":"Group 10","np":3,"cix":2,"bm":0,"ix":10,"mn":"ADBE Vector Group","hd":false},{"ty":"gr","it":[{"ind":0,"ty":"sh","ix":1,"ks":{"a":0,"k":{"i":[[0,0],[0,0],[0,0]],"o":[[0,0],[0,0],[0,0]],"v":[[37.527,184.761],[44.755,184.761],[41.094,165.448]],"c":true},"ix":2},"nm":"Path 1","mn":"ADBE Vector Shape - Group","hd":false},{"ind":1,"ty":"sh","ix":2,"ks":{"a":0,"k":{"i":[[0,0],[0,0],[0,0],[0,0],[0,0],[0,0],[0,0],[0,0]],"o":[[0,0],[0,0],[0,0],[0,0],[0,0],[0,0],[0,0],[0,0]],"v":[[37.064,187.964],[35.813,194.704],[32.478,194.704],[38.685,161.24],[43.921,161.24],[50.128,194.704],[46.514,194.704],[45.264,187.964]],"c":true},"ix":2},"nm":"Path 2","mn":"ADBE Vector Shape - Group","hd":false},{"ty":"fl","c":{"a":0,"k":[0.839215695858,0.603921592236,0.196078434587,1],"ix":4},"o":{"a":0,"k":100,"ix":5},"r":1,"bm":0,"nm":"Fill 1","mn":"ADBE Vector Graphic - Fill","hd":false},{"ty":"tr","p":{"a":0,"k":[0,0],"ix":2},"a":{"a":0,"k":[0,0],"ix":1},"s":{"a":0,"k":[100,100],"ix":3},"r":{"a":0,"k":0,"ix":6},"o":{"a":0,"k":100,"ix":7},"sk":{"a":0,"k":0,"ix":4},"sa":{"a":0,"k":0,"ix":5},"nm":"Transform"}],"nm":"Group 11","np":3,"cix":2,"bm":0,"ix":11,"mn":"ADBE Vector Group","hd":false},{"ty":"gr","it":[{"ind":0,"ty":"sh","ix":1,"ks":{"a":0,"k":{"i":[[0,0],[0,0],[0,0],[0,0],[2.641,0],[0,-3.012],[0,0],[-2.593,0],[0,3.012],[0,0],[0,0],[0,0],[5.003,0],[0,5.067],[0,0],[-4.957,0],[0,-5.067]],"o":[[0,0],[0,0],[0,0],[0,-3.012],[-2.593,0],[0,0],[0,3.012],[2.641,0],[0,0],[0,0],[0,0],[0,5.067],[-4.957,0],[0,0],[0,-5.067],[5.003,0],[0,0]],"v":[[30.117,169.319],[30.117,172.331],[26.688,172.331],[26.688,169.128],[22.889,164.299],[19.092,169.128],[19.092,186.816],[22.889,191.644],[26.688,186.816],[26.688,182.465],[30.117,182.465],[30.117,186.625],[22.798,195.039],[15.524,186.625],[15.524,169.319],[22.798,160.905],[30.117,169.319]],"c":false},"ix":2},"nm":"Path 1","mn":"ADBE Vector Shape - Group","hd":false},{"ty":"fl","c":{"a":0,"k":[0.839215695858,0.603921592236,0.196078434587,1],"ix":4},"o":{"a":0,"k":100,"ix":5},"r":1,"bm":0,"nm":"Fill 1","mn":"ADBE Vector Graphic - Fill","hd":false},{"ty":"tr","p":{"a":0,"k":[0,0],"ix":2},"a":{"a":0,"k":[0,0],"ix":1},"s":{"a":0,"k":[100,100],"ix":3},"r":{"a":0,"k":0,"ix":6},"o":{"a":0,"k":100,"ix":7},"sk":{"a":0,"k":0,"ix":4},"sa":{"a":0,"k":0,"ix":5},"nm":"Transform"}],"nm":"Group 12","np":2,"cix":2,"bm":0,"ix":12,"mn":"ADBE Vector Group","hd":false},{"ty":"gr","it":[{"ind":0,"ty":"sh","ix":1,"ks":{"a":0,"k":{"i":[[0,0],[0,0],[0,0],[0,0],[2.595,0],[0,-2.964],[0,-9.418],[4.957,0],[0,5.068],[0,0],[0,0],[0,0],[-2.594,0],[0,3.011],[0,9.418],[-4.864,0],[0,-5.067]],"o":[[0,0],[0,0],[0,0],[0,-3.012],[-2.594,0],[0,7.506],[0,5.068],[-4.957,0],[0,0],[0,0],[0,0],[0,3.011],[2.595,0],[0,-7.458],[0,-5.163],[4.911,0],[0,0]],"v":[[5.427,169.271],[5.427,170.179],[1.998,170.179],[1.998,169.08],[-1.708,164.299],[-5.414,169.032],[5.473,186.672],[-1.846,195.039],[-9.12,186.672],[-9.12,184.76],[-5.738,184.76],[-5.738,186.864],[-1.939,191.644],[1.86,186.864],[-8.98,169.271],[-1.8,160.905],[5.427,169.271]],"c":false},"ix":2},"nm":"Path 1","mn":"ADBE Vector Shape - Group","hd":false},{"ty":"fl","c":{"a":0,"k":[0.839215695858,0.603921592236,0.196078434587,1],"ix":4},"o":{"a":0,"k":100,"ix":5},"r":1,"bm":0,"nm":"Fill 1","mn":"ADBE Vector Graphic - Fill","hd":false},{"ty":"tr","p":{"a":0,"k":[0,0],"ix":2},"a":{"a":0,"k":[0,0],"ix":1},"s":{"a":0,"k":[100,100],"ix":3},"r":{"a":0,"k":0,"ix":6},"o":{"a":0,"k":100,"ix":7},"sk":{"a":0,"k":0,"ix":4},"sa":{"a":0,"k":0,"ix":5},"nm":"Transform"}],"nm":"Group 13","np":2,"cix":2,"bm":0,"ix":13,"mn":"ADBE Vector Group","hd":false},{"ty":"gr","it":[{"ind":0,"ty":"sh","ix":1,"ks":{"a":0,"k":{"i":[[0,0],[0,0],[0,0],[0,0],[0,0],[0,0],[0,0],[0,0]],"o":[[0,0],[0,0],[0,0],[0,0],[0,0],[0,0],[0,0],[0,0]],"v":[[-20.7,194.704],[-20.7,164.634],[-26.677,164.634],[-26.677,161.24],[-11.111,161.24],[-11.111,164.634],[-17.087,164.634],[-17.087,194.704]],"c":true},"ix":2},"nm":"Path 1","mn":"ADBE Vector Shape - Group","hd":false},{"ty":"fl","c":{"a":0,"k":[0.839215695858,0.603921592236,0.196078434587,1],"ix":4},"o":{"a":0,"k":100,"ix":5},"r":1,"bm":0,"nm":"Fill 1","mn":"ADBE Vector Graphic - Fill","hd":false},{"ty":"tr","p":{"a":0,"k":[0,0],"ix":2},"a":{"a":0,"k":[0,0],"ix":1},"s":{"a":0,"k":[100,100],"ix":3},"r":{"a":0,"k":0,"ix":6},"o":{"a":0,"k":100,"ix":7},"sk":{"a":0,"k":0,"ix":4},"sa":{"a":0,"k":0,"ix":5},"nm":"Transform"}],"nm":"Group 14","np":2,"cix":2,"bm":0,"ix":14,"mn":"ADBE Vector Group","hd":false},{"ty":"gr","it":[{"ind":0,"ty":"sh","ix":1,"ks":{"a":0,"k":{"i":[[0,0],[0,3.633],[0,0],[2.687,0],[0,0],[0,0]],"o":[[2.872,0],[0,0],[0,-3.012],[0,0],[0,0],[0,0]],"v":[[-37.377,177.016],[-32.791,172.427],[-32.791,169.224],[-36.543,164.634],[-40.065,164.634],[-40.065,177.016]],"c":true},"ix":2},"nm":"Path 1","mn":"ADBE Vector Shape - Group","hd":false},{"ind":1,"ty":"sh","ix":2,"ks":{"a":0,"k":{"i":[[0,0],[0,-4.972],[0,0],[2.779,-0.908],[0,-3.585],[0,0],[-0.602,-1.147],[0,0],[0,2.247],[0,0],[3.012,0],[0,0],[0,0],[0,0],[0,0]],"o":[[5.096,0],[0,0],[0,3.68],[2.965,0.909],[0,0],[0,1.481],[0,0],[-0.417,-0.956],[0,0],[0,-3.776],[0,0],[0,0],[0,0],[0,0],[0,0]],"v":[[-36.451,161.241],[-29.224,168.889],[-29.224,171.615],[-33.254,178.498],[-29.178,185.478],[-29.178,190.689],[-28.529,194.704],[-32.189,194.704],[-32.791,190.641],[-32.791,185.382],[-37.517,180.411],[-40.065,180.411],[-40.065,194.704],[-43.678,194.704],[-43.678,161.241]],"c":true},"ix":2},"nm":"Path 2","mn":"ADBE Vector Shape - Group","hd":false},{"ty":"fl","c":{"a":0,"k":[0.839215695858,0.603921592236,0.196078434587,1],"ix":4},"o":{"a":0,"k":100,"ix":5},"r":1,"bm":0,"nm":"Fill 1","mn":"ADBE Vector Graphic - Fill","hd":false},{"ty":"tr","p":{"a":0,"k":[0,0],"ix":2},"a":{"a":0,"k":[0,0],"ix":1},"s":{"a":0,"k":[100,100],"ix":3},"r":{"a":0,"k":0,"ix":6},"o":{"a":0,"k":100,"ix":7},"sk":{"a":0,"k":0,"ix":4},"sa":{"a":0,"k":0,"ix":5},"nm":"Transform"}],"nm":"Group 15","np":3,"cix":2,"bm":0,"ix":15,"mn":"ADBE Vector Group","hd":false},{"ty":"gr","it":[{"ind":0,"ty":"sh","ix":1,"ks":{"a":0,"k":{"i":[[0,0],[0,0],[0,0]],"o":[[0,0],[0,0],[0,0]],"v":[[-59.104,184.761],[-51.877,184.761],[-55.537,165.448]],"c":true},"ix":2},"nm":"Path 1","mn":"ADBE Vector Shape - Group","hd":false},{"ind":1,"ty":"sh","ix":2,"ks":{"a":0,"k":{"i":[[0,0],[0,0],[0,0],[0,0],[0,0],[0,0],[0,0],[0,0]],"o":[[0,0],[0,0],[0,0],[0,0],[0,0],[0,0],[0,0],[0,0]],"v":[[-59.567,187.964],[-60.818,194.704],[-64.154,194.704],[-57.946,161.24],[-52.71,161.24],[-46.503,194.704],[-50.117,194.704],[-51.368,187.964]],"c":true},"ix":2},"nm":"Path 2","mn":"ADBE Vector Shape - Group","hd":false},{"ty":"fl","c":{"a":0,"k":[0.839215695858,0.603921592236,0.196078434587,1],"ix":4},"o":{"a":0,"k":100,"ix":5},"r":1,"bm":0,"nm":"Fill 1","mn":"ADBE Vector Graphic - Fill","hd":false},{"ty":"tr","p":{"a":0,"k":[0,0],"ix":2},"a":{"a":0,"k":[0,0],"ix":1},"s":{"a":0,"k":[100,100],"ix":3},"r":{"a":0,"k":0,"ix":6},"o":{"a":0,"k":100,"ix":7},"sk":{"a":0,"k":0,"ix":4},"sa":{"a":0,"k":0,"ix":5},"nm":"Transform"}],"nm":"Group 16","np":3,"cix":2,"bm":0,"ix":16,"mn":"ADBE Vector Group","hd":false},{"ty":"gr","it":[{"ind":0,"ty":"sh","ix":1,"ks":{"a":0,"k":{"i":[[0,0],[0,0],[0,0],[0,0],[0,0],[0,0],[0,0],[0,0],[0,0],[0,0],[0,0],[0,0]],"o":[[0,0],[0,0],[0,0],[0,0],[0,0],[0,0],[0,0],[0,0],[0,0],[0,0],[0,0],[0,0]],"v":[[-68.367,176.059],[-68.367,179.406],[-76.289,179.406],[-76.289,191.309],[-66.56,191.309],[-66.56,194.704],[-79.902,194.704],[-79.902,161.24],[-66.56,161.24],[-66.56,164.633],[-76.289,164.633],[-76.289,176.059]],"c":true},"ix":2},"nm":"Path 1","mn":"ADBE Vector Shape - Group","hd":false},{"ty":"fl","c":{"a":0,"k":[0.839215695858,0.603921592236,0.196078434587,1],"ix":4},"o":{"a":0,"k":100,"ix":5},"r":1,"bm":0,"nm":"Fill 1","mn":"ADBE Vector Graphic - Fill","hd":false},{"ty":"tr","p":{"a":0,"k":[0,0],"ix":2},"a":{"a":0,"k":[0,0],"ix":1},"s":{"a":0,"k":[100,100],"ix":3},"r":{"a":0,"k":0,"ix":6},"o":{"a":0,"k":100,"ix":7},"sk":{"a":0,"k":0,"ix":4},"sa":{"a":0,"k":0,"ix":5},"nm":"Transform"}],"nm":"Group 17","np":2,"cix":2,"bm":0,"ix":17,"mn":"ADBE Vector Group","hd":false},{"ty":"gr","it":[{"ind":0,"ty":"sh","ix":1,"ks":{"a":0,"k":{"i":[[0,0],[0,0],[0,0],[0,0],[0,0],[0,0],[0,0],[0,0],[0,0],[0,0],[0,0],[0,0]],"o":[[0,0],[0,0],[0,0],[0,0],[0,0],[0,0],[0,0],[0,0],[0,0],[0,0],[0,0],[0,0]],"v":[[-95.189,179.645],[-95.189,194.704],[-98.803,194.704],[-98.803,161.24],[-95.189,161.24],[-95.189,176.299],[-87.221,176.299],[-87.221,161.24],[-83.608,161.24],[-83.608,194.704],[-87.221,194.704],[-87.221,179.645]],"c":true},"ix":2},"nm":"Path 1","mn":"ADBE Vector Shape - Group","hd":false},{"ty":"fl","c":{"a":0,"k":[0.839215695858,0.603921592236,0.196078434587,1],"ix":4},"o":{"a":0,"k":100,"ix":5},"r":1,"bm":0,"nm":"Fill 1","mn":"ADBE Vector Graphic - Fill","hd":false},{"ty":"tr","p":{"a":0,"k":[0,0],"ix":2},"a":{"a":0,"k":[0,0],"ix":1},"s":{"a":0,"k":[100,100],"ix":3},"r":{"a":0,"k":0,"ix":6},"o":{"a":0,"k":100,"ix":7},"sk":{"a":0,"k":0,"ix":4},"sa":{"a":0,"k":0,"ix":5},"nm":"Transform"}],"nm":"Group 18","np":2,"cix":2,"bm":0,"ix":18,"mn":"ADBE Vector Group","hd":false},{"ty":"gr","it":[{"ind":0,"ty":"sh","ix":1,"ks":{"a":0,"k":{"i":[[0,0],[0,0],[0,0],[0,0],[0,0],[0,0],[0,0],[0,0],[0,0],[0,0],[0,0],[0,0]],"o":[[0,0],[0,0],[0,0],[0,0],[0,0],[0,0],[0,0],[0,0],[0,0],[0,0],[0,0],[0,0]],"v":[[-111.124,176.059],[-111.124,179.406],[-119.046,179.406],[-119.046,191.309],[-109.317,191.309],[-109.317,194.704],[-122.659,194.704],[-122.659,161.24],[-109.317,161.24],[-109.317,164.633],[-119.046,164.633],[-119.046,176.059]],"c":true},"ix":2},"nm":"Path 1","mn":"ADBE Vector Shape - Group","hd":false},{"ty":"fl","c":{"a":0,"k":[0.839215695858,0.603921592236,0.196078434587,1],"ix":4},"o":{"a":0,"k":100,"ix":5},"r":1,"bm":0,"nm":"Fill 1","mn":"ADBE Vector Graphic - Fill","hd":false},{"ty":"tr","p":{"a":0,"k":[0,0],"ix":2},"a":{"a":0,"k":[0,0],"ix":1},"s":{"a":0,"k":[100,100],"ix":3},"r":{"a":0,"k":0,"ix":6},"o":{"a":0,"k":100,"ix":7},"sk":{"a":0,"k":0,"ix":4},"sa":{"a":0,"k":0,"ix":5},"nm":"Transform"}],"nm":"Group 19","np":2,"cix":2,"bm":0,"ix":19,"mn":"ADBE Vector Group","hd":false},{"ty":"gr","it":[{"ind":0,"ty":"sh","ix":1,"ks":{"a":0,"k":{"i":[[0,0],[0,0],[0,0],[0,0],[0,0],[0,0]],"o":[[0,0],[0,0],[0,0],[0,0],[0,0],[0,0]],"v":[[-138.27,194.704],[-138.27,161.24],[-134.657,161.24],[-134.657,191.309],[-125.392,191.309],[-125.392,194.704]],"c":true},"ix":2},"nm":"Path 1","mn":"ADBE Vector Shape - Group","hd":false},{"ty":"fl","c":{"a":0,"k":[0.839215695858,0.603921592236,0.196078434587,1],"ix":4},"o":{"a":0,"k":100,"ix":5},"r":1,"bm":0,"nm":"Fill 1","mn":"ADBE Vector Graphic - Fill","hd":false},{"ty":"tr","p":{"a":0,"k":[0,0],"ix":2},"a":{"a":0,"k":[0,0],"ix":1},"s":{"a":0,"k":[100,100],"ix":3},"r":{"a":0,"k":0,"ix":6},"o":{"a":0,"k":100,"ix":7},"sk":{"a":0,"k":0,"ix":4},"sa":{"a":0,"k":0,"ix":5},"nm":"Transform"}],"nm":"Group 20","np":2,"cix":2,"bm":0,"ix":20,"mn":"ADBE Vector Group","hd":false},{"ty":"gr","it":[{"ind":0,"ty":"sh","ix":1,"ks":{"a":0,"k":{"i":[[0,0],[0,0],[0,0],[0,0],[0,0],[0,0],[0,0],[0,0]],"o":[[0,0],[0,0],[0,0],[0,0],[0,0],[0,0],[0,0],[0,0]],"v":[[-150.36,194.704],[-150.36,164.634],[-156.336,164.634],[-156.336,161.24],[-140.77,161.24],[-140.77,164.634],[-146.747,164.634],[-146.747,194.704]],"c":true},"ix":2},"nm":"Path 1","mn":"ADBE Vector Shape - Group","hd":false},{"ty":"fl","c":{"a":0,"k":[0.839215695858,0.603921592236,0.196078434587,1],"ix":4},"o":{"a":0,"k":100,"ix":5},"r":1,"bm":0,"nm":"Fill 1","mn":"ADBE Vector Graphic - Fill","hd":false},{"ty":"tr","p":{"a":0,"k":[0,0],"ix":2},"a":{"a":0,"k":[0,0],"ix":1},"s":{"a":0,"k":[100,100],"ix":3},"r":{"a":0,"k":0,"ix":6},"o":{"a":0,"k":100,"ix":7},"sk":{"a":0,"k":0,"ix":4},"sa":{"a":0,"k":0,"ix":5},"nm":"Transform"}],"nm":"Group 21","np":2,"cix":2,"bm":0,"ix":21,"mn":"ADBE Vector Group","hd":false},{"ty":"gr","it":[{"ind":0,"ty":"sh","ix":1,"ks":{"a":0,"k":{"i":[[0,0],[0,0],[0,0],[0,0],[0,0],[0,0],[0,0],[0,0],[0,0],[0,0]],"o":[[0,0],[0,0],[0,0],[0,0],[0,0],[0,0],[0,0],[0,0],[0,0],[0,0]],"v":[[-170.836,194.704],[-174.078,194.704],[-174.078,161.24],[-169.492,161.24],[-161.987,185.43],[-161.987,161.24],[-158.791,161.24],[-158.791,194.704],[-162.543,194.704],[-170.836,167.646]],"c":true},"ix":2},"nm":"Path 1","mn":"ADBE Vector Shape - Group","hd":false},{"ty":"fl","c":{"a":0,"k":[0.839215695858,0.603921592236,0.196078434587,1],"ix":4},"o":{"a":0,"k":100,"ix":5},"r":1,"bm":0,"nm":"Fill 1","mn":"ADBE Vector Graphic - Fill","hd":false},{"ty":"tr","p":{"a":0,"k":[0,0],"ix":2},"a":{"a":0,"k":[0,0],"ix":1},"s":{"a":0,"k":[100,100],"ix":3},"r":{"a":0,"k":0,"ix":6},"o":{"a":0,"k":100,"ix":7},"sk":{"a":0,"k":0,"ix":4},"sa":{"a":0,"k":0,"ix":5},"nm":"Transform"}],"nm":"Group 22","np":2,"cix":2,"bm":0,"ix":22,"mn":"ADBE Vector Group","hd":false},{"ty":"gr","it":[{"ind":0,"ty":"sh","ix":1,"ks":{"a":0,"k":{"i":[[0,0],[0,0],[0,0],[0,0],[0,0],[0,0],[0,0],[0,0],[0,0],[0,0],[0,0],[0,0]],"o":[[0,0],[0,0],[0,0],[0,0],[0,0],[0,0],[0,0],[0,0],[0,0],[0,0],[0,0],[0,0]],"v":[[-179.173,176.059],[-179.173,179.406],[-187.095,179.406],[-187.095,191.309],[-177.366,191.309],[-177.366,194.704],[-190.708,194.704],[-190.708,161.24],[-177.366,161.24],[-177.366,164.633],[-187.095,164.633],[-187.095,176.059]],"c":true},"ix":2},"nm":"Path 1","mn":"ADBE Vector Shape - Group","hd":false},{"ty":"fl","c":{"a":0,"k":[0.839215695858,0.603921592236,0.196078434587,1],"ix":4},"o":{"a":0,"k":100,"ix":5},"r":1,"bm":0,"nm":"Fill 1","mn":"ADBE Vector Graphic - Fill","hd":false},{"ty":"tr","p":{"a":0,"k":[0,0],"ix":2},"a":{"a":0,"k":[0,0],"ix":1},"s":{"a":0,"k":[100,100],"ix":3},"r":{"a":0,"k":0,"ix":6},"o":{"a":0,"k":100,"ix":7},"sk":{"a":0,"k":0,"ix":4},"sa":{"a":0,"k":0,"ix":5},"nm":"Transform"}],"nm":"Group 23","np":2,"cix":2,"bm":0,"ix":23,"mn":"ADBE Vector Group","hd":false},{"ty":"gr","it":[{"ind":0,"ty":"sh","ix":1,"ks":{"a":0,"k":{"i":[[0,0],[0,0],[0,0],[0,0],[2.641,0],[0,-3.012],[0,0],[-2.594,0],[0,3.012],[0,0],[0,0],[0,0],[0,0],[0,0],[5.003,0],[0,5.067],[0,0],[-4.957,0],[0,-5.067]],"o":[[0,0],[0,0],[0,0],[0,-3.012],[-2.594,0],[0,0],[0,3.012],[2.641,0],[0,0],[0,0],[0,0],[0,0],[0,0],[0,5.067],[-4.957,0],[0,0],[0,-5.067],[5.003,0],[0,0]],"v":[[-194.136,169.319],[-194.136,172.187],[-197.564,172.187],[-197.564,169.128],[-201.363,164.299],[-205.161,169.128],[-205.161,186.816],[-201.363,191.644],[-197.564,186.816],[-197.564,180.123],[-200.9,180.123],[-200.9,176.777],[-194.136,176.777],[-194.136,186.625],[-201.455,195.039],[-208.729,186.625],[-208.729,169.319],[-201.455,160.905],[-194.136,169.319]],"c":false},"ix":2},"nm":"Path 1","mn":"ADBE Vector Shape - Group","hd":false},{"ty":"fl","c":{"a":0,"k":[0.839215695858,0.603921592236,0.196078434587,1],"ix":4},"o":{"a":0,"k":100,"ix":5},"r":1,"bm":0,"nm":"Fill 1","mn":"ADBE Vector Graphic - Fill","hd":false},{"ty":"tr","p":{"a":0,"k":[0,0],"ix":2},"a":{"a":0,"k":[0,0],"ix":1},"s":{"a":0,"k":[100,100],"ix":3},"r":{"a":0,"k":0,"ix":6},"o":{"a":0,"k":100,"ix":7},"sk":{"a":0,"k":0,"ix":4},"sa":{"a":0,"k":0,"ix":5},"nm":"Transform"}],"nm":"Group 24","np":2,"cix":2,"bm":0,"ix":24,"mn":"ADBE Vector Group","hd":false}],"ip":0,"op":2278,"st":0,"bm":0},{"ddd":0,"ind":4,"ty":4,"nm":"Shape Layer 2","td":1,"sr":1,"ks":{"o":{"a":0,"k":100,"ix":11},"r":{"a":0,"k":0,"ix":10},"p":{"a":0,"k":[495.5,497.5,0],"ix":2,"l":2},"a":{"a":0,"k":[0,0,0],"ix":1,"l":2},"s":{"a":0,"k":[100,100,100],"ix":6,"l":2}},"ao":0,"shapes":[{"ty":"gr","it":[{"ind":0,"ty":"sh","ix":1,"ks":{"a":1,"k":[{"i":{"x":0.667,"y":1},"o":{"x":0.333,"y":0},"t":28.817,"s":[{"i":[[-4.5,-8],[2.099,1.329],[1.684,0.671],[1.636,-0.476],[0.32,-8.491],[-20,-26],[-15,-19],[-11,-14],[0,-4],[0,0],[8.5,12],[5.5,4],[0,4],[-34,19],[0,0],[0,0],[21.37,-0.562],[11.25,4.25],[1.382,2.567],[-4.25,12.75],[-1.5,0],[0,0]],"o":[[1.256,2.232],[-1.234,-0.781],[-1.719,-0.685],[-2.812,0.818],[-1,26.5],[20,26],[15,19],[11,14],[0,4],[0,0],[-8.5,-12],[-5.5,-4],[0,-4],[34,-19],[0,0],[0,0],[-9.5,0.25],[-5.256,-1.985],[-1.75,-3.25],[3.054,-9.161],[1.5,0],[0,0]],"v":[[-26.5,165.5],[-28.412,165.633],[-32.92,163.206],[-38.093,162.629],[-43.5,175.25],[22.5,248.5],[92,301],[7,171],[25.5,157.5],[41.5,160.5],[142,269.5],[107,238],[85.5,212.5],[112,163],[139.5,141.5],[132,135.5],[111.25,139],[90.25,137.75],[64.5,141.75],[32,132.5],[26,129],[12.25,155.25]],"c":true}]},{"i":{"x":0.667,"y":1},"o":{"x":0.333,"y":0},"t":37,"s":[{"i":[[-4.5,-8],[2.099,1.329],[1.684,0.671],[1.636,-0.476],[0.32,-8.491],[-20,-26],[-15,-19],[-11,-14],[0,-4],[0,0],[8.5,12],[5.5,4],[0,4],[-34,19],[0,0],[0,0],[21.37,-0.562],[11.25,4.25],[1.382,2.567],[-4.25,12.75],[-1.5,0],[0,0]],"o":[[1.256,2.232],[-1.234,-0.781],[-1.719,-0.685],[-2.812,0.818],[-1,26.5],[20,26],[15,19],[11,14],[0,4],[0,0],[-8.5,-12],[-5.5,-4],[0,-4],[34,-19],[0,0],[0,0],[-9.5,0.25],[-5.256,-1.985],[-1.75,-3.25],[3.054,-9.161],[1.5,0],[0,0]],"v":[[-26.5,165.5],[-28.412,165.633],[-32.92,163.206],[-38.093,162.629],[-43.5,175.25],[22.5,248.5],[92,301],[7,171],[25.5,157.5],[41.5,160.5],[142,269.5],[107,238],[85.5,212.5],[112,163],[139.5,141.5],[132,135.5],[111.25,139],[90.25,137.75],[64.5,141.75],[32,132.5],[15.5,87],[-11.75,112.75]],"c":true}]},{"i":{"x":0.833,"y":0.833},"o":{"x":0.333,"y":0},"t":47,"s":[{"i":[[-4.5,-8],[1.117,-7.039],[0.545,-5.303],[-0.285,-6.243],[-5.923,-11.612],[-20,-26],[-15,-19],[-11,-14],[0,-4],[0,0],[8.5,12],[5.5,4],[0,4],[-34,19],[0,0],[0,0],[21.37,-0.562],[11.25,4.25],[1.382,2.567],[-4.25,12.75],[-1.5,0],[0,0]],"o":[[1.256,2.232],[-0.656,4.137],[-0.557,5.414],[0.49,10.73],[12.046,23.623],[20,26],[15,19],[11,14],[0,4],[0,0],[-8.5,-12],[-5.5,-4],[0,-4],[34,-19],[0,0],[0,0],[-9.5,0.25],[-5.256,-1.985],[-1.75,-3.25],[3.054,-9.161],[1.5,0],[0,0]],"v":[[-80.463,104.043],[-81.102,118.401],[-83.077,132.652],[-83.667,150.235],[-74.978,184.244],[22.5,248.5],[92,301],[7,171],[25.5,157.5],[41.5,160.5],[142,269.5],[107,238],[85.5,212.5],[112,163],[139.5,141.5],[132,135.5],[111.25,139],[90.25,137.75],[64.5,141.75],[11.015,83.534],[-5.485,38.034],[-50.718,68.801]],"c":true}]},{"i":{"x":0.667,"y":1},"o":{"x":0.167,"y":0.167},"t":52,"s":[{"i":[[-3.806,-2.25],[6.877,-3.281],[2.872,-6.51],[0.494,-5.224],[-5.003,-11.737],[-20,-26],[-15,-19],[-11,-14],[0,-4],[0,0],[2.073,8.345],[5.5,4],[0,4],[-34,19],[0,0],[0,0],[21.37,-0.562],[11.25,4.25],[1.382,2.567],[-4.25,12.75],[-1.096,0.377],[0,0]],"o":[[-0.73,0.837],[-4.042,1.928],[-1.361,3.085],[-0.849,8.979],[2.392,4.893],[20,26],[15,19],[11,14],[0,4],[0,0],[-2.691,-8.436],[-5.5,-4],[0,-4],[34,-19],[0,0],[0,0],[-9.5,0.25],[-5.256,-1.985],[-1.75,-3.25],[3.054,-9.161],[-0.012,-16.382],[0,0]],"v":[[-71.173,3.926],[-85.585,6.696],[-96.565,18.662],[-99.553,31.348],[-94.363,63.547],[22.5,248.5],[92,301],[7,171],[25.5,157.5],[41.5,160.5],[131.919,255.638],[112.545,228.171],[90.037,203.931],[102.675,159.22],[126.646,137.972],[117.382,127.687],[95.372,132.195],[72.104,122.628],[52.15,120.327],[7.474,64.1],[-23.345,40.224],[-59.301,6.328]],"c":true}]},{"i":{"x":0.833,"y":0.833},"o":{"x":0.333,"y":0},"t":54,"s":[{"i":[[-3.635,-0.828],[7.372,0.405],[4.469,-1.837],[1.88,-5.653],[-8.329,-20.101],[-20,-26],[-15,-19],[-11,-14],[0,-4],[0,0],[0.484,7.442],[5.5,4],[0,4],[-34,19],[0,0],[0,0],[21.37,-0.562],[11.25,4.25],[1.382,2.567],[-4.25,12.75],[-0.996,0.47],[0,0]],"o":[[-0.974,0.209],[-4.333,-0.238],[-4.563,1.875],[-3.232,9.717],[0.005,0.261],[20,26],[15,19],[11,14],[0,4],[0,0],[-1.254,-7.555],[-5.5,-4],[0,-4],[34,-19],[0,0],[0,0],[-9.5,0.25],[-5.256,-1.985],[-1.75,-3.25],[3.054,-9.161],[-0.386,-20.433],[0,0]],"v":[[-65.865,-11.172],[-80.274,-13.551],[-93.861,-11.576],[-103.751,-0.235],[-97.255,44.739],[22.5,248.5],[92,301],[7,171],[25.5,157.5],[41.5,160.5],[129.426,252.21],[113.916,225.74],[91.158,201.812],[100.369,158.285],[123.468,137.099],[113.767,125.755],[91.446,130.512],[67.616,118.889],[49.097,115.03],[6.599,59.295],[-27.761,40.765],[-62.671,-3.818]],"c":true}]},{"i":{"x":0.833,"y":1},"o":{"x":0.167,"y":0.167},"t":62,"s":[{"i":[[-2.009,-1.835],[13.943,-9.18],[2.071,-2.266],[0,0],[-9.803,-23.343],[-20,-26],[-15,-19],[-11,-14],[0,-4],[0,0],[-0.672,6.784],[5.5,4],[0,4],[-34,19],[0,0],[0,0],[21.37,-0.562],[11.25,4.25],[1.382,2.567],[-4.25,12.75],[-0.923,0.538],[0,0]],"o":[[-1.041,0.415],[-8.196,5.396],[-5.593,6.122],[0,0],[-0.715,-1.865],[20,26],[15,19],[11,14],[0,4],[0,0],[-0.209,-6.914],[-5.5,-4],[0,-4],[34,-19],[0,0],[0,0],[-9.5,0.25],[-5.256,-1.985],[-1.75,-3.25],[3.054,-9.161],[-0.658,-23.381],[0,0]],"v":[[-42.489,-48.761],[-74.611,-28.755],[-91.969,-16.122],[-101.742,-0.043],[-98.449,43.948],[23.25,246.75],[92.75,299.25],[7.75,169.25],[26.25,155.75],[42.25,158.75],[128.362,247.966],[115.664,222.221],[92.725,198.52],[99.441,155.854],[121.905,134.714],[111.887,122.599],[89.339,127.538],[65.101,114.418],[47.624,109.425],[6.714,54.053],[-24.976,34.797],[-41.72,-18.002]],"c":true}]},{"i":{"x":0.833,"y":1},"o":{"x":0.167,"y":0},"t":73,"s":[{"i":[[-2.009,-1.835],[26.278,-14.613],[2.071,-2.266],[0,0],[-9.803,-23.343],[-20,-26],[-15,-19],[-11,-14],[0,-4],[0,0],[-0.672,6.784],[5.5,4],[0,4],[-34,19],[0,0],[0,0],[21.37,-0.562],[11.25,4.25],[1.382,2.567],[-4.25,12.75],[-0.923,0.538],[0,0]],"o":[[-1.041,0.415],[-15.445,8.589],[-5.593,6.122],[0,0],[-0.715,-1.865],[20,26],[15,19],[11,14],[0,4],[0,0],[-0.209,-6.914],[-5.5,-4],[0,-4],[34,-19],[0,0],[0,0],[-9.5,0.25],[-5.256,-1.985],[-1.75,-3.25],[3.054,-9.161],[-0.658,-23.381],[0,0]],"v":[[-0.489,-67.261],[-61.606,-34.484],[-91.969,-16.122],[-101.742,-0.043],[-98.449,43.948],[23.25,246.75],[92.75,299.25],[7.75,169.25],[26.25,155.75],[42.25,158.75],[128.362,247.966],[115.664,222.221],[92.725,198.52],[99.441,155.854],[121.905,134.714],[111.887,122.599],[89.339,127.538],[65.101,114.418],[47.624,109.425],[6.714,54.053],[-24.976,34.797],[-8.22,-20.502]],"c":true}]},{"i":{"x":0.833,"y":0.833},"o":{"x":0.167,"y":0},"t":78,"s":[{"i":[[-2.009,-1.835],[63.404,20.667],[2.242,-2.454],[0,0],[-22.551,-16.448],[-20,-26],[-15,-19],[-11,-14],[0,-4],[0,0],[-0.672,6.784],[5.5,4],[0,4],[-34,19],[0,0],[0,0],[21.37,-0.562],[11.25,4.25],[1.382,2.567],[-4.25,12.75],[-0.923,0.538],[0,0]],"o":[[-0.99,0.395],[-28.141,-9.173],[-5.593,6.122],[0,0],[-0.715,-1.866],[20,26],[15,19],[11,14],[0,4],[0,0],[-0.209,-6.914],[-5.5,-4],[0,-4],[34,-19],[0,0],[0,0],[-9.5,0.25],[-5.256,-1.985],[-1.75,-3.25],[3.054,-9.161],[-0.658,-23.381],[0,0]],"v":[[-0.489,-67.261],[-125.404,-46.167],[-137.469,-16.622],[-150.242,-4.543],[-110.949,48.448],[23.25,246.75],[92.75,299.25],[7.75,169.25],[26.25,155.75],[42.25,158.75],[128.362,247.966],[115.663,222.221],[92.725,198.52],[99.441,155.854],[121.905,134.714],[111.887,122.599],[89.338,127.538],[65.101,114.418],[47.624,109.425],[6.714,54.053],[-24.976,34.797],[-8.22,-20.502]],"c":true}]},{"i":{"x":0.833,"y":0.833},"o":{"x":0.167,"y":0.167},"t":80,"s":[{"i":[[-2.009,-1.835],[9.31,14.51],[2.658,-1.786],[0,0],[-22.551,-16.448],[-20,-26],[-15,-19],[-11,-14],[0,-4],[0,0],[-0.672,6.784],[5.5,4],[0,4],[-34,19],[0,0],[0,0],[21.37,-0.562],[11.25,4.25],[1.382,2.567],[-4.25,12.75],[-0.923,0.538],[0,0]],"o":[[-0.99,0.395],[-19.19,-4.99],[-13.878,6.559],[0,0],[-0.715,-1.866],[20,26],[15,19],[11,14],[0,4],[0,0],[-0.209,-6.914],[-5.5,-4],[0,-4],[34,-19],[0,0],[0,0],[-9.5,0.25],[-5.256,-1.985],[-1.75,-3.25],[3.054,-9.161],[-0.658,-23.381],[0,0]],"v":[[-0.489,-67.261],[-124.81,-54.01],[-147.094,-31.716],[-153.523,-1.699],[-110.949,48.448],[23.25,246.75],[92.75,299.25],[7.75,169.25],[26.25,155.75],[42.25,158.75],[128.362,247.966],[115.664,222.221],[92.725,198.52],[99.441,155.854],[121.905,134.714],[111.887,122.599],[89.338,127.538],[65.101,114.418],[47.624,109.425],[6.714,54.053],[-24.976,34.797],[-8.22,-20.502]],"c":true}]},{"i":{"x":0.833,"y":0.833},"o":{"x":0.167,"y":0.167},"t":82,"s":[{"i":[[-2.009,-1.835],[43.86,0.494],[3.192,-0.927],[0,0],[-22.551,-16.448],[-20,-26],[-15,-19],[-11,-14],[0,-4],[0,0],[-0.672,6.784],[5.5,4],[0,4],[-34,19],[0,0],[0,0],[21.37,-0.562],[11.25,4.25],[1.382,2.567],[-4.25,12.75],[-0.923,0.538],[0,0]],"o":[[-0.99,0.395],[-29.596,-0.333],[-24.531,7.122],[0,0],[-0.715,-1.866],[20,26],[15,19],[11,14],[0,4],[0,0],[-0.209,-6.914],[-5.5,-4],[0,-4],[34,-19],[0,0],[0,0],[-9.5,0.25],[-5.256,-1.985],[-1.75,-3.25],[3.054,-9.161],[-0.658,-23.381],[0,0]],"v":[[-0.489,-67.261],[-98.904,-68.667],[-159.469,-51.122],[-157.742,1.957],[-110.949,48.448],[23.25,246.75],[92.75,299.25],[7.75,169.25],[26.25,155.75],[42.25,158.75],[128.362,247.966],[115.664,222.221],[92.725,198.52],[99.441,155.854],[121.905,134.714],[111.887,122.599],[89.338,127.538],[65.101,114.418],[47.624,109.425],[6.714,54.053],[-24.976,34.797],[-8.22,-20.502]],"c":true}]},{"i":{"x":0.833,"y":1},"o":{"x":0.167,"y":0.167},"t":84,"s":[{"i":[[-2.009,-1.835],[43.86,0.494],[26.719,-1.972],[0,0],[-22.551,-16.448],[-20,-26],[-15,-19],[-11,-14],[0,-4],[0,0],[-0.672,6.784],[5.5,4],[0,4],[-34,19],[0,0],[0,0],[21.37,-0.562],[11.25,4.25],[1.382,2.567],[-4.25,12.75],[-0.923,0.538],[0,0]],"o":[[-0.99,0.395],[-29.596,-0.333],[-59.781,21.028],[0,0],[-0.715,-1.866],[20,26],[15,19],[11,14],[0,4],[0,0],[-0.209,-6.914],[-5.5,-4],[0,-4],[34,-19],[0,0],[0,0],[-9.5,0.25],[-5.256,-1.985],[-1.75,-3.25],[3.054,-9.161],[-0.658,-23.381],[0,0]],"v":[[-0.489,-67.261],[-99.748,-87.792],[-153.219,-98.528],[-168.992,4.207],[-110.949,48.448],[23.25,246.75],[92.75,299.25],[7.75,169.25],[26.25,155.75],[42.25,158.75],[128.362,247.966],[115.664,222.221],[92.725,198.52],[99.441,155.854],[121.905,134.714],[111.887,122.599],[89.338,127.538],[65.101,114.418],[47.624,109.425],[6.714,54.053],[-24.976,34.797],[-8.22,-20.502]],"c":true}]},{"i":{"x":0.833,"y":0.833},"o":{"x":0.167,"y":0},"t":86,"s":[{"i":[[-2.009,-1.835],[43.86,0.494],[2.242,-2.454],[0,0],[-22.551,-16.448],[-20,-26],[-15,-19],[-11,-14],[0,-4],[0,0],[-0.672,6.784],[5.5,4],[0,4],[-34,19],[0,0],[0,0],[21.37,-0.562],[11.25,4.25],[1.382,2.567],[-4.25,12.75],[-0.923,0.538],[0,0]],"o":[[-0.99,0.395],[-29.596,-0.333],[-5.593,6.122],[0,0],[-0.715,-1.866],[20,26],[15,19],[11,14],[0,4],[0,0],[-0.209,-6.914],[-5.5,-4],[0,-4],[34,-19],[0,0],[0,0],[-9.5,0.25],[-5.256,-1.985],[-1.75,-3.25],[3.054,-9.161],[-0.658,-23.381],[0,0]],"v":[[-0.489,-67.261],[-100.404,-102.667],[-192.469,-138.622],[-177.742,5.957],[-110.949,48.448],[23.25,246.75],[92.75,299.25],[7.75,169.25],[26.25,155.75],[42.25,158.75],[128.362,247.966],[115.664,222.221],[92.725,198.52],[99.441,155.855],[121.905,134.714],[111.887,122.599],[89.338,127.538],[65.101,114.418],[47.624,109.425],[6.714,54.053],[-24.976,34.797],[-8.22,-20.502]],"c":true}]},{"i":{"x":0.833,"y":1},"o":{"x":0.167,"y":0.167},"t":92,"s":[{"i":[[-2.009,-1.835],[19.46,6.199],[2.242,-2.454],[0,0],[-22.551,-16.448],[-20,-26],[-15,-19],[-11,-14],[0,-4],[0,0],[-0.672,6.784],[5.5,4],[0,4],[-34,19],[0,0],[0,0],[21.37,-0.562],[11.25,4.25],[1.382,2.567],[-4.25,12.75],[-0.923,0.538],[0,0]],"o":[[-0.99,0.395],[-18.393,-29.611],[-5.593,6.122],[0,0],[-0.715,-1.866],[20,26],[15,19],[11,14],[0,4],[0,0],[-0.209,-6.914],[-5.5,-4],[0,-4],[34,-19],[0,0],[0,0],[-9.5,0.25],[-5.256,-1.985],[-1.75,-3.25],[3.054,-9.161],[-0.658,-23.381],[0,0]],"v":[[-3.63,-71.1],[-64.107,-129.889],[-195.469,-157.622],[-177.742,5.957],[-110.949,48.448],[23.25,246.75],[92.75,299.25],[7.75,169.25],[26.25,155.75],[42.25,158.75],[128.362,247.966],[115.664,222.221],[92.725,198.52],[99.441,155.855],[121.905,134.714],[111.887,122.599],[89.338,127.538],[65.101,114.418],[47.624,109.425],[6.714,54.053],[-24.976,34.797],[-2.635,-17.361]],"c":true}]},{"i":{"x":0.833,"y":1},"o":{"x":0.167,"y":0},"t":95,"s":[{"i":[[-2.009,-1.835],[8.904,8.667],[2.242,-2.454],[0,0],[-22.551,-16.448],[-20,-26],[-15,-19],[-11,-14],[0,-4],[0,0],[-0.672,6.784],[5.5,4],[0,4],[-34,19],[0,0],[0,0],[21.37,-0.562],[11.25,4.25],[1.382,2.567],[-4.25,12.75],[-0.923,0.538],[0,0]],"o":[[-0.99,0.395],[-21.21,-20.644],[-5.593,6.122],[0,0],[-0.715,-1.866],[20,26],[15,19],[11,14],[0,4],[0,0],[-0.209,-6.914],[-5.5,-4],[0,-4],[34,-19],[0,0],[0,0],[-9.5,0.25],[-5.256,-1.985],[-1.75,-3.25],[3.054,-9.161],[-0.658,-23.381],[0,0]],"v":[[-4.989,-72.761],[-48.404,-141.667],[-195.469,-157.622],[-177.742,5.957],[-110.949,48.448],[23.25,246.75],[92.75,299.25],[7.75,169.25],[26.25,155.75],[42.25,158.75],[128.362,247.966],[115.664,222.221],[92.725,198.52],[99.441,155.855],[121.905,134.714],[111.887,122.599],[89.338,127.538],[65.101,114.418],[47.624,109.425],[6.714,54.053],[-24.976,34.797],[-0.22,-16.002]],"c":true}]},{"t":103,"s":[{"i":[[-2.009,-1.835],[7.885,60.932],[2.242,-2.454],[0,0],[-22.551,-16.448],[-20,-26],[-15,-19],[-11,-14],[0,-4],[0,0],[-0.672,6.784],[5.5,4],[0,4],[-34,19],[0,0],[0,0],[21.37,-0.562],[11.25,4.25],[1.382,2.567],[-4.25,12.75],[-0.923,0.538],[0,0]],"o":[[-0.99,0.395],[-7.096,-54.833],[-5.593,6.122],[0,0],[-0.715,-1.866],[20,26],[15,19],[11,14],[0,4],[0,0],[-0.209,-6.914],[-5.5,-4],[0,-4],[34,-19],[0,0],[0,0],[-9.5,0.25],[-5.256,-1.985],[-1.75,-3.25],[3.054,-9.161],[-0.658,-23.381],[0,0]],"v":[[-8.489,-47.761],[-14.904,-118.167],[-195.469,-157.622],[-177.742,5.957],[-110.949,48.448],[23.25,246.75],[92.75,299.25],[7.75,169.25],[26.25,155.75],[42.25,158.75],[128.362,247.966],[115.664,222.221],[92.725,198.52],[99.441,155.854],[121.905,134.714],[111.887,122.599],[89.338,127.538],[65.101,114.418],[47.624,109.425],[6.714,54.053],[-24.976,34.797],[-8.22,-20.502]],"c":true}]}],"ix":2},"nm":"Path 1","mn":"ADBE Vector Shape - Group","hd":false},{"ty":"fl","c":{"a":0,"k":[1,1,1,1],"ix":4},"o":{"a":0,"k":100,"ix":5},"r":1,"bm":0,"nm":"Fill 1","mn":"ADBE Vector Graphic - Fill","hd":false},{"ty":"tr","p":{"a":0,"k":[0,0],"ix":2},"a":{"a":0,"k":[0,0],"ix":1},"s":{"a":0,"k":[100,100],"ix":3},"r":{"a":0,"k":0,"ix":6},"o":{"a":0,"k":100,"ix":7},"sk":{"a":0,"k":0,"ix":4},"sa":{"a":0,"k":0,"ix":5},"nm":"Transform"}],"nm":"Shape 1","np":3,"cix":2,"bm":0,"ix":1,"mn":"ADBE Vector Group","hd":false},{"ty":"gr","it":[{"ind":0,"ty":"sh","ix":1,"ks":{"a":0,"k":{"i":[[14,-13.5],[-44.991,-86.769],[-20,-26],[-15,-19],[-11,-14],[0,-4],[0,0],[-17,-2.5],[5.5,4],[0,4],[-34,19],[0,0],[0,0],[21.37,-0.562],[11.25,4.25],[1.382,2.567],[-4.25,12.75],[0.104,1.496],[0,0]],"o":[[-5.936,5.724],[10.5,20.25],[20,26],[15,19],[11,14],[0,4],[0,0],[14.549,2.139],[-5.5,-4],[0,-4],[34,-19],[0,0],[0,0],[-9.5,0.25],[-5.256,-1.985],[-1.75,-3.25],[3.054,-9.161],[-4.5,-65],[0,0]],"v":[[-55,-41],[-108.5,35.25],[22.5,248.5],[92,301],[7,171],[25.5,157.5],[41.5,160.5],[102,214.5],[129,199],[103.5,178.5],[75,148],[88.5,127.5],[74,104.5],[48.25,112],[18.25,77.75],[15.5,56.75],[-3,6.5],[3,-23],[-75.25,-96.75]],"c":true},"ix":2},"nm":"Path 1","mn":"ADBE Vector Shape - Group","hd":false},{"ty":"tr","p":{"a":0,"k":[0,0],"ix":2},"a":{"a":0,"k":[0,0],"ix":1},"s":{"a":0,"k":[100,100],"ix":3},"r":{"a":0,"k":0,"ix":6},"o":{"a":0,"k":100,"ix":7},"sk":{"a":0,"k":0,"ix":4},"sa":{"a":0,"k":0,"ix":5},"nm":"Transform"}],"nm":"Group 1","np":1,"cix":2,"bm":0,"ix":2,"mn":"ADBE Vector Group","hd":false},{"ty":"gr","it":[{"ind":0,"ty":"sh","ix":1,"ks":{"a":0,"k":{"i":[[7.062,-11.438],[-29.468,-72.543],[-20,-26],[-15,-19],[-11,-14],[0,-4],[0,0],[-7.437,2.938],[5.5,4],[0,4],[-34,19],[0,0],[0,0],[21.37,-0.562],[11.25,4.25],[1.382,2.567],[-4.25,12.75],[-0.498,0.935],[0,0]],"o":[[-2.194,6.273],[11.083,21.514],[20,26],[15,19],[11,14],[0,4],[0,0],[5.906,-3.163],[-5.5,-4],[0,-4],[34,-19],[0,0],[0,0],[-9.5,0.25],[-5.256,-1.985],[-1.75,-3.25],[3.054,-9.161],[-2.25,-40.625],[0,0]],"v":[[-44.562,-55.307],[-94.574,45.807],[22.5,248.5],[92,301],[7,171],[25.5,157.5],[41.5,160.5],[117,235.125],[120.75,213.625],[96.75,191.25],[88.875,153.625],[107.625,132.75],[95.75,116.125],[71.875,122.125],[45.25,100.25],[33.875,88.625],[2.25,35.375],[-13.824,11.875],[-28.5,-41.438]],"c":true},"ix":2},"nm":"Path 1","mn":"ADBE Vector Shape - Group","hd":false},{"ty":"tr","p":{"a":0,"k":[0,0],"ix":2},"a":{"a":0,"k":[0,0],"ix":1},"s":{"a":0,"k":[100,100],"ix":3},"r":{"a":0,"k":0,"ix":6},"o":{"a":0,"k":100,"ix":7},"sk":{"a":0,"k":0,"ix":4},"sa":{"a":0,"k":0,"ix":5},"nm":"Transform"}],"nm":"Group 2","np":1,"cix":2,"bm":0,"ix":3,"mn":"ADBE Vector Group","hd":false}],"ip":0,"op":2278,"st":0,"bm":0},{"ddd":0,"ind":5,"ty":4,"nm":"Layer 4","tt":1,"sr":1,"ks":{"o":{"a":0,"k":100,"ix":11},"r":{"a":0,"k":0,"ix":10},"p":{"a":0,"k":[500,500,0],"ix":2,"l":2},"a":{"a":0,"k":[0,0,0],"ix":1,"l":2},"s":{"a":0,"k":[100,100,100],"ix":6,"l":2}},"ao":0,"shapes":[{"ty":"gr","it":[{"ind":0,"ty":"sh","ix":1,"ks":{"a":0,"k":{"i":[[0,0],[30.667,38.667],[0.296,24.593],[-26.667,16.593],[15.704,45.63],[-36.148,-0.296],[0,0],[53.334,-15.111],[-16,-37.63],[-41.185,-30.222],[-27.325,-42.074]],"o":[[0,0],[-30.667,-38.667],[-0.296,-24.592],[0,0],[-15.703,-45.629],[36.148,0.296],[0,0],[-53.333,15.111],[16,37.63],[41.185,30.222],[0,0]],"v":[[8.424,144.889],[-15.214,80.889],[-72.103,11.259],[-15.214,-50.667],[-127.807,-62.815],[-75.955,-130.963],[-11.362,-113.778],[-116.844,-145.185],[-171.658,-37.037],[-89.881,53.037],[8.424,144.889]],"c":false},"ix":2},"nm":"Path 1","mn":"ADBE Vector Shape - Group","hd":false},{"ty":"fl","c":{"a":0,"k":[0.839215695858,0.603921592236,0.196078434587,1],"ix":4},"o":{"a":0,"k":100,"ix":5},"r":1,"bm":0,"nm":"Fill 1","mn":"ADBE Vector Graphic - Fill","hd":false},{"ty":"tr","p":{"a":0,"k":[0,0],"ix":2},"a":{"a":0,"k":[0,0],"ix":1},"s":{"a":0,"k":[100,100],"ix":3},"r":{"a":0,"k":0,"ix":6},"o":{"a":0,"k":100,"ix":7},"sk":{"a":0,"k":0,"ix":4},"sa":{"a":0,"k":0,"ix":5},"nm":"Transform"}],"nm":"Group 1","np":2,"cix":2,"bm":0,"ix":1,"mn":"ADBE Vector Group","hd":false}],"ip":0,"op":2278,"st":0,"bm":0},{"ddd":0,"ind":6,"ty":4,"nm":"Shape Layer 1","td":1,"sr":1,"ks":{"o":{"a":0,"k":100,"ix":11},"r":{"a":0,"k":0,"ix":10},"p":{"a":0,"k":[500,500,0],"ix":2,"l":2},"a":{"a":0,"k":[0,0,0],"ix":1,"l":2},"s":{"a":0,"k":[100,100,100],"ix":6,"l":2}},"ao":0,"shapes":[{"ty":"gr","it":[{"ind":0,"ty":"sh","ix":1,"ks":{"a":1,"k":[{"i":{"x":0.833,"y":0.892},"o":{"x":0.333,"y":0},"t":30.91,"s":[{"i":[[25,43],[0,0],[0,0],[0,0],[0,0],[0,0],[0,0],[-1,2],[-7,9],[-52.277,-28.515],[10,30]],"o":[[-33.055,-56.854],[0,0],[0,0],[0,0],[0,0],[0,0],[0,0],[1,-2],[7,-9],[11,6],[-10,-30]],"v":[[23,153],[36.5,0.5],[2.5,22],[14.5,35],[14,46],[8,92.5],[15,98.5],[10,144],[10,158],[22,171],[51,130]],"c":true}]},{"i":{"x":0.833,"y":0.892},"o":{"x":0.167,"y":0.108},"t":43.209,"s":[{"i":[[12.112,10.334],[0,0],[0,0],[0,0],[0,0],[0,0],[0,0],[-1,2],[-7,9],[-49.549,-3.2],[-12.238,11.941]],"o":[[-42.408,-23.913],[0,0],[0,0],[0,0],[0,0],[0,0],[0,0],[1,-2],[7,-9],[13.132,-11.508],[2.675,-2.61]],"v":[[98.138,43.166],[45.022,-22.895],[39.743,-2.47],[60.619,0.505],[51.495,22.378],[28.622,71.878],[22.874,89.876],[10,144],[27.998,134.753],[77.118,108.008],[104.988,78.809]],"c":true}]},{"i":{"x":0.667,"y":1},"o":{"x":0.167,"y":0.108},"t":50.896,"s":[{"i":[[13.406,21.088],[0,0],[0,0],[0,0],[0,0],[0,0],[0,0],[-1,2],[-7,9],[-47.635,14.55],[-5.032,21.285]],"o":[[-15.094,-10.662],[0,0],[0,0],[0,0],[0,0],[0,0],[0,0],[1,-2],[7,-9],[32.687,-22.704],[2.468,-12.215]],"v":[[156.844,-41.838],[108.386,-41.745],[82.996,-38.324],[92.957,-23.683],[77.786,5.815],[43.082,57.418],[28.395,83.829],[10,144],[40.617,118.453],[115.766,63.839],[167.032,-0.285]],"c":true}]},{"i":{"x":0.667,"y":1},"o":{"x":0.333,"y":0},"t":53.97,"s":[{"i":[[26.25,21.886],[0,0],[0,0],[0,0],[0,0],[0,0],[0,0],[-1,2],[-7,9],[-47.315,17.518],[-9.204,13.757]],"o":[[-50.063,3.046],[0,0],[0,0],[0,0],[0,0],[0,0],[0,0],[1,-2],[7,-9],[34.182,-24.682],[17.091,-25.545]],"v":[[179,-67.636],[135,-39.864],[126.977,-27.568],[98.364,-27.727],[82.182,3.045],[45.5,55],[29.318,82.818],[10,144],[42.727,115.727],[121.727,48.455],[179.159,11.045]],"c":true}]},{"i":{"x":0.833,"y":0.833},"o":{"x":0.333,"y":0},"t":60.119,"s":[{"i":[[45.357,-4.799],[0,0],[0,0],[0,0],[0,0],[0,0],[0,0],[-1,2],[-7,9],[-45.992,29.793],[10,30]],"o":[[-20.957,5.244],[0,0],[0,0],[0,0],[0,0],[0,0],[0,0],[1,-2],[7,-9],[40.364,-32.864],[-10,-30]],"v":[[148.457,-136.244],[133.621,-97.706],[137.219,-72.944],[120.727,-44.455],[100.364,-8.409],[55.5,45],[33.136,78.636],[10,144],[51.455,104.455],[148.955,25.909],[197.604,-91.766]],"c":true}]},{"i":{"x":0.667,"y":1},"o":{"x":0.167,"y":0.167},"t":64,"s":[{"i":[[46.882,-7.96],[0,0],[0,0],[0,0],[0,0],[0,0],[0,0],[-1,2],[-7,9],[-45.873,30.904],[10,30]],"o":[[-24.225,11.669],[0,0],[0,0],[0,0],[0,0],[0,0],[0,0],[1,-2],[7,-9],[40.923,-33.604],[-10,-30]],"v":[[138.735,-136.174],[117.686,-98.643],[133.256,-78.782],[122.751,-45.968],[102.009,-9.446],[56.405,44.095],[33.482,78.258],[10,144],[52.244,103.435],[151.373,23.145],[196.445,-93.845]],"c":true}]},{"i":{"x":0.667,"y":1},"o":{"x":0.333,"y":0},"t":69.344,"s":[{"i":[[49.35,-13.073],[0,0],[0,0],[0,0],[0,0],[0,0],[0,0],[-1,2],[-7,9],[-45.679,32.701],[10,30]],"o":[[-29.51,22.062],[0,0],[0,0],[0,0],[0,0],[0,0],[0,0],[1,-2],[7,-9],[41.828,-34.801],[-10,-30]],"v":[[123.01,-136.062],[116.123,-96.233],[126.847,-88.225],[126.024,-48.416],[104.67,-11.122],[57.868,42.631],[34.041,77.646],[10,144],[53.522,101.785],[155.285,18.675],[194.571,-97.208]],"c":true}]},{"i":{"x":0.667,"y":1},"o":{"x":0.333,"y":0},"t":78.567,"s":[{"i":[[53.342,-21.347],[0,0],[0,0],[0,0],[0,0],[0,0],[0,0],[-1,2],[-7,9],[-45.366,35.608],[10,30]],"o":[[-18.179,7.687],[0,0],[0,0],[0,0],[0,0],[0,0],[0,0],[1,-2],[7,-9],[43.292,-36.739],[-10,-30]],"v":[[75.679,-149.437],[68.778,-121.51],[74.725,-110.025],[131.321,-52.378],[108.976,-13.835],[60.237,40.263],[34.945,76.655],[10,144],[55.589,99.115],[161.615,11.44],[191.538,-102.651]],"c":true}]},{"t":89.328125,"s":[{"i":[[58,-31],[0,0],[0,0],[0,0],[0,0],[0,0],[0,0],[-1,2],[-7,9],[-45,39],[10,30]],"o":[[-58,31],[0,0],[0,0],[0,0],[0,0],[0,0],[0,0],[1,-2],[7,-9],[45,-39],[-10,-30]],"v":[[56,-142],[-7.5,-56.5],[94.5,-98],[137.5,-57],[114,-17],[63,37.5],[36,75.5],[10,144],[58,96],[169,3],[188,-109]],"c":true}]}],"ix":2},"nm":"Path 1","mn":"ADBE Vector Shape - Group","hd":false},{"ty":"fl","c":{"a":0,"k":[1,1,1,1],"ix":4},"o":{"a":0,"k":100,"ix":5},"r":1,"bm":0,"nm":"Fill 1","mn":"ADBE Vector Graphic - Fill","hd":false},{"ty":"tr","p":{"a":0,"k":[0,0],"ix":2},"a":{"a":0,"k":[0,0],"ix":1},"s":{"a":0,"k":[100,100],"ix":3},"r":{"a":0,"k":0,"ix":6},"o":{"a":0,"k":100,"ix":7},"sk":{"a":0,"k":0,"ix":4},"sa":{"a":0,"k":0,"ix":5},"nm":"Transform"}],"nm":"Shape 1","np":3,"cix":2,"bm":0,"ix":1,"mn":"ADBE Vector Group","hd":false}],"ip":0,"op":2278,"st":0,"bm":0},{"ddd":0,"ind":7,"ty":4,"nm":"Layer 3","tt":1,"sr":1,"ks":{"o":{"a":0,"k":100,"ix":11},"r":{"a":0,"k":0,"ix":10},"p":{"a":0,"k":[500,500,0],"ix":2,"l":2},"a":{"a":0,"k":[0,0,0],"ix":1,"l":2},"s":{"a":0,"k":[100,100,100],"ix":6,"l":2}},"ao":0,"shapes":[{"ty":"gr","it":[{"ind":0,"ty":"sh","ix":1,"ks":{"a":0,"k":{"i":[[0,0],[-38.518,34.371],[-11.851,38.519],[59.851,10.963],[19.259,-57.482],[-36.74,3.852],[9.481,-38.519],[16.593,-17.186],[2.667,-36.444]],"o":[[0,0],[38.519,-34.37],[11.852,-38.518],[-59.852,-10.963],[0,0],[36.741,-3.852],[-9.482,38.518],[-16.593,17.185],[0,0]],"v":[[18.267,137.778],[72.489,74.963],[185.674,-36.148],[130.86,-144],[-4.844,-59.259],[74.563,-106.074],[140.934,-49.481],[63.304,47.408],[18.267,137.778]],"c":false},"ix":2},"nm":"Path 1","mn":"ADBE Vector Shape - Group","hd":false},{"ty":"fl","c":{"a":0,"k":[0.839215695858,0.603921592236,0.196078434587,1],"ix":4},"o":{"a":0,"k":100,"ix":5},"r":1,"bm":0,"nm":"Fill 1","mn":"ADBE Vector Graphic - Fill","hd":false},{"ty":"tr","p":{"a":0,"k":[0,0],"ix":2},"a":{"a":0,"k":[0,0],"ix":1},"s":{"a":0,"k":[100,100],"ix":3},"r":{"a":0,"k":0,"ix":6},"o":{"a":0,"k":100,"ix":7},"sk":{"a":0,"k":0,"ix":4},"sa":{"a":0,"k":0,"ix":5},"nm":"Transform"}],"nm":"Group 1","np":2,"cix":2,"bm":0,"ix":1,"mn":"ADBE Vector Group","hd":false}],"ip":0,"op":2278,"st":0,"bm":0},{"ddd":0,"ind":8,"ty":4,"nm":"Layer 2","sr":1,"ks":{"o":{"a":1,"k":[{"i":{"x":[0.667],"y":[1]},"o":{"x":[0.333],"y":[0]},"t":0,"s":[0]},{"t":10.6279296875,"s":[100]}],"ix":11},"r":{"a":0,"k":0,"ix":10},"p":{"a":1,"k":[{"i":{"x":0.667,"y":1},"o":{"x":0.333,"y":0},"t":0,"s":[207.878,437.815,0],"to":[0,-3.333,0],"ti":[0,3.333,0]},{"i":{"x":0.667,"y":1},"o":{"x":0.333,"y":0},"t":10.628,"s":[207.878,417.815,0],"to":[0,0,0],"ti":[101.833,-303.667,0]},{"i":{"x":0.667,"y":1},"o":{"x":0.333,"y":0},"t":18.6,"s":[207.878,417.815,0],"to":[-101.833,303.667,0],"ti":[199.878,151.315,0]},{"i":{"x":0.667,"y":1},"o":{"x":0.333,"y":0},"t":33.214,"s":[508.878,622.815,0],"to":[-137.026,-103.734,0],"ti":[-31.997,19.996,0]},{"i":{"x":0.667,"y":0.46},"o":{"x":0.333,"y":0},"t":67.125,"s":[467.907,456.255,0],"to":[17.14,-10.711,0],"ti":[31.152,-10.624,0]},{"i":{"x":0.667,"y":1},"o":{"x":0.333,"y":0.451},"t":73,"s":[421.489,483.181,0],"to":[-31.152,10.624,0],"ti":[3.098,29.931,0]},{"i":{"x":0.667,"y":0.714},"o":{"x":0.333,"y":0},"t":79.583,"s":[348.342,463.642,0],"to":[-0.627,-6.056,0],"ti":[-0.214,4.642,0]},{"i":{"x":0.667,"y":0.87},"o":{"x":0.333,"y":0.184},"t":85,"s":[349.532,410.718,0],"to":[0.823,-17.833,0],"ti":[-13.592,2.957,0]},{"i":{"x":0.667,"y":0.852},"o":{"x":0.333,"y":0.194},"t":89,"s":[387.26,366.729,0],"to":[23.344,-5.079,0],"ti":[-11.909,-2.454,0]},{"i":{"x":0.667,"y":0.673},"o":{"x":0.333,"y":0.266},"t":93,"s":[427.041,359.928,0],"to":[11.042,2.275,0],"ti":[6.864,-12.542,0]},{"i":{"x":0.667,"y":1},"o":{"x":0.333,"y":0.196},"t":102,"s":[469.058,379.018,0],"to":[-4.35,7.949,0],"ti":[0,0,0]},{"t":109,"s":[415.878,417.815,0]}],"ix":2,"l":2},"a":{"a":0,"k":[-84.122,-82.185,0],"ix":1,"l":2},"s":{"a":1,"k":[{"i":{"x":[0.667,0.667,0.667],"y":[1,1,1]},"o":{"x":[0.333,0.333,0.333],"y":[0,0,0]},"t":46,"s":[100,100,100]},{"i":{"x":[0.667,0.667,0.667],"y":[-0.233,-0.233,8.587]},"o":{"x":[0.333,0.333,0.333],"y":[0,0,0]},"t":54,"s":[144,144,100]},{"i":{"x":[0.667,0.667,0.667],"y":[1,1,1]},"o":{"x":[0.333,0.333,0.333],"y":[0.325,0.325,-8.386]},"t":73,"s":[135.53,135.53,100]},{"t":94,"s":[100,100,100]}],"ix":6,"l":2}},"ao":0,"shapes":[{"ty":"gr","it":[{"ind":0,"ty":"sh","ix":1,"ks":{"a":0,"k":{"i":[[0,0],[13.746,0],[0,13.746],[-13.746,0],[0,-13.746]],"o":[[0,13.746],[-13.746,0],[0,-13.746],[13.746,0],[0,0]],"v":[[-59.233,-82.185],[-84.122,-57.296],[-109.011,-82.185],[-84.122,-107.074],[-59.233,-82.185]],"c":false},"ix":2},"nm":"Path 1","mn":"ADBE Vector Shape - Group","hd":false},{"ty":"fl","c":{"a":0,"k":[0.839215695858,0.603921592236,0.196078434587,1],"ix":4},"o":{"a":0,"k":100,"ix":5},"r":1,"bm":0,"nm":"Fill 1","mn":"ADBE Vector Graphic - Fill","hd":false},{"ty":"tr","p":{"a":0,"k":[0,0],"ix":2},"a":{"a":0,"k":[0,0],"ix":1},"s":{"a":0,"k":[100,100],"ix":3},"r":{"a":0,"k":0,"ix":6},"o":{"a":0,"k":100,"ix":7},"sk":{"a":0,"k":0,"ix":4},"sa":{"a":0,"k":0,"ix":5},"nm":"Transform"}],"nm":"Group 1","np":2,"cix":2,"bm":0,"ix":1,"mn":"ADBE Vector Group","hd":false}],"ip":0,"op":2278,"st":0,"bm":0},{"ddd":0,"ind":9,"ty":4,"nm":"Layer 1","sr":1,"ks":{"o":{"a":1,"k":[{"i":{"x":[0.667],"y":[1]},"o":{"x":[0.333],"y":[0]},"t":0,"s":[0]},{"t":8,"s":[100]}],"ix":11},"r":{"a":0,"k":0,"ix":10},"p":{"a":1,"k":[{"i":{"x":0.667,"y":1},"o":{"x":0.333,"y":0},"t":0,"s":[818.045,426.889,0],"to":[0,-3.333,0],"ti":[0,3.333,0]},{"i":{"x":0.667,"y":0.667},"o":{"x":0.333,"y":0.333},"t":8,"s":[818.045,406.889,0],"to":[0,0,0],"ti":[0,0,0]},{"i":{"x":0.667,"y":0.739},"o":{"x":0.333,"y":0},"t":14,"s":[818.045,406.889,0],"to":[-20.713,15.288,0],"ti":[108.173,-108.363,0]},{"i":{"x":0.667,"y":1},"o":{"x":0.333,"y":0.424},"t":21.687,"s":[518.632,402.358,0],"to":[-108.173,108.363,0],"ti":[-0.716,0.659,0]},{"i":{"x":0.667,"y":1},"o":{"x":0.333,"y":0},"t":30.91,"s":[504.045,613.889,0],"to":[0.716,-0.659,0],"ti":[106.019,55.112,0]},{"i":{"x":0.667,"y":0.351},"o":{"x":0.333,"y":0},"t":64,"s":[634.637,378.783,0],"to":[-85.371,-44.378,0],"ti":[-0.269,0.322,0]},{"i":{"x":0.98,"y":0},"o":{"x":0.015,"y":1},"t":86.098,"s":[507.392,426.425,0],"to":[0.388,-0.464,0],"ti":[-0.388,0.714,0]},{"i":{"x":0,"y":1},"o":{"x":0.389,"y":0},"t":90.132,"s":[507.33,426.237,0],"to":[0.388,-0.714,0],"ti":[-86.402,10.32,0]},{"t":113,"s":[576.045,316.889,0]}],"ix":2,"l":2},"a":{"a":0,"k":[76.045,-183.111,0],"ix":1,"l":2},"s":{"a":1,"k":[{"i":{"x":[0.667,0.667,0.667],"y":[1,1,1]},"o":{"x":[0.333,0.333,0.333],"y":[0,0,0]},"t":0,"s":[0,0,100]},{"i":{"x":[0.667,0.667,0.667],"y":[1,1,1]},"o":{"x":[0.333,0.333,0.333],"y":[0,0,0]},"t":6,"s":[120,120,100]},{"t":8,"s":[100,100,100]}],"ix":6,"l":2}},"ao":0,"shapes":[{"ty":"gr","it":[{"ind":0,"ty":"sh","ix":1,"ks":{"a":0,"k":{"i":[[0,0],[16.037,0],[0,16.037],[-16.037,0],[0,-16.037]],"o":[[0,16.037],[-16.037,0],[0,-16.037],[16.037,0],[0,0]],"v":[[105.082,-183.111],[76.045,-154.074],[47.008,-183.111],[76.045,-212.148],[105.082,-183.111]],"c":false},"ix":2},"nm":"Path 1","mn":"ADBE Vector Shape - Group","hd":false},{"ty":"fl","c":{"a":0,"k":[0.839215695858,0.603921592236,0.196078434587,1],"ix":4},"o":{"a":0,"k":100,"ix":5},"r":1,"bm":0,"nm":"Fill 1","mn":"ADBE Vector Graphic - Fill","hd":false},{"ty":"tr","p":{"a":0,"k":[0,0],"ix":2},"a":{"a":0,"k":[0,0],"ix":1},"s":{"a":0,"k":[100,100],"ix":3},"r":{"a":0,"k":0,"ix":6},"o":{"a":0,"k":100,"ix":7},"sk":{"a":0,"k":0,"ix":4},"sa":{"a":0,"k":0,"ix":5},"nm":"Transform"}],"nm":"Group 1","np":2,"cix":2,"bm":0,"ix":1,"mn":"ADBE Vector Group","hd":false}],"ip":0,"op":2278,"st":0,"bm":0}],"markers":[]}