{"v":"5.9.0","fr":29.9700012207031,"ip":0,"op":90.0000036657751,"w":1000,"h":1000,"nm":"GR Logo","ddd":0,"assets":[{"id":"comp_0","nm":"Pre-comp 2","fr":29.9700012207031,"layers":[{"ddd":0,"ind":1,"ty":4,"nm":"Layer 1","sr":1,"ks":{"o":{"a":0,"k":100,"ix":11},"r":{"a":0,"k":0,"ix":10},"p":{"a":1,"k":[{"i":{"x":0.667,"y":1},"o":{"x":0.507,"y":0},"t":0,"s":[204.125,515.796,0],"to":[45.833,0,0],"ti":[-45.833,0,0]},{"t":15.0000006109625,"s":[479.125,515.796,0]}],"ix":2,"l":2},"a":{"a":0,"k":[0,0,0],"ix":1,"l":2},"s":{"a":0,"k":[100,100,100],"ix":6,"l":2}},"ao":0,"shapes":[{"ty":"gr","it":[{"ind":0,"ty":"sh","ix":1,"ks":{"a":0,"k":{"i":[[1.929,-3.521],[3.281,-1.882],[3.763,0],[3.232,1.929],[1.979,3.618],[0,4.825],[-1.979,3.523],[-3.184,1.834],[-3.763,0],[-3.281,-1.882],[-1.931,-3.521],[0,-4.92]],"o":[[-1.931,3.523],[-3.281,1.882],[-3.668,0],[-3.233,-1.931],[-1.979,-3.618],[0,-4.825],[1.979,-3.521],[3.186,-1.832],[3.763,0],[3.281,1.882],[1.929,3.523],[0,4.921]],"v":[[18.456,-6.441],[10.639,1.665],[0.073,4.488],[-10.276,1.594],[-18.093,-6.729],[-21.06,-19.395],[-18.093,-31.916],[-10.35,-39.949],[0.073,-42.698],[10.639,-39.875],[18.456,-31.771],[21.35,-19.105]],"c":true},"ix":2},"nm":"Path 1","mn":"ADBE Vector Shape - Group","hd":false},{"ind":1,"ty":"sh","ix":2,"ks":{"a":0,"k":{"i":[[0,0],[0,0],[4.536,2.364],[5.983,0],[5.548,-3.378],[3.233,-6.272],[0,-8.106],[-3.232,-6.322],[-5.598,-3.473],[-6.755,0],[-4.583,2.509],[-2.606,3.763],[0,0],[3.666,-3.521],[5.885,0],[3.523,2.171],[1.06,3.666],[0,0],[-7.285,-5.308],[-11.386,0],[-5.983,3.426],[-2.991,5.838],[0,7.43],[0,0]],"o":[[0,0],[-2.606,-3.763],[-4.535,-2.364],[-6.85,0],[-5.548,3.377],[-3.232,6.273],[0,8.202],[3.233,6.32],[5.596,3.474],[5.887,0],[4.585,-2.509],[0,0],[0,7.14],[-3.666,3.523],[-5.018,0],[-3.522,-2.17],[0,0],[0.967,9.167],[7.287,5.308],[8.492,0],[5.982,-3.426],[2.991,-5.838],[0,0],[0,0]],"v":[[21.35,-59.199],[21.35,-47.764],[10.639,-56.955],[-5.139,-60.503],[-23.738,-55.435],[-36.91,-40.961],[-41.759,-19.395],[-36.91,2.39],[-23.664,17.08],[-5.139,22.291],[10.566,18.527],[21.35,9.119],[21.35,21.568],[15.85,37.561],[1.52,42.845],[-11.29,39.588],[-18.164,30.832],[-38.286,30.832],[-25.909,52.543],[2.098,60.503],[23.811,55.366],[37.271,41.469],[41.759,21.568],[41.759,-59.199]],"c":true},"ix":2},"nm":"Path 2","mn":"ADBE Vector Shape - Group","hd":false},{"ty":"fl","c":{"a":0,"k":[0.333333343267,0.713725507259,0.854901969433,1],"ix":4},"o":{"a":0,"k":100,"ix":5},"r":1,"bm":0,"nm":"Fill 1","mn":"ADBE Vector Graphic - Fill","hd":false},{"ty":"tr","p":{"a":0,"k":[0,0],"ix":2},"a":{"a":0,"k":[0,0],"ix":1},"s":{"a":0,"k":[100,100],"ix":3},"r":{"a":0,"k":0,"ix":6},"o":{"a":0,"k":100,"ix":7},"sk":{"a":0,"k":0,"ix":4},"sa":{"a":0,"k":0,"ix":5},"nm":"Transform"}],"nm":"Group 1","np":3,"cix":2,"bm":0,"ix":1,"mn":"ADBE Vector Group","hd":false}],"ip":0,"op":1350.00005498663,"st":0,"bm":0},{"ddd":0,"ind":2,"ty":4,"nm":"Layer 9","sr":1,"ks":{"o":{"a":0,"k":100,"ix":11},"r":{"a":0,"k":0,"ix":10},"p":{"a":1,"k":[{"i":{"x":0.667,"y":1},"o":{"x":0.486,"y":0},"t":0,"s":[813.565,496.111,0],"to":[-48.375,0,0],"ti":[48.375,0,0]},{"t":21.0000008553475,"s":[523.315,496.111,0]}],"ix":2,"l":2},"a":{"a":0,"k":[0,0,0],"ix":1,"l":2},"s":{"a":0,"k":[100,100,100],"ix":6,"l":2}},"ao":0,"shapes":[{"ty":"gr","it":[{"ind":0,"ty":"sh","ix":1,"ks":{"a":0,"k":{"i":[[0,0],[-4.196,2.414],[-5.403,0],[0,0],[0,0],[3.233,-2.991],[0,-7.43],[0,0],[0,0],[0,0],[0,0],[0,0]],"o":[[2.606,-4.246],[4.198,-2.412],[0,0],[0,0],[-6.37,0],[-3.231,2.991],[0,0],[0,0],[0,0],[0,0],[0,0],[0,0]],"v":[[-2.173,-27.066],[8.032,-37.055],[22.435,-40.673],[22.435,-19.395],[17.079,-19.395],[2.677,-14.909],[-2.173,0.725],[-2.173,40.673],[-22.435,40.673],[-22.435,-39.514],[-2.173,-39.514],[-2.173,-27.066]],"c":true},"ix":2},"nm":"Path 1","mn":"ADBE Vector Shape - Group","hd":false},{"ty":"fl","c":{"a":0,"k":[0.321568638086,0.423529416323,0.611764729023,1],"ix":4},"o":{"a":0,"k":100,"ix":5},"r":1,"bm":0,"nm":"Fill 1","mn":"ADBE Vector Graphic - Fill","hd":false},{"ty":"tr","p":{"a":0,"k":[0,0],"ix":2},"a":{"a":0,"k":[0,0],"ix":1},"s":{"a":0,"k":[100,100],"ix":3},"r":{"a":0,"k":0,"ix":6},"o":{"a":0,"k":100,"ix":7},"sk":{"a":0,"k":0,"ix":4},"sa":{"a":0,"k":0,"ix":5},"nm":"Transform"}],"nm":"Group 1","np":2,"cix":2,"bm":0,"ix":1,"mn":"ADBE Vector Group","hd":false}],"ip":0,"op":1350.00005498663,"st":0,"bm":0}]},{"id":"comp_1","nm":"Pre-comp 1","fr":29.9700012207031,"layers":[{"ddd":0,"ind":1,"ty":4,"nm":"Layer 8","sr":1,"ks":{"o":{"a":1,"k":[{"i":{"x":[0.667],"y":[1]},"o":{"x":[0.333],"y":[0]},"t":0,"s":[100]},{"i":{"x":[0.667],"y":[1]},"o":{"x":[0.333],"y":[0]},"t":11,"s":[100]},{"t":15.0000006109625,"s":[0]}],"ix":11},"r":{"a":0,"k":0,"ix":10},"p":{"a":1,"k":[{"i":{"x":0.667,"y":1},"o":{"x":0.333,"y":0},"t":0,"s":[736.489,496.69,0],"to":[-41.333,-0.083,0],"ti":[41.333,0.083,0]},{"t":15.0000006109625,"s":[488.489,496.19,0]}],"ix":2,"l":2},"a":{"a":0,"k":[0,0,0],"ix":1,"l":2},"s":{"a":0,"k":[100,100,100],"ix":6,"l":2}},"ao":0,"shapes":[{"ty":"gr","it":[{"ind":0,"ty":"sh","ix":1,"ks":{"a":0,"k":{"i":[[0,0],[-3.426,3.041],[-5.018,0],[-3.666,-3.136],[-0.095,-5.21]],"o":[[0.772,-5.403],[3.426,-3.039],[5.308,0],[3.668,3.136],[0,0]],"v":[[-19.178,-7.526],[-12.882,-20.192],[-0.216,-24.751],[13.243,-20.047],[18.889,-7.526]],"c":true},"ix":2},"nm":"Path 1","mn":"ADBE Vector Shape - Group","hd":false},{"ind":1,"ty":"sh","ix":2,"ks":{"a":0,"k":{"i":[[0,2.894],[3.328,6.03],[6.031,3.281],[7.624,0],[6.08,-3.378],[3.377,-6.272],[0,-8.299],[-3.426,-6.273],[-6.127,-3.426],[-7.72,0],[-6.562,4.968],[-2.317,7.72],[0,0],[7.527,0],[3.571,3.281],[0.482,5.788],[0,0]],"o":[[0,-7.817],[-3.329,-6.032],[-6.032,-3.281],[-7.912,0],[-6.08,3.377],[-3.378,6.273],[0,8.202],[3.426,6.272],[6.128,3.424],[9.553,0],[6.562,-4.97],[0,0],[-3.184,6.465],[-5.21,0],[-3.571,-3.281],[0,0],[0.387,-2.316]],"v":[[39.877,-1.735],[34.883,-22.506],[20.844,-36.474],[0.361,-41.397],[-20.626,-36.329],[-34.81,-21.855],[-39.877,0.001],[-34.738,21.713],[-20.409,36.26],[0.361,41.397],[24.533,33.943],[37.851,14.91],[15.995,14.91],[-0.072,24.607],[-13.243,19.686],[-19.323,6.081],[39.298,6.081]],"c":true},"ix":2},"nm":"Path 2","mn":"ADBE Vector Shape - Group","hd":false},{"ty":"fl","c":{"a":0,"k":[0.321568638086,0.423529416323,0.611764729023,1],"ix":4},"o":{"a":0,"k":100,"ix":5},"r":1,"bm":0,"nm":"Fill 1","mn":"ADBE Vector Graphic - Fill","hd":false},{"ty":"tr","p":{"a":0,"k":[0,0],"ix":2},"a":{"a":0,"k":[0,0],"ix":1},"s":{"a":0,"k":[100,100],"ix":3},"r":{"a":0,"k":0,"ix":6},"o":{"a":0,"k":100,"ix":7},"sk":{"a":0,"k":0,"ix":4},"sa":{"a":0,"k":0,"ix":5},"nm":"Transform"}],"nm":"Group 1","np":3,"cix":2,"bm":0,"ix":1,"mn":"ADBE Vector Group","hd":false}],"ip":0,"op":1350.00005498663,"st":0,"bm":0},{"ddd":0,"ind":2,"ty":4,"nm":"Layer 7","sr":1,"ks":{"o":{"a":1,"k":[{"i":{"x":[0.667],"y":[1]},"o":{"x":[0.333],"y":[0]},"t":0,"s":[100]},{"i":{"x":[0.667],"y":[1]},"o":{"x":[0.333],"y":[0]},"t":8,"s":[100]},{"t":11.0000004480392,"s":[0]}],"ix":11},"r":{"a":0,"k":0,"ix":10},"p":{"a":1,"k":[{"i":{"x":0.667,"y":1},"o":{"x":0.333,"y":0},"t":0,"s":[648.484,496.691,0],"to":[-25.417,0.042,0],"ti":[25.417,-0.042,0]},{"t":11.0000004480392,"s":[495.984,496.941,0]}],"ix":2,"l":2},"a":{"a":0,"k":[0,0,0],"ix":1,"l":2},"s":{"a":0,"k":[100,100,100],"ix":6,"l":2}},"ao":0,"shapes":[{"ty":"gr","it":[{"ind":0,"ty":"sh","ix":1,"ks":{"a":0,"k":{"i":[[0,0],[0,0],[0,0],[0,0],[0,0],[0,0],[0,0],[0,0]],"o":[[0,0],[0,0],[0,0],[0,0],[0,0],[0,0],[0,0],[0,0]],"v":[[0.072,21.422],[20.336,-40.094],[41.903,-40.094],[12.232,40.094],[-12.375,40.094],[-41.903,-40.094],[-20.192,-40.094],[0.072,21.422]],"c":true},"ix":2},"nm":"Path 1","mn":"ADBE Vector Shape - Group","hd":false},{"ty":"fl","c":{"a":0,"k":[0.321568638086,0.423529416323,0.611764729023,1],"ix":4},"o":{"a":0,"k":100,"ix":5},"r":1,"bm":0,"nm":"Fill 1","mn":"ADBE Vector Graphic - Fill","hd":false},{"ty":"tr","p":{"a":0,"k":[0,0],"ix":2},"a":{"a":0,"k":[0,0],"ix":1},"s":{"a":0,"k":[100,100],"ix":3},"r":{"a":0,"k":0,"ix":6},"o":{"a":0,"k":100,"ix":7},"sk":{"a":0,"k":0,"ix":4},"sa":{"a":0,"k":0,"ix":5},"nm":"Transform"}],"nm":"Group 1","np":2,"cix":2,"bm":0,"ix":1,"mn":"ADBE Vector Group","hd":false}],"ip":0,"op":1350.00005498663,"st":0,"bm":0},{"ddd":0,"ind":3,"ty":4,"nm":"Layer 6","sr":1,"ks":{"o":{"a":1,"k":[{"i":{"x":[0.667],"y":[1]},"o":{"x":[0.333],"y":[0]},"t":0,"s":[100]},{"i":{"x":[0.667],"y":[1]},"o":{"x":[0.333],"y":[0]},"t":5,"s":[100]},{"t":8.00000032584668,"s":[0]}],"ix":11},"r":{"a":0,"k":0,"ix":10},"p":{"a":1,"k":[{"i":{"x":0.667,"y":1},"o":{"x":0.333,"y":0},"t":0,"s":[585.16,480.045,0],"to":[-12.833,0,0],"ti":[12.833,0,0]},{"t":8.00000032584668,"s":[508.16,480.045,0]}],"ix":2,"l":2},"a":{"a":0,"k":[585.16,480.045,0],"ix":1,"l":2},"s":{"a":0,"k":[100,100,100],"ix":6,"l":2}},"ao":0,"shapes":[{"ty":"gr","it":[{"ind":0,"ty":"sh","ix":1,"ks":{"a":0,"k":{"i":[[0,0],[0,0],[0,0],[0,0],[0,0]],"o":[[0,0],[0,0],[0,0],[0,0],[0,0]],"v":[[10.131,-40.094],[10.131,40.094],[-10.131,40.094],[-10.131,-40.094],[10.131,-40.094]],"c":true},"ix":2},"nm":"Path 1","mn":"ADBE Vector Shape - Group","hd":false},{"ty":"fl","c":{"a":0,"k":[0.321568638086,0.396078437567,0.549019634724,1],"ix":4},"o":{"a":0,"k":100,"ix":5},"r":1,"bm":0,"nm":"Fill 1","mn":"ADBE Vector Graphic - Fill","hd":false},{"ty":"tr","p":{"a":0,"k":[585.015,496.691],"ix":2},"a":{"a":0,"k":[0,0],"ix":1},"s":{"a":0,"k":[100,100],"ix":3},"r":{"a":0,"k":0,"ix":6},"o":{"a":0,"k":100,"ix":7},"sk":{"a":0,"k":0,"ix":4},"sa":{"a":0,"k":0,"ix":5},"nm":"Transform"}],"nm":"Group 1","np":2,"cix":2,"bm":0,"ix":1,"mn":"ADBE Vector Group","hd":false},{"ty":"gr","it":[{"ind":0,"ty":"sh","ix":1,"ks":{"a":0,"k":{"i":[[0,0],[2.364,2.269],[0,3.378],[-2.364,2.267],[-3.571,0],[-2.364,-2.269],[0,-3.376],[2.364,-2.267],[3.571,0]],"o":[[-3.571,0],[-2.364,-2.267],[0,-3.376],[2.364,-2.269],[3.571,0],[2.364,2.267],[0,3.378],[-2.364,2.269],[0,0]],"v":[[0,11.869],[-8.903,8.467],[-12.447,-0.001],[-8.903,-8.467],[0,-11.869],[8.903,-8.467],[12.447,-0.001],[8.903,8.467],[0,11.869]],"c":true},"ix":2},"nm":"Path 1","mn":"ADBE Vector Shape - Group","hd":false},{"ty":"fl","c":{"a":0,"k":[0.321568638086,0.396078437567,0.549019634724,1],"ix":4},"o":{"a":0,"k":100,"ix":5},"r":1,"bm":0,"nm":"Fill 1","mn":"ADBE Vector Graphic - Fill","hd":false},{"ty":"tr","p":{"a":0,"k":[585.16,435.175],"ix":2},"a":{"a":0,"k":[0,0],"ix":1},"s":{"a":0,"k":[100,100],"ix":3},"r":{"a":0,"k":0,"ix":6},"o":{"a":0,"k":100,"ix":7},"sk":{"a":0,"k":0,"ix":4},"sa":{"a":0,"k":0,"ix":5},"nm":"Transform"}],"nm":"Group 2","np":2,"cix":2,"bm":0,"ix":2,"mn":"ADBE Vector Group","hd":false}],"ip":0,"op":1350.00005498663,"st":0,"bm":0},{"ddd":0,"ind":4,"ty":4,"nm":"Layer 5","sr":1,"ks":{"o":{"a":1,"k":[{"i":{"x":[0.667],"y":[1]},"o":{"x":[0.333],"y":[0]},"t":0,"s":[100]},{"i":{"x":[0.667],"y":[1]},"o":{"x":[0.333],"y":[0]},"t":3,"s":[100]},{"t":5.00000020365417,"s":[0]}],"ix":11},"r":{"a":0,"k":0,"ix":10},"p":{"a":1,"k":[{"i":{"x":0.667,"y":1},"o":{"x":0.333,"y":0},"t":0,"s":[538.843,496.111,0],"to":[-5.5,0,0],"ti":[5.5,0,0]},{"t":5.00000020365417,"s":[505.843,496.111,0]}],"ix":2,"l":2},"a":{"a":0,"k":[0,0,0],"ix":1,"l":2},"s":{"a":0,"k":[100,100,100],"ix":6,"l":2}},"ao":0,"shapes":[{"ty":"gr","it":[{"ind":0,"ty":"sh","ix":1,"ks":{"a":0,"k":{"i":[[0,0],[-4.196,2.414],[-5.403,0],[0,0],[0,0],[3.233,-2.991],[0,-7.43],[0,0],[0,0],[0,0],[0,0],[0,0]],"o":[[2.606,-4.246],[4.198,-2.412],[0,0],[0,0],[-6.369,0],[-3.232,2.991],[0,0],[0,0],[0,0],[0,0],[0,0],[0,0]],"v":[[-2.173,-27.066],[8.032,-37.055],[22.435,-40.673],[22.435,-19.395],[17.079,-19.395],[2.677,-14.909],[-2.173,0.725],[-2.173,40.673],[-22.435,40.673],[-22.435,-39.514],[-2.173,-39.514],[-2.173,-27.066]],"c":true},"ix":2},"nm":"Path 1","mn":"ADBE Vector Shape - Group","hd":false},{"ty":"fl","c":{"a":0,"k":[0.321568638086,0.423529416323,0.611764729023,1],"ix":4},"o":{"a":0,"k":100,"ix":5},"r":1,"bm":0,"nm":"Fill 1","mn":"ADBE Vector Graphic - Fill","hd":false},{"ty":"tr","p":{"a":0,"k":[0,0],"ix":2},"a":{"a":0,"k":[0,0],"ix":1},"s":{"a":0,"k":[100,100],"ix":3},"r":{"a":0,"k":0,"ix":6},"o":{"a":0,"k":100,"ix":7},"sk":{"a":0,"k":0,"ix":4},"sa":{"a":0,"k":0,"ix":5},"nm":"Transform"}],"nm":"Group 1","np":2,"cix":2,"bm":0,"ix":1,"mn":"ADBE Vector Group","hd":false}],"ip":0,"op":1350.00005498663,"st":0,"bm":0},{"ddd":0,"ind":5,"ty":4,"nm":"Layer 4","sr":1,"ks":{"o":{"a":1,"k":[{"i":{"x":[0.667],"y":[1]},"o":{"x":[0.333],"y":[0]},"t":0,"s":[100]},{"i":{"x":[0.667],"y":[1]},"o":{"x":[0.333],"y":[0]},"t":3,"s":[100]},{"t":5.00000020365417,"s":[0]}],"ix":11},"r":{"a":0,"k":0,"ix":10},"p":{"a":1,"k":[{"i":{"x":0.667,"y":1},"o":{"x":0.333,"y":0},"t":0,"s":[427.318,496.69,0],"to":[10.167,-0.042,0],"ti":[-10.167,0.042,0]},{"t":5.00000020365417,"s":[488.318,496.44,0]}],"ix":2,"l":2},"a":{"a":0,"k":[0,0,0],"ix":1,"l":2},"s":{"a":0,"k":[100,100,100],"ix":6,"l":2}},"ao":0,"shapes":[{"ty":"gr","it":[{"ind":0,"ty":"sh","ix":1,"ks":{"a":0,"k":{"i":[[0,0],[-3.426,3.041],[-5.018,0],[-3.666,-3.136],[-0.095,-5.21]],"o":[[0.772,-5.403],[3.426,-3.039],[5.308,0],[3.668,3.136],[0,0]],"v":[[-19.178,-7.526],[-12.882,-20.192],[-0.216,-24.751],[13.243,-20.047],[18.888,-7.526]],"c":true},"ix":2},"nm":"Path 1","mn":"ADBE Vector Shape - Group","hd":false},{"ind":1,"ty":"sh","ix":2,"ks":{"a":0,"k":{"i":[[0,2.894],[3.329,6.03],[6.03,3.281],[7.624,0],[6.08,-3.378],[3.376,-6.272],[0,-8.299],[-3.426,-6.273],[-6.128,-3.426],[-7.719,0],[-6.562,4.968],[-2.317,7.72],[0,0],[7.527,0],[3.571,3.281],[0.482,5.788],[0,0]],"o":[[0,-7.817],[-3.329,-6.032],[-6.032,-3.281],[-7.912,0],[-6.08,3.377],[-3.378,6.273],[0,8.202],[3.426,6.272],[6.127,3.424],[9.553,0],[6.562,-4.97],[0,0],[-3.184,6.465],[-5.21,0],[-3.571,-3.281],[0,0],[0.387,-2.316]],"v":[[39.877,-1.735],[34.883,-22.506],[20.844,-36.474],[0.361,-41.397],[-20.625,-36.329],[-34.81,-21.855],[-39.877,0.001],[-34.738,21.713],[-20.409,36.26],[0.361,41.397],[24.534,33.943],[37.851,14.91],[15.994,14.91],[-0.072,24.607],[-13.243,19.686],[-19.323,6.081],[39.298,6.081]],"c":true},"ix":2},"nm":"Path 2","mn":"ADBE Vector Shape - Group","hd":false},{"ty":"fl","c":{"a":0,"k":[0.333333343267,0.713725507259,0.854901969433,1],"ix":4},"o":{"a":0,"k":100,"ix":5},"r":1,"bm":0,"nm":"Fill 1","mn":"ADBE Vector Graphic - Fill","hd":false},{"ty":"tr","p":{"a":0,"k":[0,0],"ix":2},"a":{"a":0,"k":[0,0],"ix":1},"s":{"a":0,"k":[100,100],"ix":3},"r":{"a":0,"k":0,"ix":6},"o":{"a":0,"k":100,"ix":7},"sk":{"a":0,"k":0,"ix":4},"sa":{"a":0,"k":0,"ix":5},"nm":"Transform"}],"nm":"Group 1","np":3,"cix":2,"bm":0,"ix":1,"mn":"ADBE Vector Group","hd":false}],"ip":0,"op":1350.00005498663,"st":0,"bm":0},{"ddd":0,"ind":6,"ty":4,"nm":"Layer 3","sr":1,"ks":{"o":{"a":1,"k":[{"i":{"x":[0.667],"y":[1]},"o":{"x":[0.333],"y":[0]},"t":0,"s":[100]},{"i":{"x":[0.667],"y":[1]},"o":{"x":[0.333],"y":[0]},"t":5,"s":[100]},{"t":8.00000032584668,"s":[0]}],"ix":11},"r":{"a":0,"k":0,"ix":10},"p":{"a":1,"k":[{"i":{"x":0.667,"y":1},"o":{"x":0.333,"y":0},"t":0,"s":[339.313,496.691,0],"to":[25.042,0.042,0],"ti":[-25.042,-0.042,0]},{"t":8.00000032584668,"s":[489.563,496.941,0]}],"ix":2,"l":2},"a":{"a":0,"k":[0,0,0],"ix":1,"l":2},"s":{"a":0,"k":[100,100,100],"ix":6,"l":2}},"ao":0,"shapes":[{"ty":"gr","it":[{"ind":0,"ty":"sh","ix":1,"ks":{"a":0,"k":{"i":[[0,0],[0,0],[0,0],[0,0],[0,0],[0,0],[0,0],[0,0]],"o":[[0,0],[0,0],[0,0],[0,0],[0,0],[0,0],[0,0],[0,0]],"v":[[0.073,21.422],[20.337,-40.094],[41.903,-40.094],[12.232,40.094],[-12.375,40.094],[-41.903,-40.094],[-20.191,-40.094],[0.073,21.422]],"c":true},"ix":2},"nm":"Path 1","mn":"ADBE Vector Shape - Group","hd":false},{"ty":"fl","c":{"a":0,"k":[0.333333343267,0.713725507259,0.854901969433,1],"ix":4},"o":{"a":0,"k":100,"ix":5},"r":1,"bm":0,"nm":"Fill 1","mn":"ADBE Vector Graphic - Fill","hd":false},{"ty":"tr","p":{"a":0,"k":[0,0],"ix":2},"a":{"a":0,"k":[0,0],"ix":1},"s":{"a":0,"k":[100,100],"ix":3},"r":{"a":0,"k":0,"ix":6},"o":{"a":0,"k":100,"ix":7},"sk":{"a":0,"k":0,"ix":4},"sa":{"a":0,"k":0,"ix":5},"nm":"Transform"}],"nm":"Group 1","np":2,"cix":2,"bm":0,"ix":1,"mn":"ADBE Vector Group","hd":false}],"ip":0,"op":1350.00005498663,"st":0,"bm":0},{"ddd":0,"ind":7,"ty":4,"nm":"Layer 2","sr":1,"ks":{"o":{"a":1,"k":[{"i":{"x":[0.667],"y":[1]},"o":{"x":[0.333],"y":[0]},"t":0,"s":[100]},{"i":{"x":[0.667],"y":[1]},"o":{"x":[0.333],"y":[0]},"t":8,"s":[100]},{"t":11.0000004480392,"s":[0]}],"ix":11},"r":{"a":0,"k":0,"ix":10},"p":{"a":1,"k":[{"i":{"x":0.667,"y":1},"o":{"x":0.333,"y":0},"t":0,"s":[275.989,480.045,0],"to":[38.667,0,0],"ti":[-38.667,0,0]},{"t":11.0000004480392,"s":[507.989,480.045,0]}],"ix":2,"l":2},"a":{"a":0,"k":[275.989,480.045,0],"ix":1,"l":2},"s":{"a":0,"k":[100,100,100],"ix":6,"l":2}},"ao":0,"shapes":[{"ty":"gr","it":[{"ind":0,"ty":"sh","ix":1,"ks":{"a":0,"k":{"i":[[0,0],[0,0],[0,0],[0,0],[0,0]],"o":[[0,0],[0,0],[0,0],[0,0],[0,0]],"v":[[10.131,-40.094],[10.131,40.094],[-10.131,40.094],[-10.131,-40.094],[10.131,-40.094]],"c":true},"ix":2},"nm":"Path 1","mn":"ADBE Vector Shape - Group","hd":false},{"ty":"fl","c":{"a":0,"k":[0.333333343267,0.713725507259,0.854901969433,1],"ix":4},"o":{"a":0,"k":100,"ix":5},"r":1,"bm":0,"nm":"Fill 1","mn":"ADBE Vector Graphic - Fill","hd":false},{"ty":"tr","p":{"a":0,"k":[275.844,496.691],"ix":2},"a":{"a":0,"k":[0,0],"ix":1},"s":{"a":0,"k":[100,100],"ix":3},"r":{"a":0,"k":0,"ix":6},"o":{"a":0,"k":100,"ix":7},"sk":{"a":0,"k":0,"ix":4},"sa":{"a":0,"k":0,"ix":5},"nm":"Transform"}],"nm":"Group 1","np":2,"cix":2,"bm":0,"ix":1,"mn":"ADBE Vector Group","hd":false},{"ty":"gr","it":[{"ind":0,"ty":"sh","ix":1,"ks":{"a":0,"k":{"i":[[0,0],[2.364,2.269],[0,3.378],[-2.364,2.267],[-3.571,0],[-2.364,-2.269],[0,-3.376],[2.364,-2.267],[3.571,0]],"o":[[-3.571,0],[-2.364,-2.267],[0,-3.376],[2.364,-2.269],[3.571,0],[2.364,2.267],[0,3.378],[-2.364,2.269],[0,0]],"v":[[0,11.869],[-8.902,8.467],[-12.448,-0.001],[-8.902,-8.467],[0,-11.869],[8.903,-8.467],[12.448,-0.001],[8.903,8.467],[0,11.869]],"c":true},"ix":2},"nm":"Path 1","mn":"ADBE Vector Shape - Group","hd":false},{"ty":"fl","c":{"a":0,"k":[0.333333343267,0.713725507259,0.854901969433,1],"ix":4},"o":{"a":0,"k":100,"ix":5},"r":1,"bm":0,"nm":"Fill 1","mn":"ADBE Vector Graphic - Fill","hd":false},{"ty":"tr","p":{"a":0,"k":[275.989,435.175],"ix":2},"a":{"a":0,"k":[0,0],"ix":1},"s":{"a":0,"k":[100,100],"ix":3},"r":{"a":0,"k":0,"ix":6},"o":{"a":0,"k":100,"ix":7},"sk":{"a":0,"k":0,"ix":4},"sa":{"a":0,"k":0,"ix":5},"nm":"Transform"}],"nm":"Group 2","np":2,"cix":2,"bm":0,"ix":2,"mn":"ADBE Vector Group","hd":false}],"ip":0,"op":1350.00005498663,"st":0,"bm":0}]}],"layers":[{"ddd":0,"ind":1,"ty":4,"nm":"Layer 3","sr":1,"ks":{"o":{"a":0,"k":100,"ix":11},"r":{"a":0,"k":0,"ix":10},"p":{"a":0,"k":[584.993,510.112,0],"ix":2,"l":2},"a":{"a":0,"k":[67.305,12.049,0],"ix":1,"l":2},"s":{"a":1,"k":[{"i":{"x":[0,0,0.667],"y":[1,1,1]},"o":{"x":[0.333,0.333,0.333],"y":[0,0,0]},"t":76,"s":[0,0,100]},{"t":90.0000036657751,"s":[100,100,100]}],"ix":6,"l":2}},"ao":0,"shapes":[{"ty":"gr","it":[{"ind":0,"ty":"sh","ix":1,"ks":{"a":0,"k":{"i":[[0,0],[-1.591,0.489],[12.798,10.993],[-18.387,-5.654],[-1.542,0.078]],"o":[[1.542,0.078],[18.387,-5.654],[-12.798,10.993],[1.591,0.489],[0,0]],"v":[[67.305,58.054],[72.027,57.451],[67.305,12.028],[62.583,57.451],[67.305,58.054]],"c":true},"ix":2},"nm":"Path 1","mn":"ADBE Vector Shape - Group","hd":false},{"ty":"fl","c":{"a":0,"k":[0.321568638086,0.423529416323,0.611764729023,1],"ix":4},"o":{"a":0,"k":100,"ix":5},"r":1,"bm":0,"nm":"Fill 1","mn":"ADBE Vector Graphic - Fill","hd":false},{"ty":"tr","p":{"a":0,"k":[0,0],"ix":2},"a":{"a":0,"k":[0,0],"ix":1},"s":{"a":0,"k":[100,100],"ix":3},"r":{"a":0,"k":0,"ix":6},"o":{"a":0,"k":100,"ix":7},"sk":{"a":0,"k":0,"ix":4},"sa":{"a":0,"k":0,"ix":5},"nm":"Transform"}],"nm":"Group 1","np":2,"cix":2,"bm":0,"ix":1,"mn":"ADBE Vector Group","hd":false}],"ip":0,"op":1350.00005498663,"st":0,"bm":0},{"ddd":0,"ind":2,"ty":4,"nm":"Layer 2","sr":1,"ks":{"o":{"a":0,"k":100,"ix":11},"r":{"a":1,"k":[{"i":{"x":[0.899],"y":[1]},"o":{"x":[0.709],"y":[0]},"t":55,"s":[0]},{"t":76.0000030955435,"s":[30]}],"ix":10},"p":{"a":0,"k":[501,569.5,0],"ix":2,"l":2},"a":{"a":0,"k":[-0.75,69.5,0],"ix":1,"l":2},"s":{"a":1,"k":[{"i":{"x":[0.217,0.667,0.667],"y":[1,1,1]},"o":{"x":[0.863,0.333,0.333],"y":[0,0,0]},"t":34.5,"s":[0,100,100]},{"t":45.0000018328876,"s":[100,100,100]}],"ix":6,"l":2}},"ao":0,"shapes":[{"ty":"gr","it":[{"ind":0,"ty":"sh","ix":1,"ks":{"a":0,"k":{"i":[[0,0],[0.809,0.65],[-5.408,4.015],[-0.979,-0.565],[0,0],[3.807,-5.823]],"o":[[-0.867,-0.577],[3.574,-5.878],[0.87,0.719],[0,0],[-5.51,3.911],[0,0]],"v":[[-46.948,32.116],[-49.461,30.276],[-35.39,15.41],[-32.617,17.337],[-32.352,17.487],[-46.948,32.116]],"c":true},"ix":2},"nm":"Path 1","mn":"ADBE Vector Shape - Group","hd":false},{"ty":"fl","c":{"a":0,"k":[1,1,1,1],"ix":4},"o":{"a":0,"k":100,"ix":5},"r":1,"bm":0,"nm":"Fill 1","mn":"ADBE Vector Graphic - Fill","hd":false},{"ty":"tr","p":{"a":0,"k":[0,0],"ix":2},"a":{"a":0,"k":[0,0],"ix":1},"s":{"a":0,"k":[100,100],"ix":3},"r":{"a":0,"k":0,"ix":6},"o":{"a":0,"k":100,"ix":7},"sk":{"a":0,"k":0,"ix":4},"sa":{"a":0,"k":0,"ix":5},"nm":"Transform"}],"nm":"Group 1","np":2,"cix":2,"bm":0,"ix":1,"mn":"ADBE Vector Group","hd":false},{"ty":"gr","it":[{"ind":0,"ty":"sh","ix":1,"ks":{"a":0,"k":{"i":[[0,0],[1.96,-2.677],[8.64,-2.871],[-0.164,1.369],[-7.042,7.927]],"o":[[-1.088,1.935],[-5.247,6.847],[0.347,-1.24],[9.113,-3.629],[0,0]],"v":[[18.891,-17.773],[13.351,-10.968],[-2.656,4.804],[-1.89,0.891],[17.575,-16.136]],"c":true},"ix":2},"nm":"Path 1","mn":"ADBE Vector Shape - Group","hd":false},{"ty":"fl","c":{"a":0,"k":[1,1,1,1],"ix":4},"o":{"a":0,"k":100,"ix":5},"r":1,"bm":0,"nm":"Fill 1","mn":"ADBE Vector Graphic - Fill","hd":false},{"ty":"tr","p":{"a":0,"k":[0,0],"ix":2},"a":{"a":0,"k":[0,0],"ix":1},"s":{"a":0,"k":[100,100],"ix":3},"r":{"a":0,"k":0,"ix":6},"o":{"a":0,"k":100,"ix":7},"sk":{"a":0,"k":0,"ix":4},"sa":{"a":0,"k":0,"ix":5},"nm":"Transform"}],"nm":"Group 2","np":2,"cix":2,"bm":0,"ix":2,"mn":"ADBE Vector Group","hd":false},{"ty":"gr","it":[{"ind":0,"ty":"sh","ix":1,"ks":{"a":0,"k":{"i":[[0,0],[-4.563,-2.296],[-2.678,-3.722],[0,0],[0,0],[0,0],[-4.113,2.47],[-5.37,0.078],[0,0],[0,0],[3.503,-2.632],[0.574,-1.021],[9.113,-3.629],[0.04,1.633],[2.001,3.49],[3.304,1.832],[3.739,-0.054],[3.121,-1.877],[1.882,-3.546],[-0.114,-4.819],[-2.052,-3.586],[-2.025,-1.674],[3.574,-5.878],[2.542,4.746],[0.195,8.192],[-3.063,6.311],[-5.433,3.453],[-6.807,0.099]],"o":[[5.945,-0.086],[4.563,2.296],[0,0],[0,0],[0,0],[2.488,-4.277],[4.114,-2.47],[0,0],[0,0],[-7.527,-0.873],[-0.865,0.65],[-7.042,7.927],[0.179,-1.486],[-0.117,-4.916],[-2.001,-3.49],[-3.305,-1.832],[-3.74,0.054],[-3.121,1.877],[-1.882,3.547],[0.114,4.819],[1.435,2.508],[-5.408,4.015],[-3.855,-3.096],[-3.362,-6.266],[-0.192,-8.096],[3.063,-6.312],[5.433,-3.453],[0,0]],"v":[[-28.984,-44.758],[-13.223,-41.444],[-2.362,-32.418],[-2.633,-43.839],[17.647,-44.133],[17.947,-31.462],[27.848,-41.582],[42.074,-45.404],[42.579,-24.152],[38.124,-25.753],[22.328,-20.983],[19.065,-17.583],[-1.89,0.891],[-1.682,-3.793],[-4.859,-16.401],[-12.817,-24.385],[-23.384,-27.051],[-33.674,-24.154],[-41.178,-16.019],[-43.83,-3.47],[-40.581,9.137],[-35.39,15.41],[-49.461,30.276],[-59.062,18.516],[-64.397,-3.172],[-60.09,-24.782],[-47.346,-39.429],[-28.984,-44.758]],"c":true},"ix":2},"nm":"Path 1","mn":"ADBE Vector Shape - Group","hd":false},{"ty":"fl","c":{"a":0,"k":[0.333333343267,0.713725507259,0.854901969433,1],"ix":4},"o":{"a":0,"k":100,"ix":5},"r":1,"bm":0,"nm":"Fill 1","mn":"ADBE Vector Graphic - Fill","hd":false},{"ty":"tr","p":{"a":0,"k":[0,0],"ix":2},"a":{"a":0,"k":[0,0],"ix":1},"s":{"a":0,"k":[100,100],"ix":3},"r":{"a":0,"k":0,"ix":6},"o":{"a":0,"k":100,"ix":7},"sk":{"a":0,"k":0,"ix":4},"sa":{"a":0,"k":0,"ix":5},"nm":"Transform"}],"nm":"Group 3","np":2,"cix":2,"bm":0,"ix":3,"mn":"ADBE Vector Group","hd":false},{"ty":"gr","it":[{"ind":0,"ty":"sh","ix":1,"ks":{"a":0,"k":{"i":[[0,0],[-0.032,-1.933],[0,0],[2.833,-5.874],[5.863,-3.508],[8.437,-0.122],[7.365,5.196],[1.176,9.142],[0,0],[-3.551,-2.117],[-4.986,0.072],[-3.56,3.571],[0.169,7.132],[0,0],[4.495,-2.572],[5.849,-0.085],[5.644,3.389],[0.457,0.304],[-5.51,3.911],[0,0],[-3.55,0.051],[-3.216,1.927],[-1.834,3.545],[-0.407,1.454],[-6.348,6.508]],"o":[[-0.201,1.628],[0,0],[0.177,7.421],[-2.834,5.874],[-5.863,3.507],[-11.315,0.164],[-7.365,-5.196],[0,0],[1.142,3.647],[3.551,2.118],[5.849,-0.085],[3.56,-3.571],[0,0],[-2.5,3.797],[-4.494,2.572],[-6.712,0.098],[-0.473,-0.284],[3.807,-5.823],[0,0],[3.183,1.784],[3.739,-0.054],[3.215,-1.926],[0.66,-1.276],[8.64,-2.871],[0,0]],"v":[[18.854,-9.473],[18.597,-4.133],[19.563,36.536],[15.577,56.48],[2.53,70.553],[-18.921,75.998],[-46.941,68.451],[-59.753,46.944],[-39.761,46.654],[-32.722,55.301],[-19.916,58.369],[-5.802,52.886],[-0.717,36.831],[-1.012,24.398],[-11.504,33.951],[-27.02,37.936],[-45.553,32.999],[-46.948,32.116],[-32.352,17.487],[-32.364,17.48],[-22.264,20.079],[-11.832,17.107],[-4.258,8.899],[-2.656,4.804],[18.854,-9.473]],"c":true},"ix":2},"nm":"Path 1","mn":"ADBE Vector Shape - Group","hd":false},{"ty":"fl","c":{"a":0,"k":[0.321568638086,0.423529416323,0.611764729023,1],"ix":4},"o":{"a":0,"k":100,"ix":5},"r":1,"bm":0,"nm":"Fill 1","mn":"ADBE Vector Graphic - Fill","hd":false},{"ty":"tr","p":{"a":0,"k":[0,0],"ix":2},"a":{"a":0,"k":[0,0],"ix":1},"s":{"a":0,"k":[100,100],"ix":3},"r":{"a":0,"k":0,"ix":6},"o":{"a":0,"k":100,"ix":7},"sk":{"a":0,"k":0,"ix":4},"sa":{"a":0,"k":0,"ix":5},"nm":"Transform"}],"nm":"Group 4","np":2,"cix":2,"bm":0,"ix":4,"mn":"ADBE Vector Group","hd":false}],"ip":0,"op":1350.00005498663,"st":0,"bm":0},{"ddd":0,"ind":3,"ty":0,"nm":"Pre-comp 2","refId":"comp_0","sr":1,"ks":{"o":{"a":0,"k":100,"ix":11},"r":{"a":0,"k":0,"ix":10},"p":{"a":0,"k":[500,500,0],"ix":2,"l":2},"a":{"a":0,"k":[500,500,0],"ix":1,"l":2},"s":{"a":1,"k":[{"i":{"x":[0.174,0.667,0.667],"y":[1,1,1]},"o":{"x":[0.733,0.333,0.333],"y":[0,0,0]},"t":21,"s":[100,100,100]},{"t":34.5000014052138,"s":[0,100,100]}],"ix":6,"l":2}},"ao":0,"w":1000,"h":1000,"ip":0,"op":1350.00005498663,"st":0,"bm":0},{"ddd":0,"ind":4,"ty":0,"nm":"Pre-comp 1","refId":"comp_1","sr":1,"ks":{"o":{"a":0,"k":100,"ix":11},"r":{"a":0,"k":0,"ix":10},"p":{"a":0,"k":[500,500,0],"ix":2,"l":2},"a":{"a":0,"k":[500,500,0],"ix":1,"l":2},"s":{"a":0,"k":[100,100,100],"ix":6,"l":2}},"ao":0,"w":1000,"h":1000,"ip":0,"op":1350.00005498663,"st":0,"bm":0}],"markers":[]}