{"v":"5.9.0","fr":29.9700012207031,"ip":0,"op":90.0000036657751,"w":1000,"h":1000,"nm":"Comp 1","ddd":0,"assets":[{"id":"comp_0","nm":"Pre-comp 1","fr":29.9700012207031,"layers":[{"ddd":0,"ind":1,"ty":4,"nm":"Layer 18","sr":1,"ks":{"o":{"a":0,"k":100,"ix":11},"r":{"a":0,"k":0,"ix":10},"p":{"a":0,"k":[487.375,479.917,0],"ix":2,"l":2},"a":{"a":0,"k":[487.375,479.917,0],"ix":1,"l":2},"s":{"a":1,"k":[{"i":{"x":[0,0,0.667],"y":[1,1,1]},"o":{"x":[0.333,0.333,0.333],"y":[0,0,0]},"t":20,"s":[0,0,100]},{"i":{"x":[0.667,0.667,0.667],"y":[1,1,1]},"o":{"x":[0.333,0.333,0.333],"y":[0,0,0]},"t":30,"s":[120,120,100]},{"i":{"x":[0.667,0.667,0.667],"y":[1,1,1]},"o":{"x":[0.333,0.333,0.333],"y":[0,0,0]},"t":33,"s":[80,80,100]},{"t":36.0000014663101,"s":[100,100,100]}],"ix":6,"l":2}},"ao":0,"shapes":[{"ty":"gr","it":[{"ind":0,"ty":"sh","ix":1,"ks":{"a":0,"k":{"i":[[2.21,0],[0.972,0.133],[-0.088,0.576],[-0.575,-0.089],[-2.652,1.019],[-0.177,-0.532],[0.53,-0.177]],"o":[[-0.972,0],[-0.574,-0.088],[0.089,-0.576],[2.784,0.443],[0.53,-0.222],[0.221,0.532],[-2.121,0.842]],"v":[[-1.734,1.612],[-4.607,1.39],[-5.447,0.194],[-4.253,-0.648],[4.056,-1.534],[5.382,-0.958],[4.807,0.371]],"c":true},"ix":2},"nm":"Path 1","mn":"ADBE Vector Shape - Group","hd":false},{"ty":"fl","c":{"a":0,"k":[0.0941176489,0.23137255013,0.337254911661,1],"ix":4},"o":{"a":0,"k":100,"ix":5},"r":1,"bm":0,"nm":"Fill 1","mn":"ADBE Vector Graphic - Fill","hd":false},{"ty":"tr","p":{"a":0,"k":[476.822,441.8],"ix":2},"a":{"a":0,"k":[0,0],"ix":1},"s":{"a":0,"k":[100,100],"ix":3},"r":{"a":0,"k":0,"ix":6},"o":{"a":0,"k":100,"ix":7},"sk":{"a":0,"k":0,"ix":4},"sa":{"a":0,"k":0,"ix":5},"nm":"Transform"}],"nm":"Group 1","np":2,"cix":2,"bm":0,"ix":1,"mn":"ADBE Vector Group","hd":false},{"ty":"gr","it":[{"ind":0,"ty":"sh","ix":1,"ks":{"a":0,"k":{"i":[[0.575,0],[0,0.576],[0,0],[-0.574,0],[0,-0.576],[0,0]],"o":[[-0.574,0],[0,0],[0,-0.576],[0.575,0],[0,0],[0.044,0.532]],"v":[[-0.002,3.368],[-1.018,2.348],[-1.018,-2.348],[-0.002,-3.368],[1.015,-2.348],[1.015,2.348]],"c":true},"ix":2},"nm":"Path 1","mn":"ADBE Vector Shape - Group","hd":false},{"ty":"fl","c":{"a":0,"k":[0.0941176489,0.23137255013,0.337254911661,1],"ix":4},"o":{"a":0,"k":100,"ix":5},"r":1,"bm":0,"nm":"Fill 1","mn":"ADBE Vector Graphic - Fill","hd":false},{"ty":"tr","p":{"a":0,"k":[483.796,420.859],"ix":2},"a":{"a":0,"k":[0,0],"ix":1},"s":{"a":0,"k":[100,100],"ix":3},"r":{"a":0,"k":0,"ix":6},"o":{"a":0,"k":100,"ix":7},"sk":{"a":0,"k":0,"ix":4},"sa":{"a":0,"k":0,"ix":5},"nm":"Transform"}],"nm":"Group 2","np":2,"cix":2,"bm":0,"ix":2,"mn":"ADBE Vector Group","hd":false},{"ty":"gr","it":[{"ind":0,"ty":"sh","ix":1,"ks":{"a":0,"k":{"i":[[0.354,0],[0.133,0.133],[2.961,-0.709],[0.133,0.532],[-0.53,0.133],[-3.094,-1.95],[0.31,-0.488]],"o":[[-0.176,0],[-2.608,-1.64],[-0.575,0.133],[-0.133,-0.576],[3.536,-0.842],[0.486,0.31],[-0.177,0.31]],"v":[[4.814,2],[4.284,1.823],[-4.599,0.361],[-5.837,-0.393],[-5.086,-1.633],[5.389,0.095],[5.698,1.513]],"c":true},"ix":2},"nm":"Path 1","mn":"ADBE Vector Shape - Group","hd":false},{"ty":"fl","c":{"a":0,"k":[0.0941176489,0.23137255013,0.337254911661,1],"ix":4},"o":{"a":0,"k":100,"ix":5},"r":1,"bm":0,"nm":"Fill 1","mn":"ADBE Vector Graphic - Fill","hd":false},{"ty":"tr","p":{"a":0,"k":[485.831,414.25],"ix":2},"a":{"a":0,"k":[0,0],"ix":1},"s":{"a":0,"k":[100,100],"ix":3},"r":{"a":0,"k":0,"ix":6},"o":{"a":0,"k":100,"ix":7},"sk":{"a":0,"k":0,"ix":4},"sa":{"a":0,"k":0,"ix":5},"nm":"Transform"}],"nm":"Group 3","np":2,"cix":2,"bm":0,"ix":3,"mn":"ADBE Vector Group","hd":false},{"ty":"gr","it":[{"ind":0,"ty":"sh","ix":1,"ks":{"a":0,"k":{"i":[[-9.546,12.539],[2.166,-0.798],[0.839,6.824],[-0.618,0.93],[-0.84,2.482],[0.354,1.595],[2.166,0.399],[1.237,-1.861],[1.989,0.443],[0,0],[5.171,8.33],[0,0],[-1.105,-5.45],[0,0],[5.525,-3.766],[0.354,-0.886],[-2.386,-1.152],[-3.624,-6.026],[-1.414,0],[-3.094,0.133],[-0.575,-4.121],[0,0],[-2.122,-2.525],[-1.281,0]],"o":[[-3.712,-0.532],[-2.43,-6.868],[0.884,-0.62],[1.415,-2.216],[0.53,-1.55],[-0.442,-2.171],[-2.21,-0.399],[0,0],[-1.988,-0.443],[-9.325,-2.88],[0,0],[-3.58,4.298],[0,0],[0,6.647],[-0.795,0.531],[-1.326,3.057],[0.575,7.134],[0.707,1.196],[3.138,-0.044],[0.531,4.165],[0,0],[-2.784,2.26],[1.237,0.089],[16.928,0.044]],"v":[[32.921,23.306],[22.888,23.705],[17.983,1.506],[20.192,-1.019],[23.596,-8.109],[24.126,-12.938],[19.618,-17.369],[13.784,-14.888],[10.734,-8.33],[4.635,-25.522],[-18.126,-42.979],[-17.993,-43.865],[-21.971,-28.18],[-21.838,-27.383],[-30.766,-10.368],[-32.578,-8.197],[-28.733,-2.127],[-22.457,17.502],[-19.01,19.451],[-9.596,19.407],[-7.828,31.769],[-11.541,34.959],[-12.38,43.732],[-8.624,43.865]],"c":true},"ix":2},"nm":"Path 1","mn":"ADBE Vector Shape - Group","hd":false},{"ty":"fl","c":{"a":0,"k":[1,1,1,1],"ix":4},"o":{"a":0,"k":100,"ix":5},"r":1,"bm":0,"nm":"Fill 1","mn":"ADBE Vector Graphic - Fill","hd":false},{"ty":"tr","p":{"a":0,"k":[495.998,435.924],"ix":2},"a":{"a":0,"k":[0,0],"ix":1},"s":{"a":0,"k":[100,100],"ix":3},"r":{"a":0,"k":0,"ix":6},"o":{"a":0,"k":100,"ix":7},"sk":{"a":0,"k":0,"ix":4},"sa":{"a":0,"k":0,"ix":5},"nm":"Transform"}],"nm":"Group 4","np":2,"cix":2,"bm":0,"ix":4,"mn":"ADBE Vector Group","hd":false},{"ty":"gr","it":[{"ind":0,"ty":"sh","ix":1,"ks":{"a":0,"k":{"i":[[-2.607,6.69],[26.783,0.133],[2.607,-2.127],[0.619,-2.615],[-0.618,-5.937],[-5.922,-0.886],[0,0],[-1.768,-3.058],[1.016,3.855]],"o":[[-2.828,-26.142],[-3.05,1.418],[-2.077,1.684],[-5.569,2.126],[0.619,5.938],[0,0],[1.768,3.058],[3.933,-0.842],[5.745,-3.633]],"v":[[37.158,10.546],[-14.507,-36.111],[-22.993,-30.795],[-28.385,-23.661],[-37.092,-9.482],[-25.601,2.57],[10.331,25.743],[12.718,36.111],[23.767,24.59]],"c":true},"ix":2},"nm":"Path 1","mn":"ADBE Vector Shape - Group","hd":false},{"ty":"fl","c":{"a":0,"k":[0.0941176489,0.23137255013,0.337254911661,1],"ix":4},"o":{"a":0,"k":100,"ix":5},"r":1,"bm":0,"nm":"Fill 1","mn":"ADBE Vector Graphic - Fill","hd":false},{"ty":"tr","p":{"a":0,"k":[502.191,411.112],"ix":2},"a":{"a":0,"k":[0,0],"ix":1},"s":{"a":0,"k":[100,100],"ix":3},"r":{"a":0,"k":0,"ix":6},"o":{"a":0,"k":100,"ix":7},"sk":{"a":0,"k":0,"ix":4},"sa":{"a":0,"k":0,"ix":5},"nm":"Transform"}],"nm":"Group 5","np":2,"cix":2,"bm":0,"ix":5,"mn":"ADBE Vector Group","hd":false},{"ty":"gr","it":[{"ind":0,"ty":"sh","ix":1,"ks":{"a":0,"k":{"i":[[10.873,-2.392],[12.11,-6.07],[-8.265,0],[-8.795,16.616]],"o":[[-14.894,3.235],[6.939,3.456],[20.065,0],[-4.243,0.399]],"v":[[12.64,-10.147],[-34.65,8.596],[-11.579,13.957],[34.65,-13.957]],"c":true},"ix":2},"nm":"Path 1","mn":"ADBE Vector Shape - Group","hd":false},{"ty":"fl","c":{"a":0,"k":[0.0941176489,0.23137255013,0.337254911661,1],"ix":4},"o":{"a":0,"k":100,"ix":5},"r":1,"bm":0,"nm":"Fill 1","mn":"ADBE Vector Graphic - Fill","hd":false},{"ty":"tr","p":{"a":0,"k":[498.954,465.876],"ix":2},"a":{"a":0,"k":[0,0],"ix":1},"s":{"a":0,"k":[100,100],"ix":3},"r":{"a":0,"k":0,"ix":6},"o":{"a":0,"k":100,"ix":7},"sk":{"a":0,"k":0,"ix":4},"sa":{"a":0,"k":0,"ix":5},"nm":"Transform"}],"nm":"Group 6","np":2,"cix":2,"bm":0,"ix":6,"mn":"ADBE Vector Group","hd":false},{"ty":"gr","it":[{"ind":0,"ty":"sh","ix":1,"ks":{"a":0,"k":{"i":[[-28.876,0],[0,28.949],[28.876,0],[0,-28.949]],"o":[[28.876,0],[0,-28.949],[-28.876,0],[0,28.949]],"v":[[0,52.417],[52.284,0],[0,-52.417],[-52.284,0]],"c":true},"ix":2},"nm":"Path 1","mn":"ADBE Vector Shape - Group","hd":false},{"ty":"fl","c":{"a":0,"k":[1,0.61960786581,0.121568627656,1],"ix":4},"o":{"a":0,"k":100,"ix":5},"r":1,"bm":0,"nm":"Fill 1","mn":"ADBE Vector Graphic - Fill","hd":false},{"ty":"tr","p":{"a":0,"k":[487.375,427.417],"ix":2},"a":{"a":0,"k":[0,0],"ix":1},"s":{"a":0,"k":[100,100],"ix":3},"r":{"a":0,"k":0,"ix":6},"o":{"a":0,"k":100,"ix":7},"sk":{"a":0,"k":0,"ix":4},"sa":{"a":0,"k":0,"ix":5},"nm":"Transform"}],"nm":"Group 7","np":2,"cix":2,"bm":0,"ix":7,"mn":"ADBE Vector Group","hd":false}],"ip":0,"op":240.0000097754,"st":0,"bm":0},{"ddd":0,"ind":2,"ty":4,"nm":"Shape Layer 5","td":1,"sr":1,"ks":{"o":{"a":0,"k":100,"ix":11},"r":{"a":0,"k":0,"ix":10},"p":{"a":0,"k":[486.125,502.75,0],"ix":2,"l":2},"a":{"a":0,"k":[-58.875,60.75,0],"ix":1,"l":2},"s":{"a":0,"k":[222.051,89.189,100],"ix":6,"l":2}},"ao":0,"shapes":[{"ty":"gr","it":[{"ty":"rc","d":1,"s":{"a":0,"k":[48.75,18.5],"ix":2},"p":{"a":0,"k":[0,0],"ix":3},"r":{"a":0,"k":0,"ix":4},"nm":"Rectangle Path 1","mn":"ADBE Vector Shape - Rect","hd":false},{"ty":"fl","c":{"a":0,"k":[1,0.759169574812,0.29411761714,1],"ix":4},"o":{"a":0,"k":100,"ix":5},"r":1,"bm":0,"nm":"Fill 1","mn":"ADBE Vector Graphic - Fill","hd":false},{"ty":"tr","p":{"a":0,"k":[-58.875,60.75],"ix":2},"a":{"a":0,"k":[0,0],"ix":1},"s":{"a":0,"k":[100,100],"ix":3},"r":{"a":0,"k":0,"ix":6},"o":{"a":0,"k":100,"ix":7},"sk":{"a":0,"k":0,"ix":4},"sa":{"a":0,"k":0,"ix":5},"nm":"Transform"}],"nm":"Rectangle 1","np":3,"cix":2,"bm":0,"ix":1,"mn":"ADBE Vector Group","hd":false}],"ip":0,"op":240.0000097754,"st":0,"bm":0},{"ddd":0,"ind":3,"ty":4,"nm":"Layer 17","tt":1,"sr":1,"ks":{"o":{"a":0,"k":100,"ix":11},"r":{"a":0,"k":0,"ix":10},"p":{"a":1,"k":[{"i":{"x":0,"y":1},"o":{"x":0.333,"y":0},"t":41,"s":[487.397,519.829,0],"to":[0,-2.833,0],"ti":[0,2.833,0]},{"t":51.0000020772726,"s":[487.397,502.829,0]}],"ix":2,"l":2},"a":{"a":0,"k":[0,0,0],"ix":1,"l":2},"s":{"a":0,"k":[100,100,100],"ix":6,"l":2}},"ao":0,"shapes":[{"ty":"gr","it":[{"ind":0,"ty":"sh","ix":1,"ks":{"a":0,"k":{"i":[[4.154,0],[0,0],[0,4.209],[-4.198,0],[0,0],[0,-4.209]],"o":[[0,0],[-4.198,0],[0,-4.209],[0,0],[4.198,0],[-0.044,4.209]],"v":[[44.705,7.621],[-44.705,7.621],[-52.306,0],[-44.705,-7.621],[44.705,-7.621],[52.306,0]],"c":true},"ix":2},"nm":"Path 1","mn":"ADBE Vector Shape - Group","hd":false},{"ty":"fl","c":{"a":0,"k":[0.0941176489,0.23137255013,0.337254911661,1],"ix":4},"o":{"a":0,"k":100,"ix":5},"r":1,"bm":0,"nm":"Fill 1","mn":"ADBE Vector Graphic - Fill","hd":false},{"ty":"tr","p":{"a":0,"k":[0,0],"ix":2},"a":{"a":0,"k":[0,0],"ix":1},"s":{"a":0,"k":[100,100],"ix":3},"r":{"a":0,"k":0,"ix":6},"o":{"a":0,"k":100,"ix":7},"sk":{"a":0,"k":0,"ix":4},"sa":{"a":0,"k":0,"ix":5},"nm":"Transform"}],"nm":"Group 1","np":2,"cix":2,"bm":0,"ix":1,"mn":"ADBE Vector Group","hd":false}],"ip":0,"op":240.0000097754,"st":0,"bm":0},{"ddd":0,"ind":4,"ty":4,"nm":"Shape Layer 4","td":1,"sr":1,"ks":{"o":{"a":0,"k":100,"ix":11},"r":{"a":0,"k":0,"ix":10},"p":{"a":0,"k":[513.375,531.75,0],"ix":2,"l":2},"a":{"a":0,"k":[-58.875,60.75,0],"ix":1,"l":2},"s":{"a":0,"k":[181.026,100,100],"ix":6,"l":2}},"ao":0,"shapes":[{"ty":"gr","it":[{"ty":"rc","d":1,"s":{"a":0,"k":[48.75,18.5],"ix":2},"p":{"a":0,"k":[0,0],"ix":3},"r":{"a":0,"k":0,"ix":4},"nm":"Rectangle Path 1","mn":"ADBE Vector Shape - Rect","hd":false},{"ty":"fl","c":{"a":0,"k":[1,0.759169574812,0.29411761714,1],"ix":4},"o":{"a":0,"k":100,"ix":5},"r":1,"bm":0,"nm":"Fill 1","mn":"ADBE Vector Graphic - Fill","hd":false},{"ty":"tr","p":{"a":0,"k":[-58.875,60.75],"ix":2},"a":{"a":0,"k":[0,0],"ix":1},"s":{"a":0,"k":[100,100],"ix":3},"r":{"a":0,"k":0,"ix":6},"o":{"a":0,"k":100,"ix":7},"sk":{"a":0,"k":0,"ix":4},"sa":{"a":0,"k":0,"ix":5},"nm":"Transform"}],"nm":"Rectangle 1","np":3,"cix":2,"bm":0,"ix":1,"mn":"ADBE Vector Group","hd":false}],"ip":0,"op":240.0000097754,"st":0,"bm":0},{"ddd":0,"ind":5,"ty":4,"nm":"Layer 16","tt":1,"sr":1,"ks":{"o":{"a":0,"k":100,"ix":11},"r":{"a":0,"k":0,"ix":10},"p":{"a":1,"k":[{"i":{"x":0.667,"y":1},"o":{"x":0.333,"y":0},"t":42,"s":[424.964,533.09,0],"to":[14.667,0,0],"ti":[-14.667,0,0]},{"t":55.0000022401959,"s":[512.964,533.09,0]}],"ix":2,"l":2},"a":{"a":0,"k":[0,0,0],"ix":1,"l":2},"s":{"a":0,"k":[100,100,100],"ix":6,"l":2}},"ao":0,"shapes":[{"ty":"gr","it":[{"ind":0,"ty":"sh","ix":1,"ks":{"a":0,"k":{"i":[[3.403,0],[0,0],[0,3.412],[-3.403,0],[0,0],[0,-3.412]],"o":[[0,0],[-3.403,0],[0,-3.412],[0,0],[3.403,0],[0.044,3.456]],"v":[[36.595,6.203],[-36.55,6.203],[-42.738,0],[-36.55,-6.203],[36.551,-6.203],[42.738,0]],"c":true},"ix":2},"nm":"Path 1","mn":"ADBE Vector Shape - Group","hd":false},{"ty":"fl","c":{"a":0,"k":[1,1,1,1],"ix":4},"o":{"a":0,"k":100,"ix":5},"r":1,"bm":0,"nm":"Fill 1","mn":"ADBE Vector Graphic - Fill","hd":false},{"ty":"tr","p":{"a":0,"k":[0,0],"ix":2},"a":{"a":0,"k":[0,0],"ix":1},"s":{"a":0,"k":[100,100],"ix":3},"r":{"a":0,"k":0,"ix":6},"o":{"a":0,"k":100,"ix":7},"sk":{"a":0,"k":0,"ix":4},"sa":{"a":0,"k":0,"ix":5},"nm":"Transform"}],"nm":"Group 1","np":2,"cix":2,"bm":0,"ix":1,"mn":"ADBE Vector Group","hd":false}],"ip":0,"op":240.0000097754,"st":0,"bm":0},{"ddd":0,"ind":6,"ty":4,"nm":"Shape Layer 3","td":1,"sr":1,"ks":{"o":{"a":0,"k":100,"ix":11},"r":{"a":0,"k":0,"ix":10},"p":{"a":0,"k":[503.625,561.25,0],"ix":2,"l":2},"a":{"a":0,"k":[-58.875,60.75,0],"ix":1,"l":2},"s":{"a":0,"k":[136.923,100,100],"ix":6,"l":2}},"ao":0,"shapes":[{"ty":"gr","it":[{"ty":"rc","d":1,"s":{"a":0,"k":[48.75,18.5],"ix":2},"p":{"a":0,"k":[0,0],"ix":3},"r":{"a":0,"k":0,"ix":4},"nm":"Rectangle Path 1","mn":"ADBE Vector Shape - Rect","hd":false},{"ty":"fl","c":{"a":0,"k":[1,0.759169574812,0.29411761714,1],"ix":4},"o":{"a":0,"k":100,"ix":5},"r":1,"bm":0,"nm":"Fill 1","mn":"ADBE Vector Graphic - Fill","hd":false},{"ty":"tr","p":{"a":0,"k":[-58.875,60.75],"ix":2},"a":{"a":0,"k":[0,0],"ix":1},"s":{"a":0,"k":[100,100],"ix":3},"r":{"a":0,"k":0,"ix":6},"o":{"a":0,"k":100,"ix":7},"sk":{"a":0,"k":0,"ix":4},"sa":{"a":0,"k":0,"ix":5},"nm":"Transform"}],"nm":"Rectangle 1","np":3,"cix":2,"bm":0,"ix":1,"mn":"ADBE Vector Group","hd":false}],"ip":0,"op":240.0000097754,"st":0,"bm":0},{"ddd":0,"ind":7,"ty":4,"nm":"Layer 15","tt":1,"sr":1,"ks":{"o":{"a":0,"k":100,"ix":11},"r":{"a":0,"k":0,"ix":10},"p":{"a":1,"k":[{"i":{"x":0,"y":1},"o":{"x":0.333,"y":0},"t":36,"s":[433.644,561.98,0],"to":[11.5,0,0],"ti":[-11.5,0,0]},{"t":47.0000019143492,"s":[502.644,561.98,0]}],"ix":2,"l":2},"a":{"a":0,"k":[0,0,0],"ix":1,"l":2},"s":{"a":0,"k":[100,100,100],"ix":6,"l":2}},"ao":0,"shapes":[{"ty":"gr","it":[{"ind":0,"ty":"sh","ix":1,"ks":{"a":0,"k":{"i":[[3.403,0],[0,0],[0,3.411],[-3.403,0],[0,0],[0,-3.412]],"o":[[0,0],[-3.403,0],[0,-3.412],[0,0],[3.403,0],[0,3.411]],"v":[[26.231,6.203],[-26.23,6.203],[-32.418,0],[-26.23,-6.203],[26.231,-6.203],[32.418,0]],"c":true},"ix":2},"nm":"Path 1","mn":"ADBE Vector Shape - Group","hd":false},{"ty":"fl","c":{"a":0,"k":[1,1,1,1],"ix":4},"o":{"a":0,"k":100,"ix":5},"r":1,"bm":0,"nm":"Fill 1","mn":"ADBE Vector Graphic - Fill","hd":false},{"ty":"tr","p":{"a":0,"k":[0,0],"ix":2},"a":{"a":0,"k":[0,0],"ix":1},"s":{"a":0,"k":[100,100],"ix":3},"r":{"a":0,"k":0,"ix":6},"o":{"a":0,"k":100,"ix":7},"sk":{"a":0,"k":0,"ix":4},"sa":{"a":0,"k":0,"ix":5},"nm":"Transform"}],"nm":"Group 1","np":2,"cix":2,"bm":0,"ix":1,"mn":"ADBE Vector Group","hd":false}],"ip":0,"op":240.0000097754,"st":0,"bm":0},{"ddd":0,"ind":8,"ty":4,"nm":"Shape Layer 2","td":1,"sr":1,"ks":{"o":{"a":0,"k":100,"ix":11},"r":{"a":0,"k":0,"ix":10},"p":{"a":0,"k":[441.625,533.75,0],"ix":2,"l":2},"a":{"a":0,"k":[-58.875,60.75,0],"ix":1,"l":2},"s":{"a":0,"k":[100,100,100],"ix":6,"l":2}},"ao":0,"shapes":[{"ty":"gr","it":[{"ty":"rc","d":1,"s":{"a":0,"k":[48.75,18.5],"ix":2},"p":{"a":0,"k":[0,0],"ix":3},"r":{"a":0,"k":0,"ix":4},"nm":"Rectangle Path 1","mn":"ADBE Vector Shape - Rect","hd":false},{"ty":"fl","c":{"a":0,"k":[1,0.759169574812,0.29411761714,1],"ix":4},"o":{"a":0,"k":100,"ix":5},"r":1,"bm":0,"nm":"Fill 1","mn":"ADBE Vector Graphic - Fill","hd":false},{"ty":"tr","p":{"a":0,"k":[-58.875,60.75],"ix":2},"a":{"a":0,"k":[0,0],"ix":1},"s":{"a":0,"k":[100,100],"ix":3},"r":{"a":0,"k":0,"ix":6},"o":{"a":0,"k":100,"ix":7},"sk":{"a":0,"k":0,"ix":4},"sa":{"a":0,"k":0,"ix":5},"nm":"Transform"}],"nm":"Rectangle 1","np":3,"cix":2,"bm":0,"ix":1,"mn":"ADBE Vector Group","hd":false}],"ip":0,"op":240.0000097754,"st":0,"bm":0},{"ddd":0,"ind":9,"ty":4,"nm":"Layer 14","tt":1,"sr":1,"ks":{"o":{"a":0,"k":100,"ix":11},"r":{"a":0,"k":0,"ix":10},"p":{"a":1,"k":[{"i":{"x":0,"y":1},"o":{"x":0.333,"y":0},"t":32.666,"s":[385.807,533.09,0],"to":[8.667,0,0],"ti":[-8.667,0,0]},{"t":44.0000017921567,"s":[437.807,533.09,0]}],"ix":2,"l":2},"a":{"a":0,"k":[0,0,0],"ix":1,"l":2},"s":{"a":0,"k":[100,100,100],"ix":6,"l":2}},"ao":0,"shapes":[{"ty":"gr","it":[{"ind":0,"ty":"sh","ix":1,"ks":{"a":0,"k":{"i":[[3.403,0],[0,0],[0,3.412],[-3.403,0],[0,0],[0,-3.412]],"o":[[0,0],[-3.403,0],[0,-3.412],[0,0],[3.403,0],[0,3.456]],"v":[[12.441,6.203],[-12.442,6.203],[-18.628,0],[-12.442,-6.203],[12.441,-6.203],[18.629,0]],"c":true},"ix":2},"nm":"Path 1","mn":"ADBE Vector Shape - Group","hd":false},{"ty":"fl","c":{"a":0,"k":[0.0941176489,0.23137255013,0.337254911661,1],"ix":4},"o":{"a":0,"k":100,"ix":5},"r":1,"bm":0,"nm":"Fill 1","mn":"ADBE Vector Graphic - Fill","hd":false},{"ty":"tr","p":{"a":0,"k":[0,0],"ix":2},"a":{"a":0,"k":[0,0],"ix":1},"s":{"a":0,"k":[100,100],"ix":3},"r":{"a":0,"k":0,"ix":6},"o":{"a":0,"k":100,"ix":7},"sk":{"a":0,"k":0,"ix":4},"sa":{"a":0,"k":0,"ix":5},"nm":"Transform"}],"nm":"Group 1","np":2,"cix":2,"bm":0,"ix":1,"mn":"ADBE Vector Group","hd":false}],"ip":0,"op":240.0000097754,"st":0,"bm":0},{"ddd":0,"ind":10,"ty":4,"nm":"Shape Layer 1","td":1,"sr":1,"ks":{"o":{"a":0,"k":100,"ix":11},"r":{"a":0,"k":0,"ix":10},"p":{"a":0,"k":[441.125,560.75,0],"ix":2,"l":2},"a":{"a":0,"k":[-58.875,60.75,0],"ix":1,"l":2},"s":{"a":0,"k":[100,100,100],"ix":6,"l":2}},"ao":0,"shapes":[{"ty":"gr","it":[{"ty":"rc","d":1,"s":{"a":0,"k":[48.75,18.5],"ix":2},"p":{"a":0,"k":[0,0],"ix":3},"r":{"a":0,"k":0,"ix":4},"nm":"Rectangle Path 1","mn":"ADBE Vector Shape - Rect","hd":false},{"ty":"fl","c":{"a":0,"k":[1,0.759169574812,0.29411761714,1],"ix":4},"o":{"a":0,"k":100,"ix":5},"r":1,"bm":0,"nm":"Fill 1","mn":"ADBE Vector Graphic - Fill","hd":false},{"ty":"tr","p":{"a":0,"k":[-58.875,60.75],"ix":2},"a":{"a":0,"k":[0,0],"ix":1},"s":{"a":0,"k":[100,100],"ix":3},"r":{"a":0,"k":0,"ix":6},"o":{"a":0,"k":100,"ix":7},"sk":{"a":0,"k":0,"ix":4},"sa":{"a":0,"k":0,"ix":5},"nm":"Transform"}],"nm":"Rectangle 1","np":3,"cix":2,"bm":0,"ix":1,"mn":"ADBE Vector Group","hd":false}],"ip":0,"op":240.0000097754,"st":0,"bm":0},{"ddd":0,"ind":11,"ty":4,"nm":"Layer 13","tt":1,"sr":1,"ks":{"o":{"a":0,"k":100,"ix":11},"r":{"a":0,"k":0,"ix":10},"p":{"a":1,"k":[{"i":{"x":0.667,"y":1},"o":{"x":0.333,"y":0},"t":27,"s":[389.808,561.98,0],"to":[8,0,0],"ti":[-8,0,0]},{"t":39.1425015943067,"s":[437.808,561.98,0]}],"ix":2,"l":2},"a":{"a":0,"k":[0,0,0],"ix":1,"l":2},"s":{"a":0,"k":[100,100,100],"ix":6,"l":2}},"ao":0,"shapes":[{"ty":"gr","it":[{"ind":0,"ty":"sh","ix":1,"ks":{"a":0,"k":{"i":[[3.403,0],[0,0],[0,3.411],[-3.403,0],[0,0],[0,-3.412]],"o":[[0,0],[-3.403,0],[0,-3.412],[0,0],[3.403,0],[0,3.411]],"v":[[12.441,6.203],[-12.442,6.203],[-18.628,0],[-12.442,-6.203],[12.441,-6.203],[18.629,0]],"c":true},"ix":2},"nm":"Path 1","mn":"ADBE Vector Shape - Group","hd":false},{"ty":"fl","c":{"a":0,"k":[0.0941176489,0.23137255013,0.337254911661,1],"ix":4},"o":{"a":0,"k":100,"ix":5},"r":1,"bm":0,"nm":"Fill 1","mn":"ADBE Vector Graphic - Fill","hd":false},{"ty":"tr","p":{"a":0,"k":[0,0],"ix":2},"a":{"a":0,"k":[0,0],"ix":1},"s":{"a":0,"k":[100,100],"ix":3},"r":{"a":0,"k":0,"ix":6},"o":{"a":0,"k":100,"ix":7},"sk":{"a":0,"k":0,"ix":4},"sa":{"a":0,"k":0,"ix":5},"nm":"Transform"}],"nm":"Group 1","np":2,"cix":2,"bm":0,"ix":1,"mn":"ADBE Vector Group","hd":false}],"ip":0,"op":240.0000097754,"st":0,"bm":0},{"ddd":0,"ind":12,"ty":4,"nm":"Layer 12","td":1,"sr":1,"ks":{"o":{"a":0,"k":100,"ix":11},"r":{"a":0,"k":0,"ix":10},"p":{"a":0,"k":[487.397,507.795,0],"ix":2,"l":2},"a":{"a":0,"k":[0,0,0],"ix":1,"l":2},"s":{"a":0,"k":[145.021,145.581,100],"ix":6,"l":2}},"ao":0,"shapes":[{"ty":"gr","it":[{"ind":0,"ty":"sh","ix":1,"ks":{"a":0,"k":{"i":[[1.547,0],[0,0],[0,1.551],[0,0],[-1.547,0],[0,0],[0,-1.551],[0,0]],"o":[[0,0],[-1.591,0],[0,0],[0,-1.595],[0,0],[1.591,0],[0,0],[0,1.551]],"v":[[79.355,78.98],[-79.354,78.98],[-82.183,76.144],[-82.183,-76.144],[-79.354,-78.98],[79.355,-78.98],[82.183,-76.144],[82.183,76.144]],"c":true},"ix":2},"nm":"Path 1","mn":"ADBE Vector Shape - Group","hd":false},{"ty":"fl","c":{"a":0,"k":[1,0.780392169952,0.490196079016,1],"ix":4},"o":{"a":0,"k":100,"ix":5},"r":1,"bm":0,"nm":"Fill 1","mn":"ADBE Vector Graphic - Fill","hd":false},{"ty":"tr","p":{"a":0,"k":[0,0],"ix":2},"a":{"a":0,"k":[0,0],"ix":1},"s":{"a":0,"k":[100,100],"ix":3},"r":{"a":0,"k":0,"ix":6},"o":{"a":0,"k":100,"ix":7},"sk":{"a":0,"k":0,"ix":4},"sa":{"a":0,"k":0,"ix":5},"nm":"Transform"}],"nm":"Group 1","np":2,"cix":2,"bm":0,"ix":1,"mn":"ADBE Vector Group","hd":false}],"ip":0,"op":240.0000097754,"st":0,"bm":0},{"ddd":0,"ind":13,"ty":4,"nm":"Layer 11","tt":1,"sr":1,"ks":{"o":{"a":1,"k":[{"i":{"x":[0.667],"y":[1]},"o":{"x":[0.333],"y":[0]},"t":0,"s":[0]},{"t":15.0000006109625,"s":[100]}],"ix":11},"r":{"a":0,"k":0,"ix":10},"p":{"a":1,"k":[{"i":{"x":0.667,"y":1},"o":{"x":0.779,"y":0},"t":0,"s":[487.397,717.795,0],"to":[0,-36.5,0],"ti":[0,30.5,0]},{"i":{"x":0,"y":1},"o":{"x":0.073,"y":0},"t":15,"s":[487.397,498.795,0],"to":[0,-30.5,0],"ti":[0,-3.667,0]},{"i":{"x":0.032,"y":1},"o":{"x":1,"y":0},"t":20,"s":[487.397,534.795,0],"to":[0,3.667,0],"ti":[0,2.333,0]},{"t":25.0000010182709,"s":[487.397,520.795,0]}],"ix":2,"l":2},"a":{"a":0,"k":[0,0,0],"ix":1,"l":2},"s":{"a":0,"k":[100,100,100],"ix":6,"l":2}},"ao":0,"shapes":[{"ty":"gr","it":[{"ind":0,"ty":"sh","ix":1,"ks":{"a":0,"k":{"i":[[1.547,0],[0,0],[0,1.551],[0,0],[-1.547,0],[0,0],[0,-1.551],[0,0]],"o":[[0,0],[-1.591,0],[0,0],[0,-1.595],[0,0],[1.591,0],[0,0],[0,1.551]],"v":[[79.355,78.98],[-79.354,78.98],[-82.183,76.144],[-82.183,-76.144],[-79.354,-78.98],[79.355,-78.98],[82.183,-76.144],[82.183,76.144]],"c":true},"ix":2},"nm":"Path 1","mn":"ADBE Vector Shape - Group","hd":false},{"ty":"fl","c":{"a":0,"k":[1,0.780392169952,0.490196079016,1],"ix":4},"o":{"a":0,"k":100,"ix":5},"r":1,"bm":0,"nm":"Fill 1","mn":"ADBE Vector Graphic - Fill","hd":false},{"ty":"tr","p":{"a":0,"k":[0,0],"ix":2},"a":{"a":0,"k":[0,0],"ix":1},"s":{"a":0,"k":[100,100],"ix":3},"r":{"a":0,"k":0,"ix":6},"o":{"a":0,"k":100,"ix":7},"sk":{"a":0,"k":0,"ix":4},"sa":{"a":0,"k":0,"ix":5},"nm":"Transform"}],"nm":"Group 1","np":2,"cix":2,"bm":0,"ix":1,"mn":"ADBE Vector Group","hd":false}],"ip":0,"op":240.0000097754,"st":0,"bm":0}]}],"layers":[{"ddd":0,"ind":1,"ty":4,"nm":"Layer 10","sr":1,"ks":{"o":{"a":1,"k":[{"i":{"x":[0.667],"y":[1]},"o":{"x":[0.333],"y":[0]},"t":14,"s":[0]},{"t":26.0000010590017,"s":[100]}],"ix":11},"r":{"a":1,"k":[{"i":{"x":[0.115],"y":[0.917]},"o":{"x":[0.433],"y":[0]},"t":17,"s":[-90]},{"i":{"x":[0.52],"y":[0.918]},"o":{"x":[1],"y":[-0.301]},"t":27,"s":[13.066]},{"i":{"x":[0],"y":[1.328]},"o":{"x":[0.2],"y":[-0.066]},"t":35,"s":[-10.83]},{"t":42.0000017106951,"s":[0]}],"ix":10},"p":{"a":0,"k":[593.793,600.005,0],"ix":2,"l":2},"a":{"a":0,"k":[593.793,600.005,0],"ix":1,"l":2},"s":{"a":0,"k":[100,100,100],"ix":6,"l":2}},"ao":0,"shapes":[{"ty":"gr","it":[{"ind":0,"ty":"sh","ix":1,"ks":{"a":0,"k":{"i":[[0.133,-0.354],[0,0],[-2.696,-0.045],[0,0]],"o":[[0,0],[2.696,0],[0,0],[-0.088,-0.398]],"v":[[-0.287,-6.804],[-4.265,7.065],[4.265,7.065],[0.464,-6.76]],"c":true},"ix":2},"nm":"Path 1","mn":"ADBE Vector Shape - Group","hd":false},{"ty":"fl","c":{"a":0,"k":[0.0941176489,0.23137255013,0.337254911661,1],"ix":4},"o":{"a":0,"k":100,"ix":5},"r":1,"bm":0,"nm":"Fill 1","mn":"ADBE Vector Graphic - Fill","hd":false},{"ty":"tr","p":{"a":0,"k":[593.688,417.296],"ix":2},"a":{"a":0,"k":[0,0],"ix":1},"s":{"a":0,"k":[100,100],"ix":3},"r":{"a":0,"k":0,"ix":6},"o":{"a":0,"k":100,"ix":7},"sk":{"a":0,"k":0,"ix":4},"sa":{"a":0,"k":0,"ix":5},"nm":"Transform"}],"nm":"Group 1","np":2,"cix":2,"bm":0,"ix":1,"mn":"ADBE Vector Group","hd":false},{"ty":"gr","it":[{"ind":0,"ty":"sh","ix":1,"ks":{"a":0,"k":{"i":[[0,0],[0,0],[0,0],[0,0]],"o":[[0,0],[0,0],[0,0],[0,0]],"v":[[-10.078,5.138],[10.031,5.23],[10.078,-5.138],[-10.031,-5.23]],"c":true},"ix":2},"nm":"Path 1","mn":"ADBE Vector Shape - Group","hd":false},{"ty":"fl","c":{"a":0,"k":[1,1,1,1],"ix":4},"o":{"a":0,"k":100,"ix":5},"r":1,"bm":0,"nm":"Fill 1","mn":"ADBE Vector Graphic - Fill","hd":false},{"ty":"tr","p":{"a":0,"k":[593.058,574.81],"ix":2},"a":{"a":0,"k":[0,0],"ix":1},"s":{"a":0,"k":[100,100],"ix":3},"r":{"a":0,"k":0,"ix":6},"o":{"a":0,"k":100,"ix":7},"sk":{"a":0,"k":0,"ix":4},"sa":{"a":0,"k":0,"ix":5},"nm":"Transform"}],"nm":"Group 2","np":2,"cix":2,"bm":0,"ix":2,"mn":"ADBE Vector Group","hd":false},{"ty":"gr","it":[{"ind":0,"ty":"sh","ix":1,"ks":{"a":0,"k":{"i":[[-1.502,0],[0,0],[0,1.507],[0,0],[0,0],[0,0]],"o":[[0,0],[1.502,0],[0,0],[0,0],[0,0],[0,1.507]],"v":[[-7.403,9.836],[7.315,9.925],[10.011,7.222],[10.099,-9.837],[-10.01,-9.925],[-10.099,7.133]],"c":true},"ix":2},"nm":"Path 1","mn":"ADBE Vector Shape - Group","hd":false},{"ty":"fl","c":{"a":0,"k":[0.0941176489,0.23137255013,0.337254911661,1],"ix":4},"o":{"a":0,"k":100,"ix":5},"r":1,"bm":0,"nm":"Fill 1","mn":"ADBE Vector Graphic - Fill","hd":false},{"ty":"tr","p":{"a":0,"k":[592.981,589.894],"ix":2},"a":{"a":0,"k":[0,0],"ix":1},"s":{"a":0,"k":[100,100],"ix":3},"r":{"a":0,"k":0,"ix":6},"o":{"a":0,"k":100,"ix":7},"sk":{"a":0,"k":0,"ix":4},"sa":{"a":0,"k":0,"ix":5},"nm":"Transform"}],"nm":"Group 3","np":2,"cix":2,"bm":0,"ix":3,"mn":"ADBE Vector Group","hd":false},{"ty":"gr","it":[{"ind":0,"ty":"sh","ix":1,"ks":{"a":0,"k":{"i":[[0,0],[0,0],[0,0],[0,0]],"o":[[0,0],[0,0],[0,0],[0,0]],"v":[[-3.025,67.513],[2.413,67.539],[3.025,-67.514],[-2.411,-67.538]],"c":true},"ix":2},"nm":"Path 1","mn":"ADBE Vector Shape - Group","hd":false},{"ty":"fl","c":{"a":0,"k":[1,0.61960786581,0.121568627656,1],"ix":4},"o":{"a":0,"k":100,"ix":5},"r":1,"bm":0,"nm":"Fill 1","mn":"ADBE Vector Graphic - Fill","hd":false},{"ty":"tr","p":{"a":0,"k":[585.99,512.464],"ix":2},"a":{"a":0,"k":[0,0],"ix":1},"s":{"a":0,"k":[100,100],"ix":3},"r":{"a":0,"k":0,"ix":6},"o":{"a":0,"k":100,"ix":7},"sk":{"a":0,"k":0,"ix":4},"sa":{"a":0,"k":0,"ix":5},"nm":"Transform"}],"nm":"Group 4","np":2,"cix":2,"bm":0,"ix":4,"mn":"ADBE Vector Group","hd":false},{"ty":"gr","it":[{"ind":0,"ty":"sh","ix":1,"ks":{"a":0,"k":{"i":[[0,0],[0,0],[0,0],[0,0]],"o":[[0,0],[0,0],[0,0],[0,0]],"v":[[-3.024,67.514],[2.412,67.538],[3.024,-67.514],[-2.412,-67.538]],"c":true},"ix":2},"nm":"Path 1","mn":"ADBE Vector Shape - Group","hd":false},{"ty":"fl","c":{"a":0,"k":[1,0.61960786581,0.121568627656,1],"ix":4},"o":{"a":0,"k":100,"ix":5},"r":1,"bm":0,"nm":"Fill 1","mn":"ADBE Vector Graphic - Fill","hd":false},{"ty":"tr","p":{"a":0,"k":[600.681,512.51],"ix":2},"a":{"a":0,"k":[0,0],"ix":1},"s":{"a":0,"k":[100,100],"ix":3},"r":{"a":0,"k":0,"ix":6},"o":{"a":0,"k":100,"ix":7},"sk":{"a":0,"k":0,"ix":4},"sa":{"a":0,"k":0,"ix":5},"nm":"Transform"}],"nm":"Group 5","np":2,"cix":2,"bm":0,"ix":5,"mn":"ADBE Vector Group","hd":false},{"ty":"gr","it":[{"ind":0,"ty":"sh","ix":1,"ks":{"a":0,"k":{"i":[[0,0],[0,0],[0,0],[0,0]],"o":[[0,0],[0,0],[0,0],[0,0]],"v":[[-10.361,67.48],[9.749,67.572],[10.361,-67.48],[-9.748,-67.572]],"c":true},"ix":2},"nm":"Path 1","mn":"ADBE Vector Shape - Group","hd":false},{"ty":"fl","c":{"a":0,"k":[0.984313726425,0.690196096897,0.250980407,1],"ix":4},"o":{"a":0,"k":100,"ix":5},"r":1,"bm":0,"nm":"Fill 1","mn":"ADBE Vector Graphic - Fill","hd":false},{"ty":"tr","p":{"a":0,"k":[593.313,512.487],"ix":2},"a":{"a":0,"k":[0,0],"ix":1},"s":{"a":0,"k":[100,100],"ix":3},"r":{"a":0,"k":0,"ix":6},"o":{"a":0,"k":100,"ix":7},"sk":{"a":0,"k":0,"ix":4},"sa":{"a":0,"k":0,"ix":5},"nm":"Transform"}],"nm":"Group 6","np":2,"cix":2,"bm":0,"ix":6,"mn":"ADBE Vector Group","hd":false},{"ty":"gr","it":[{"ind":0,"ty":"sh","ix":1,"ks":{"a":0,"k":{"i":[[0,0],[0,0],[0.088,-0.398],[0,0]],"o":[[0,0],[-0.088,-0.398],[0,0],[0,0]],"v":[[10.077,17.385],[0.53,-17.087],[-0.221,-17.087],[-10.077,17.297]],"c":true},"ix":2},"nm":"Path 1","mn":"ADBE Vector Shape - Group","hd":false},{"ty":"fl","c":{"a":0,"k":[0.866666674614,0.86274510622,0.933333337307,1],"ix":4},"o":{"a":0,"k":100,"ix":5},"r":1,"bm":0,"nm":"Fill 1","mn":"ADBE Vector Graphic - Fill","hd":false},{"ty":"tr","p":{"a":0,"k":[593.622,427.577],"ix":2},"a":{"a":0,"k":[0,0],"ix":1},"s":{"a":0,"k":[100,100],"ix":3},"r":{"a":0,"k":0,"ix":6},"o":{"a":0,"k":100,"ix":7},"sk":{"a":0,"k":0,"ix":4},"sa":{"a":0,"k":0,"ix":5},"nm":"Transform"}],"nm":"Group 7","np":2,"cix":2,"bm":0,"ix":7,"mn":"ADBE Vector Group","hd":false}],"ip":0,"op":240.0000097754,"st":0,"bm":0},{"ddd":0,"ind":2,"ty":4,"nm":"Layer 19","sr":1,"ks":{"o":{"a":1,"k":[{"i":{"x":[0.667],"y":[1]},"o":{"x":[0.333],"y":[0]},"t":34,"s":[0]},{"t":47.0000019143492,"s":[100]}],"ix":11},"r":{"a":0,"k":0,"ix":10},"p":{"a":0,"k":[406.794,583.423,0],"ix":2,"l":2},"a":{"a":0,"k":[409.794,580.423,0],"ix":1,"l":2},"s":{"a":1,"k":[{"i":{"x":[0.529,0.529,0.667],"y":[1,1,1]},"o":{"x":[0.533,0.533,0.333],"y":[0,0,0]},"t":34,"s":[0,0,100]},{"i":{"x":[0,0,0.667],"y":[1,1,1]},"o":{"x":[0.333,0.333,0.333],"y":[0,0,0]},"t":46,"s":[120,120,100]},{"t":54.0000021994651,"s":[100,100,100]}],"ix":6,"l":2}},"ao":0,"shapes":[{"ty":"gr","it":[{"ind":0,"ty":"sh","ix":1,"ks":{"a":0,"k":{"i":[[0,-3.589],[3.58,0],[0,0],[0,3.589],[-3.58,0],[0,0]],"o":[[0,3.589],[0,0],[-3.58,0],[0,-3.589],[0,0],[3.58,0]],"v":[[18.651,0],[12.198,6.469],[-12.198,6.469],[-18.651,0],[-12.198,-6.469],[12.198,-6.469]],"c":true},"ix":2},"nm":"Path 1","mn":"ADBE Vector Shape - Group","hd":false},{"ty":"fl","c":{"a":0,"k":[1,1,1,1],"ix":4},"o":{"a":0,"k":100,"ix":5},"r":1,"bm":0,"nm":"Fill 1","mn":"ADBE Vector Graphic - Fill","hd":false},{"ty":"tr","p":{"a":0,"k":[409.812,580.455],"ix":2},"a":{"a":0,"k":[0,0],"ix":1},"s":{"a":0,"k":[100,100],"ix":3},"r":{"a":0,"k":0,"ix":6},"o":{"a":0,"k":100,"ix":7},"sk":{"a":0,"k":0,"ix":4},"sa":{"a":0,"k":0,"ix":5},"nm":"Transform"}],"nm":"Group 1","np":2,"cix":2,"bm":0,"ix":1,"mn":"ADBE Vector Group","hd":false},{"ty":"gr","it":[{"ind":0,"ty":"sh","ix":1,"ks":{"a":0,"k":{"i":[[3.536,0],[0,3.589],[0,0],[-3.58,0],[0,-3.589],[0,0]],"o":[[-3.58,0],[0,0],[0,-3.589],[3.58,0],[0,0],[0,3.545]],"v":[[0,18.698],[-6.453,12.229],[-6.453,-12.229],[0,-18.698],[6.453,-12.229],[6.453,12.229]],"c":true},"ix":2},"nm":"Path 1","mn":"ADBE Vector Shape - Group","hd":false},{"ty":"fl","c":{"a":0,"k":[1,1,1,1],"ix":4},"o":{"a":0,"k":100,"ix":5},"r":1,"bm":0,"nm":"Fill 1","mn":"ADBE Vector Graphic - Fill","hd":false},{"ty":"tr","p":{"a":0,"k":[409.811,580.456],"ix":2},"a":{"a":0,"k":[0,0],"ix":1},"s":{"a":0,"k":[100,100],"ix":3},"r":{"a":0,"k":0,"ix":6},"o":{"a":0,"k":100,"ix":7},"sk":{"a":0,"k":0,"ix":4},"sa":{"a":0,"k":0,"ix":5},"nm":"Transform"}],"nm":"Group 2","np":2,"cix":2,"bm":0,"ix":2,"mn":"ADBE Vector Group","hd":false},{"ty":"gr","it":[{"ind":0,"ty":"sh","ix":1,"ks":{"a":0,"k":{"i":[[-6.346,15.481],[15.442,6.362],[6.346,-15.481],[-15.442,-6.362]],"o":[[6.346,-15.481],[-15.442,-6.363],[-6.346,15.481],[15.442,6.362]],"v":[[27.96,11.52],[11.491,-28.03],[-27.96,-11.519],[-11.49,28.031]],"c":true},"ix":2},"nm":"Path 1","mn":"ADBE Vector Shape - Group","hd":false},{"ty":"fl","c":{"a":0,"k":[1,0.61960786581,0.121568627656,1],"ix":4},"o":{"a":0,"k":100,"ix":5},"r":1,"bm":0,"nm":"Fill 1","mn":"ADBE Vector Graphic - Fill","hd":false},{"ty":"tr","p":{"a":0,"k":[409.794,580.423],"ix":2},"a":{"a":0,"k":[0,0],"ix":1},"s":{"a":0,"k":[100,100],"ix":3},"r":{"a":0,"k":0,"ix":6},"o":{"a":0,"k":100,"ix":7},"sk":{"a":0,"k":0,"ix":4},"sa":{"a":0,"k":0,"ix":5},"nm":"Transform"}],"nm":"Group 3","np":2,"cix":2,"bm":0,"ix":3,"mn":"ADBE Vector Group","hd":false}],"ip":0,"op":240.0000097754,"st":0,"bm":0},{"ddd":0,"ind":3,"ty":0,"nm":"Pre-comp 1","refId":"comp_0","sr":1,"ks":{"o":{"a":0,"k":100,"ix":11},"r":{"a":0,"k":0,"ix":10},"p":{"a":1,"k":[{"i":{"x":0.667,"y":1},"o":{"x":0.333,"y":0},"t":25,"s":[500,500,0],"to":[0,-2.833,0],"ti":[0,0,0]},{"i":{"x":0.667,"y":1},"o":{"x":0.333,"y":0},"t":58.164,"s":[500,483,0],"to":[0,0,0],"ti":[0,-2.833,0]},{"t":90.0000036657751,"s":[500,500,0]}],"ix":2,"l":2},"a":{"a":0,"k":[500,500,0],"ix":1,"l":2},"s":{"a":0,"k":[100,100,100],"ix":6,"l":2}},"ao":0,"w":1000,"h":1000,"ip":0,"op":240.0000097754,"st":0,"bm":0},{"ddd":0,"ind":4,"ty":4,"nm":"Layer 3","sr":1,"ks":{"o":{"a":0,"k":100,"ix":11},"r":{"a":1,"k":[{"i":{"x":[0.667],"y":[1]},"o":{"x":[0.333],"y":[0]},"t":0,"s":[0]},{"i":{"x":[0.667],"y":[1]},"o":{"x":[0.333],"y":[0]},"t":30,"s":[10]},{"i":{"x":[0.667],"y":[1]},"o":{"x":[0.333],"y":[0]},"t":60,"s":[-8]},{"i":{"x":[0.667],"y":[1]},"o":{"x":[0.333],"y":[0]},"t":90,"s":[10]},{"i":{"x":[0.667],"y":[1]},"o":{"x":[0.333],"y":[0]},"t":120,"s":[-10]},{"t":150.000006109625,"s":[0]}],"ix":10},"p":{"a":0,"k":[413.476,611.695,0],"ix":2,"l":2},"a":{"a":0,"k":[19.25,30.75,0],"ix":1,"l":2},"s":{"a":0,"k":[100,100,100],"ix":6,"l":2}},"ao":0,"shapes":[{"ty":"gr","it":[{"ind":0,"ty":"sh","ix":1,"ks":{"a":0,"k":{"i":[[0,0],[10.298,11.431],[-0.795,8.153],[-4.42,-10.368],[-11.535,-6.646]],"o":[[-0.972,-15.375],[-5.48,-6.07],[-7.116,8.729],[5.215,12.274],[0,0]],"v":[[19.119,30.795],[-1.123,-9.748],[-12.216,-30.795],[-16.724,1.063],[12.313,27.471]],"c":true},"ix":2},"nm":"Path 1","mn":"ADBE Vector Shape - Group","hd":false},{"ty":"fl","c":{"a":0,"k":[0.741176486015,0.741176486015,0.741176486015,1],"ix":4},"o":{"a":0,"k":100,"ix":5},"r":1,"bm":0,"nm":"Fill 1","mn":"ADBE Vector Graphic - Fill","hd":false},{"ty":"tr","p":{"a":0,"k":[0,0],"ix":2},"a":{"a":0,"k":[0,0],"ix":1},"s":{"a":0,"k":[100,100],"ix":3},"r":{"a":0,"k":0,"ix":6},"o":{"a":0,"k":100,"ix":7},"sk":{"a":0,"k":0,"ix":4},"sa":{"a":0,"k":0,"ix":5},"nm":"Transform"}],"nm":"Group 1","np":2,"cix":2,"bm":0,"ix":1,"mn":"ADBE Vector Group","hd":false}],"ip":0,"op":240.0000097754,"st":0,"bm":0},{"ddd":0,"ind":5,"ty":4,"nm":"Layer 4","sr":1,"ks":{"o":{"a":0,"k":100,"ix":11},"r":{"a":1,"k":[{"i":{"x":[0.667],"y":[1]},"o":{"x":[0.333],"y":[0]},"t":0,"s":[0]},{"i":{"x":[0.667],"y":[1]},"o":{"x":[0.333],"y":[0]},"t":30,"s":[-10]},{"i":{"x":[0.667],"y":[1]},"o":{"x":[0.333],"y":[0]},"t":60,"s":[6]},{"i":{"x":[0.667],"y":[1]},"o":{"x":[0.333],"y":[0]},"t":90,"s":[-10]},{"i":{"x":[0.667],"y":[1]},"o":{"x":[0.333],"y":[0]},"t":120,"s":[10]},{"t":150.000006109625,"s":[0]}],"ix":10},"p":{"a":0,"k":[406.526,605.231,0],"ix":2,"l":2},"a":{"a":0,"k":[27,39.75,0],"ix":1,"l":2},"s":{"a":0,"k":[100,100,100],"ix":6,"l":2}},"ao":0,"shapes":[{"ty":"gr","it":[{"ind":0,"ty":"sh","ix":1,"ks":{"a":0,"k":{"i":[[0,0],[12.11,8.95],[4.243,3.323],[0.707,5.361],[-1.768,-9.172],[-5.967,-7.134],[-15.336,-5.76]],"o":[[0.752,-15.065],[-4.331,-3.19],[-4.243,-3.324],[-6.231,6.912],[1.768,9.172],[10.519,12.628],[0,0]],"v":[[21.179,21.8],[2.617,-17.413],[-10.863,-26.363],[-19.57,-39.523],[-25.89,-13.248],[-13.161,11.343],[26.527,39.523]],"c":true},"ix":2},"nm":"Path 1","mn":"ADBE Vector Shape - Group","hd":false},{"ty":"fl","c":{"a":0,"k":[0.78823530674,0.78823530674,0.78823530674,1],"ix":4},"o":{"a":0,"k":100,"ix":5},"r":1,"bm":0,"nm":"Fill 1","mn":"ADBE Vector Graphic - Fill","hd":false},{"ty":"tr","p":{"a":0,"k":[0,0],"ix":2},"a":{"a":0,"k":[0,0],"ix":1},"s":{"a":0,"k":[100,100],"ix":3},"r":{"a":0,"k":0,"ix":6},"o":{"a":0,"k":100,"ix":7},"sk":{"a":0,"k":0,"ix":4},"sa":{"a":0,"k":0,"ix":5},"nm":"Transform"}],"nm":"Group 1","np":2,"cix":2,"bm":0,"ix":1,"mn":"ADBE Vector Group","hd":false}],"ip":0,"op":240.0000097754,"st":0,"bm":0},{"ddd":0,"ind":6,"ty":4,"nm":"Layer 2","sr":1,"ks":{"o":{"a":0,"k":100,"ix":11},"r":{"a":1,"k":[{"i":{"x":[0.667],"y":[1]},"o":{"x":[0.333],"y":[0]},"t":0,"s":[0]},{"i":{"x":[0.667],"y":[1]},"o":{"x":[0.333],"y":[0]},"t":30.18,"s":[10]},{"i":{"x":[0.667],"y":[1]},"o":{"x":[0.333],"y":[0]},"t":60,"s":[-6]},{"i":{"x":[0.667],"y":[1]},"o":{"x":[0.333],"y":[0]},"t":90,"s":[10]},{"i":{"x":[0.667],"y":[1]},"o":{"x":[0.333],"y":[0]},"t":120,"s":[-10]},{"t":150.000006109625,"s":[0]}],"ix":10},"p":{"a":0,"k":[549.519,611.091,0],"ix":2,"l":2},"a":{"a":0,"k":[-23,24.25,0],"ix":1,"l":2},"s":{"a":0,"k":[100,100,100],"ix":6,"l":2}},"ao":0,"shapes":[{"ty":"gr","it":[{"ind":0,"ty":"sh","ix":1,"ks":{"a":0,"k":{"i":[[-0.221,5.583],[-1.06,2.171],[-2.298,-0.797],[0.133,-3.279],[-4.11,3.634],[-2.872,0.974],[-2.077,-2.215],[1.502,-2.747],[2.784,-1.374],[1.856,-2.171],[-2.431,-1.462],[-2.652,-1.816],[1.812,-1.95],[2.563,-0.665],[5.613,-1.418],[2.873,1.817],[-0.663,2.88]],"o":[[0.089,-2.437],[1.105,-2.216],[3.094,1.019],[4.11,-3.589],[2.298,-1.993],[2.873,-0.975],[2.121,2.26],[-1.503,2.747],[-2.564,1.24],[-1.856,2.171],[2.74,1.684],[2.21,1.507],[-1.812,1.949],[-5.613,1.418],[-3.094,0.754],[-2.785,-1.772],[1.238,-5.495]],"v":[[-17.745,-5.719],[-16.552,-12.897],[-10.585,-15.999],[-7.182,-7.58],[5.193,-18.392],[12.706,-23.398],[21.148,-21.892],[21.767,-13.163],[14.828,-7.181],[7.624,-2.751],[7.889,4.737],[17.303,5.845],[17.391,12.846],[10.276,16.169],[-6.563,20.378],[-21.855,23.48],[-19.955,10.941]],"c":true},"ix":2},"nm":"Path 1","mn":"ADBE Vector Shape - Group","hd":false},{"ty":"fl","c":{"a":0,"k":[0.705882370472,0.705882370472,0.705882370472,1],"ix":4},"o":{"a":0,"k":100,"ix":5},"r":1,"bm":0,"nm":"Fill 1","mn":"ADBE Vector Graphic - Fill","hd":false},{"ty":"tr","p":{"a":0,"k":[0,0],"ix":2},"a":{"a":0,"k":[0,0],"ix":1},"s":{"a":0,"k":[100,100],"ix":3},"r":{"a":0,"k":0,"ix":6},"o":{"a":0,"k":100,"ix":7},"sk":{"a":0,"k":0,"ix":4},"sa":{"a":0,"k":0,"ix":5},"nm":"Transform"}],"nm":"Group 1","np":2,"cix":2,"bm":0,"ix":1,"mn":"ADBE Vector Group","hd":false}],"ip":0,"op":240.0000097754,"st":0,"bm":0},{"ddd":0,"ind":7,"ty":4,"nm":"Layer 8","sr":1,"ks":{"o":{"a":0,"k":100,"ix":11},"r":{"a":1,"k":[{"i":{"x":[0.667],"y":[1]},"o":{"x":[0.333],"y":[0]},"t":0,"s":[0]},{"i":{"x":[0.667],"y":[1]},"o":{"x":[0.333],"y":[0]},"t":30,"s":[-10]},{"i":{"x":[0.667],"y":[1]},"o":{"x":[0.333],"y":[0]},"t":60,"s":[8]},{"i":{"x":[0.667],"y":[1]},"o":{"x":[0.333],"y":[0]},"t":90,"s":[-10]},{"i":{"x":[0.667],"y":[1]},"o":{"x":[0.333],"y":[0]},"t":120,"s":[10]},{"t":150.000006109625,"s":[0]}],"ix":10},"p":{"a":0,"k":[553.857,573.808,0],"ix":2,"l":2},"a":{"a":0,"k":[-33,34.5,0],"ix":1,"l":2},"s":{"a":0,"k":[100,100,100],"ix":6,"l":2}},"ao":0,"shapes":[{"ty":"gr","it":[{"ind":0,"ty":"sh","ix":1,"ks":{"a":0,"k":{"i":[[-0.309,8.153],[-1.591,3.235],[-3.403,-1.152],[0.177,-4.785],[-6.011,5.272],[-4.154,1.462],[-3.006,-3.234],[2.165,-3.944],[4.021,-1.994],[2.696,-3.146],[-3.536,-2.215],[-3.889,-2.658],[2.652,-2.791],[3.757,-0.931],[8.132,-2.038],[4.155,2.659],[-0.973,4.21]],"o":[[0.133,-3.589],[1.591,-3.19],[4.508,1.506],[6.011,-5.228],[3.314,-2.88],[4.154,-1.418],[3.093,3.323],[-2.166,3.987],[-3.713,1.817],[-2.696,3.146],[3.977,2.481],[3.183,2.171],[-2.652,2.836],[-8.176,2.038],[-4.508,1.108],[-4.066,-2.569],[1.768,-7.886]],"v":[[-25.851,-8.255],[-24.083,-18.756],[-15.377,-23.275],[-10.427,-11.002],[7.606,-26.731],[18.522,-34.042],[30.809,-31.827],[31.693,-19.154],[21.572,-10.426],[11.053,-4.001],[11.451,6.943],[25.151,8.538],[25.24,18.729],[14.898,23.559],[-9.587,29.673],[-31.818,34.148],[-29.033,15.893]],"c":true},"ix":2},"nm":"Path 1","mn":"ADBE Vector Shape - Group","hd":false},{"ty":"fl","c":{"a":0,"k":[0.705882370472,0.705882370472,0.705882370472,1],"ix":4},"o":{"a":0,"k":100,"ix":5},"r":1,"bm":0,"nm":"Fill 1","mn":"ADBE Vector Graphic - Fill","hd":false},{"ty":"tr","p":{"a":0,"k":[0,0],"ix":2},"a":{"a":0,"k":[0,0],"ix":1},"s":{"a":0,"k":[100,100],"ix":3},"r":{"a":0,"k":0,"ix":6},"o":{"a":0,"k":100,"ix":7},"sk":{"a":0,"k":0,"ix":4},"sa":{"a":0,"k":0,"ix":5},"nm":"Transform"}],"nm":"Group 1","np":2,"cix":2,"bm":0,"ix":1,"mn":"ADBE Vector Group","hd":false}],"ip":0,"op":240.0000097754,"st":0,"bm":0},{"ddd":0,"ind":8,"ty":4,"nm":"Layer 9","sr":1,"ks":{"o":{"a":0,"k":100,"ix":11},"r":{"a":1,"k":[{"i":{"x":[0.667],"y":[1]},"o":{"x":[0.333],"y":[0]},"t":0,"s":[0]},{"i":{"x":[0.667],"y":[1]},"o":{"x":[0.333],"y":[0]},"t":30,"s":[10]},{"i":{"x":[0.667],"y":[1]},"o":{"x":[0.333],"y":[0]},"t":60,"s":[-7]},{"i":{"x":[0.667],"y":[1]},"o":{"x":[0.333],"y":[0]},"t":90,"s":[10]},{"i":{"x":[0.667],"y":[1]},"o":{"x":[0.333],"y":[0]},"t":120,"s":[-10]},{"t":150.000006109625,"s":[0]}],"ix":10},"p":{"a":0,"k":[561.51,540.278,0],"ix":2,"l":2},"a":{"a":0,"k":[561.51,540.278,0],"ix":1,"l":2},"s":{"a":0,"k":[100,100,100],"ix":6,"l":2}},"ao":0,"shapes":[{"ty":"gr","it":[{"ind":0,"ty":"sh","ix":1,"ks":{"a":0,"k":{"i":[[5.392,-3.456],[0,0],[-6.187,3.943],[-5.48,3.5],[-7.646,-0.931],[0,0],[6.939,-4.387],[6.276,-3.988]],"o":[[0,0],[5.392,-3.456],[6.276,-3.988],[7.16,-4.564],[0,0],[-7.16,-0.886],[-5.481,3.5],[-6.188,3.943]],"v":[[-28.086,15.864],[-28.838,14.712],[-11.027,3.369],[7.005,-8.107],[28.838,-15.728],[28.662,-14.355],[7.757,-6.955],[-10.275,4.521]],"c":true},"ix":2},"nm":"Path 1","mn":"ADBE Vector Shape - Group","hd":false},{"ty":"fl","c":{"a":0,"k":[0.86274510622,0.858823537827,0.858823537827,1],"ix":4},"o":{"a":0,"k":100,"ix":5},"r":1,"bm":0,"nm":"Fill 1","mn":"ADBE Vector Graphic - Fill","hd":false},{"ty":"tr","p":{"a":0,"k":[606.77,502.87],"ix":2},"a":{"a":0,"k":[0,0],"ix":1},"s":{"a":0,"k":[100,100],"ix":3},"r":{"a":0,"k":0,"ix":6},"o":{"a":0,"k":100,"ix":7},"sk":{"a":0,"k":0,"ix":4},"sa":{"a":0,"k":0,"ix":5},"nm":"Transform"}],"nm":"Group 1","np":2,"cix":2,"bm":0,"ix":1,"mn":"ADBE Vector Group","hd":false},{"ty":"gr","it":[{"ind":0,"ty":"sh","ix":1,"ks":{"a":0,"k":{"i":[[10.386,-7.134],[0,0],[-5.127,11.255],[-1.415,4.298],[-1.326,3.279],[-5.79,4.032],[0,0],[3.669,-8.994],[1.104,-3.235],[1.944,-4.253]],"o":[[0,0],[10.166,-7],[1.901,-4.165],[1.105,-3.279],[3.756,-9.261],[0,0],[-5.569,3.855],[-1.326,3.235],[-1.459,4.298],[-5.215,11.52]],"v":[[-22.584,35.801],[-23.38,34.648],[0,6.735],[4.818,-6.115],[8.398,-16.04],[22.585,-35.801],[23.38,-34.649],[9.679,-15.508],[6.144,-5.671],[1.238,7.311]],"c":true},"ix":2},"nm":"Path 1","mn":"ADBE Vector Shape - Group","hd":false},{"ty":"fl","c":{"a":0,"k":[0.86274510622,0.858823537827,0.858823537827,1],"ix":4},"o":{"a":0,"k":100,"ix":5},"r":1,"bm":0,"nm":"Fill 1","mn":"ADBE Vector Graphic - Fill","hd":false},{"ty":"tr","p":{"a":0,"k":[592.959,489.669],"ix":2},"a":{"a":0,"k":[0,0],"ix":1},"s":{"a":0,"k":[100,100],"ix":3},"r":{"a":0,"k":0,"ix":6},"o":{"a":0,"k":100,"ix":7},"sk":{"a":0,"k":0,"ix":4},"sa":{"a":0,"k":0,"ix":5},"nm":"Transform"}],"nm":"Group 2","np":2,"cix":2,"bm":0,"ix":2,"mn":"ADBE Vector Group","hd":false},{"ty":"gr","it":[{"ind":0,"ty":"sh","ix":1,"ks":{"a":0,"k":{"i":[[0,0],[4.817,13.425],[0.618,5.848],[-5.481,2.083],[-2.475,-6.026],[0.84,-6.469],[-7.159,14.976],[-3.094,2.969],[-4.066,-1.374],[0.486,-5.273],[2.74,-4.52],[7.072,-11.697],[-11.668,2.659],[-2.21,-7],[5.038,-2.791],[5.613,-1.107],[11.005,-17.28]],"o":[[5.259,-13.248],[-1.989,-5.494],[-0.619,-5.805],[6.099,-2.304],[2.475,6.026],[7.16,-14.976],[1.857,-3.855],[3.093,-2.969],[4.994,1.683],[-0.53,5.272],[-7.16,11.697],[5.569,-10.59],[7.16,-1.639],[1.768,5.495],[-5.038,2.792],[-20.065,3.988],[0,0]],"v":[[-40.164,52.409],[-39.457,10.582],[-44.893,-6.078],[-37.689,-20.7],[-22.221,-12.237],[-21.381,7.081],[0.054,-37.803],[6.905,-48.57],[18.617,-51.937],[25.644,-38.999],[19.589,-24.466],[-1.758,10.626],[25.821,-10.598],[44.56,-3.686],[37.356,10.537],[20.782,14.968],[-28.541,48.731]],"c":true},"ix":2},"nm":"Path 1","mn":"ADBE Vector Shape - Group","hd":false},{"ty":"fl","c":{"a":0,"k":[0.78823530674,0.78823530674,0.78823530674,1],"ix":4},"o":{"a":0,"k":100,"ix":5},"r":1,"bm":0,"nm":"Fill 1","mn":"ADBE Vector Graphic - Fill","hd":false},{"ty":"tr","p":{"a":0,"k":[602.01,489.278],"ix":2},"a":{"a":0,"k":[0,0],"ix":1},"s":{"a":0,"k":[100,100],"ix":3},"r":{"a":0,"k":0,"ix":6},"o":{"a":0,"k":100,"ix":7},"sk":{"a":0,"k":0,"ix":4},"sa":{"a":0,"k":0,"ix":5},"nm":"Transform"}],"nm":"Group 3","np":2,"cix":2,"bm":0,"ix":3,"mn":"ADBE Vector Group","hd":false}],"ip":0,"op":240.0000097754,"st":0,"bm":0},{"ddd":0,"ind":9,"ty":4,"nm":"Layer 1","sr":1,"ks":{"o":{"a":0,"k":100,"ix":11},"r":{"a":0,"k":0,"ix":10},"p":{"a":0,"k":[489.673,587.539,0],"ix":2,"l":2},"a":{"a":0,"k":[0,0,0],"ix":1,"l":2},"s":{"a":0,"k":[100,100,100],"ix":6,"l":2}},"ao":0,"shapes":[{"ty":"gr","it":[{"ind":0,"ty":"sh","ix":1,"ks":{"a":0,"k":{"i":[[0,0],[-14.806,-12.982],[-46.98,27.782],[-9.59,21.623],[0,0]],"o":[[3.845,17.812],[42.384,37.175],[22.143,-13.07],[0,0],[0,0]],"v":[[-127.992,-37.389],[-100.634,9.799],[80.04,16.312],[127.992,-37.434],[-127.992,-37.434]],"c":true},"ix":2},"nm":"Path 1","mn":"ADBE Vector Shape - Group","hd":false},{"ty":"fl","c":{"a":0,"k":[0.878431379795,0.882352948189,0.878431379795,1],"ix":4},"o":{"a":0,"k":100,"ix":5},"r":1,"bm":0,"nm":"Fill 1","mn":"ADBE Vector Graphic - Fill","hd":false},{"ty":"tr","p":{"a":0,"k":[0,0],"ix":2},"a":{"a":0,"k":[0,0],"ix":1},"s":{"a":0,"k":[100,100],"ix":3},"r":{"a":0,"k":0,"ix":6},"o":{"a":0,"k":100,"ix":7},"sk":{"a":0,"k":0,"ix":4},"sa":{"a":0,"k":0,"ix":5},"nm":"Transform"}],"nm":"Group 1","np":2,"cix":2,"bm":0,"ix":1,"mn":"ADBE Vector Group","hd":false}],"ip":0,"op":240.0000097754,"st":6.00000024438501,"bm":0},{"ddd":0,"ind":10,"ty":4,"nm":"Layer 5","sr":1,"ks":{"o":{"a":0,"k":100,"ix":11},"r":{"a":1,"k":[{"i":{"x":[0.667],"y":[1]},"o":{"x":[0.333],"y":[0]},"t":0,"s":[0]},{"i":{"x":[0.667],"y":[1]},"o":{"x":[0.333],"y":[0]},"t":30,"s":[10]},{"i":{"x":[0.667],"y":[1]},"o":{"x":[0.333],"y":[0]},"t":60,"s":[-8]},{"i":{"x":[0.667],"y":[1]},"o":{"x":[0.333],"y":[0]},"t":90,"s":[10]},{"i":{"x":[0.667],"y":[1]},"o":{"x":[0.333],"y":[0]},"t":120,"s":[-10]},{"t":150.000006109625,"s":[0]}],"ix":10},"p":{"a":0,"k":[397.139,567.016,0],"ix":2,"l":2},"a":{"a":0,"k":[397.139,567.016,0],"ix":1,"l":2},"s":{"a":0,"k":[100,100,100],"ix":6,"l":2}},"ao":0,"shapes":[{"ty":"gr","it":[{"ind":0,"ty":"sh","ix":1,"ks":{"a":0,"k":{"i":[[0,0],[2.299,0.887],[1.016,0.354],[2.519,2.304],[0.398,2.526],[0.486,1.196],[2.077,3.766],[1.591,4.165],[0,0],[-2.078,-3.766],[-1.591,-4.165],[-0.221,-1.463],[-1.503,-1.374],[-3.138,-1.107],[-1.016,-0.443],[-0.398,-3.899]],"o":[[-0.53,-4.785],[-0.972,-0.398],[-3.138,-1.108],[-1.9,-1.728],[-0.221,-1.462],[-1.591,-4.076],[-2.077,-3.767],[0,0],[1.591,4.076],[2.077,3.766],[0.53,1.329],[0.398,2.392],[2.298,2.127],[1.016,0.355],[5.348,2.127],[0,0]],"v":[[17.148,24.458],[8.883,16.128],[5.834,15.021],[-3.094,10.457],[-5.79,3.589],[-6.718,-0.443],[-12.552,-12.14],[-18.43,-23.971],[-17.148,-24.458],[-11.314,-12.761],[-5.436,-0.93],[-4.464,3.368],[-2.21,9.438],[6.232,13.691],[9.325,14.843],[18.43,24.325]],"c":true},"ix":2},"nm":"Path 1","mn":"ADBE Vector Shape - Group","hd":false},{"ty":"fl","c":{"a":0,"k":[0.78823530674,0.78823530674,0.78823530674,1],"ix":4},"o":{"a":0,"k":100,"ix":5},"r":1,"bm":0,"nm":"Fill 1","mn":"ADBE Vector Graphic - Fill","hd":false},{"ty":"tr","p":{"a":0,"k":[387.801,520.464],"ix":2},"a":{"a":0,"k":[0,0],"ix":1},"s":{"a":0,"k":[100,100],"ix":3},"r":{"a":0,"k":0,"ix":6},"o":{"a":0,"k":100,"ix":7},"sk":{"a":0,"k":0,"ix":4},"sa":{"a":0,"k":0,"ix":5},"nm":"Transform"}],"nm":"Group 1","np":2,"cix":2,"bm":0,"ix":1,"mn":"ADBE Vector Group","hd":false},{"ty":"gr","it":[{"ind":0,"ty":"sh","ix":1,"ks":{"a":0,"k":{"i":[[0,0],[2.873,4.785],[5.171,2.038],[3.978,3.899],[2.077,4.919],[4.464,2.925],[3.006,-4.431],[-5.171,-4.165],[-1.502,-6.513],[-1.06,-4.696],[-4.597,-2.791],[-3.226,-4.342],[4.375,-3.19]],"o":[[5.126,-2.171],[-2.873,-4.786],[-5.171,-2.039],[-3.801,-3.722],[-2.077,-4.918],[-4.42,-2.968],[-3.756,5.494],[5.171,4.209],[1.105,4.697],[1.194,5.273],[4.596,2.792],[3.182,4.342],[0,0]],"v":[[26.201,17.677],[29.471,3.277],[16.124,-6.205],[1.495,-13.959],[-6.328,-27.784],[-15.344,-40.722],[-29.664,-39.171],[-23.741,-22.023],[-10.571,-7.579],[-10.306,6.821],[0.125,18.607],[12.986,28.222],[12.235,42.755]],"c":true},"ix":2},"nm":"Path 1","mn":"ADBE Vector Shape - Group","hd":false},{"ty":"fl","c":{"a":0,"k":[0.733333349228,0.733333349228,0.733333349228,1],"ix":4},"o":{"a":0,"k":100,"ix":5},"r":1,"bm":0,"nm":"Fill 1","mn":"ADBE Vector Graphic - Fill","hd":false},{"ty":"tr","p":{"a":0,"k":[384.139,525.516],"ix":2},"a":{"a":0,"k":[0,0],"ix":1},"s":{"a":0,"k":[100,100],"ix":3},"r":{"a":0,"k":0,"ix":6},"o":{"a":0,"k":100,"ix":7},"sk":{"a":0,"k":0,"ix":4},"sa":{"a":0,"k":0,"ix":5},"nm":"Transform"}],"nm":"Group 2","np":2,"cix":2,"bm":0,"ix":2,"mn":"ADBE Vector Group","hd":false}],"ip":0,"op":240.0000097754,"st":0,"bm":0},{"ddd":0,"ind":11,"ty":4,"nm":"Layer 6","sr":1,"ks":{"o":{"a":0,"k":100,"ix":11},"r":{"a":1,"k":[{"i":{"x":[0.667],"y":[1]},"o":{"x":[0.333],"y":[0]},"t":0,"s":[0]},{"i":{"x":[0.667],"y":[1]},"o":{"x":[0.333],"y":[0]},"t":30,"s":[-10]},{"i":{"x":[0.667],"y":[1]},"o":{"x":[0.333],"y":[0]},"t":60,"s":[7]},{"i":{"x":[0.667],"y":[1]},"o":{"x":[0.333],"y":[0]},"t":90,"s":[-10]},{"i":{"x":[0.667],"y":[1]},"o":{"x":[0.333],"y":[0]},"t":120,"s":[10]},{"t":150.000006109625,"s":[0]}],"ix":10},"p":{"a":0,"k":[412.438,543.193,0],"ix":2,"l":2},"a":{"a":0,"k":[412.438,543.193,0],"ix":1,"l":2},"s":{"a":0,"k":[100,100,100],"ix":6,"l":2}},"ao":0,"shapes":[{"ty":"gr","it":[{"ind":0,"ty":"sh","ix":1,"ks":{"a":0,"k":{"i":[[0.221,0],[2.608,9.925],[0.221,1.108],[0.707,1.683],[3.977,3.013],[1.326,1.108],[1.944,9.039],[0,0],[-6.851,-5.805],[-1.326,-1.019],[-1.944,-4.874],[-0.354,-1.861],[-0.265,-1.107],[-9.855,0.31],[0,0]],"o":[[-10.254,0],[-0.309,-1.152],[-0.354,-1.861],[-1.856,-4.52],[-1.37,-1.019],[-7.027,-5.982],[0,0],[1.9,8.773],[1.281,1.063],[4.155,3.146],[0.752,1.816],[0.221,1.108],[2.563,9.571],[0,0],[-0.177,0]],"v":[[26.12,31.902],[3.314,14.4],[2.563,10.944],[1.193,5.583],[-8.751,-5.096],[-12.817,-8.286],[-26.783,-31.592],[-25.457,-31.902],[-11.933,-9.349],[-7.956,-6.204],[2.43,5.051],[3.889,10.678],[4.596,14.045],[26.738,30.528],[26.783,31.902]],"c":true},"ix":2},"nm":"Path 1","mn":"ADBE Vector Shape - Group","hd":false},{"ty":"fl","c":{"a":0,"k":[0.86274510622,0.858823537827,0.858823537827,1],"ix":4},"o":{"a":0,"k":100,"ix":5},"r":1,"bm":0,"nm":"Fill 1","mn":"ADBE Vector Graphic - Fill","hd":false},{"ty":"tr","p":{"a":0,"k":[395.624,493.834],"ix":2},"a":{"a":0,"k":[0,0],"ix":1},"s":{"a":0,"k":[100,100],"ix":3},"r":{"a":0,"k":0,"ix":6},"o":{"a":0,"k":100,"ix":7},"sk":{"a":0,"k":0,"ix":4},"sa":{"a":0,"k":0,"ix":5},"nm":"Transform"}],"nm":"Group 1","np":2,"cix":2,"bm":0,"ix":1,"mn":"ADBE Vector Group","hd":false},{"ty":"gr","it":[{"ind":0,"ty":"sh","ix":1,"ks":{"a":0,"k":{"i":[[0,0],[6.409,5.318],[4.198,7.222],[1.812,3.722],[4.111,0.798],[0.045,-6.78],[-4.022,-5.45],[-1.105,-6.691],[-6.187,-4.652],[-4.553,-5.006],[-0.795,-4.209],[-3.801,2.038]],"o":[[3.138,-7.71],[-6.364,-5.317],[-2.078,-3.589],[-1.812,-3.767],[-6.629,-1.329],[-0.044,6.779],[4.022,5.45],[1.238,7.665],[5.437,4.033],[2.917,3.191],[0.796,4.254],[0,0]],"v":[[26.282,9.845],[17.575,-11.778],[-0.81,-28.437],[-5.716,-39.913],[-14.6,-48.066],[-27.196,-35.482],[-19.24,-17.139],[-9.694,0.629],[-4.877,22.561],[14.084,28.587],[17.354,40.905],[26.105,47.729]],"c":true},"ix":2},"nm":"Path 1","mn":"ADBE Vector Shape - Group","hd":false},{"ty":"fl","c":{"a":0,"k":[0.78823530674,0.78823530674,0.78823530674,1],"ix":4},"o":{"a":0,"k":100,"ix":5},"r":1,"bm":0,"nm":"Fill 1","mn":"ADBE Vector Graphic - Fill","hd":false},{"ty":"tr","p":{"a":0,"k":[386.666,497.193],"ix":2},"a":{"a":0,"k":[0,0],"ix":1},"s":{"a":0,"k":[100,100],"ix":3},"r":{"a":0,"k":0,"ix":6},"o":{"a":0,"k":100,"ix":7},"sk":{"a":0,"k":0,"ix":4},"sa":{"a":0,"k":0,"ix":5},"nm":"Transform"}],"nm":"Group 2","np":2,"cix":2,"bm":0,"ix":2,"mn":"ADBE Vector Group","hd":false}],"ip":0,"op":240.0000097754,"st":0,"bm":0},{"ddd":0,"ind":12,"ty":4,"nm":"Layer 7","sr":1,"ks":{"o":{"a":0,"k":100,"ix":11},"r":{"a":0,"k":0,"ix":10},"p":{"a":0,"k":[498.89,509.281,0],"ix":2,"l":2},"a":{"a":0,"k":[0,0,0],"ix":1,"l":2},"s":{"a":0,"k":[100,100,100],"ix":6,"l":2}},"ao":0,"shapes":[{"ty":"gr","it":[{"ind":0,"ty":"sh","ix":1,"ks":{"a":0,"k":{"i":[[43.312,55.962],[31.644,10.767],[35.578,-29.554],[-54.804,-48.075],[-46.981,27.782]],"o":[[-23.203,-29.952],[-38.981,-13.292],[-49.146,40.808],[42.384,37.175],[60.593,-35.801]],"v":[[109.815,-77.585],[13.953,-103.86],[-81.379,-95.441],[-104.449,88.084],[76.226,94.597]],"c":true},"ix":2},"nm":"Path 1","mn":"ADBE Vector Shape - Group","hd":false},{"ty":"fl","c":{"a":0,"k":[0.945098042488,0.941176474094,0.941176474094,1],"ix":4},"o":{"a":0,"k":100,"ix":5},"r":1,"bm":0,"nm":"Fill 1","mn":"ADBE Vector Graphic - Fill","hd":false},{"ty":"tr","p":{"a":0,"k":[0,0],"ix":2},"a":{"a":0,"k":[0,0],"ix":1},"s":{"a":0,"k":[100,100],"ix":3},"r":{"a":0,"k":0,"ix":6},"o":{"a":0,"k":100,"ix":7},"sk":{"a":0,"k":0,"ix":4},"sa":{"a":0,"k":0,"ix":5},"nm":"Transform"}],"nm":"Group 1","np":2,"cix":2,"bm":0,"ix":1,"mn":"ADBE Vector Group","hd":false}],"ip":0,"op":240.0000097754,"st":0,"bm":0}],"markers":[]}