{"v":"5.11.0","fr":29.9700012207031,"ip":0,"op":107.000004358199,"w":1000,"h":1000,"nm":"Comp 1","ddd":0,"assets":[{"id":"comp_0","nm":"box","fr":29.9700012207031,"layers":[{"ddd":0,"ind":1,"ty":4,"nm":"Layer 10","sr":1,"ks":{"o":{"a":0,"k":100,"ix":11},"r":{"a":0,"k":0,"ix":10},"p":{"a":1,"k":[{"i":{"x":0.357,"y":1},"o":{"x":0.52,"y":0},"t":20,"s":[506.616,466.302,0],"to":[-0.167,32.167,0],"ti":[0.167,-32.167,0]},{"t":35.0000014255792,"s":[505.616,659.302,0]}],"ix":2,"l":2},"a":{"a":0,"k":[5.616,159.302,0],"ix":1,"l":2},"s":{"a":1,"k":[{"i":{"x":[0.667,0.667,0.667],"y":[1,1,1]},"o":{"x":[0.333,0.333,0.333],"y":[0,0,0]},"t":20,"s":[43,43,100]},{"t":35.0000014255792,"s":[100,100,100]}],"ix":6,"l":2}},"ao":0,"shapes":[{"ty":"gr","it":[{"ind":0,"ty":"sh","ix":1,"ks":{"a":0,"k":{"i":[[0,0],[0,0],[0,0],[0,0],[0,0],[0,0]],"o":[[0,0],[0,0],[0,0],[0,0],[0,0],[0,0]],"v":[[124.021,116.594],[91.034,83.605],[5.617,169.022],[-79.8,83.605],[-112.789,116.594],[5.617,235]],"c":true},"ix":2},"nm":"Path 1","mn":"ADBE Vector Shape - Group","hd":false},{"ty":"fl","c":{"a":0,"k":[0.286274509804,0.003921568627,0.709803921569,1],"ix":4},"o":{"a":0,"k":100,"ix":5},"r":1,"bm":0,"nm":"Fill 1","mn":"ADBE Vector Graphic - Fill","hd":false},{"ty":"tr","p":{"a":0,"k":[0,0],"ix":2},"a":{"a":0,"k":[0,0],"ix":1},"s":{"a":0,"k":[100,100],"ix":3},"r":{"a":0,"k":0,"ix":6},"o":{"a":0,"k":100,"ix":7},"sk":{"a":0,"k":0,"ix":4},"sa":{"a":0,"k":0,"ix":5},"nm":"Transform"}],"nm":"Group 1","np":2,"cix":2,"bm":0,"ix":1,"mn":"ADBE Vector Group","hd":false}],"ip":0,"op":302.000012300712,"st":0,"ct":1,"bm":0},{"ddd":0,"ind":2,"ty":4,"nm":"Layer 9","sr":1,"ks":{"o":{"a":0,"k":100,"ix":11},"r":{"a":0,"k":0,"ix":10},"p":{"a":1,"k":[{"i":{"x":0.667,"y":1},"o":{"x":0.333,"y":0},"t":20,"s":[450.259,411.945,0],"to":[-32.167,-0.167,0],"ti":[32.167,0.167,0]},{"t":35.0000014255792,"s":[257.259,410.944,0]}],"ix":2,"l":2},"a":{"a":0,"k":[-242.741,-89.056,0],"ix":1,"l":2},"s":{"a":1,"k":[{"i":{"x":[0.667,0.667,0.667],"y":[1,1,1]},"o":{"x":[0.333,0.333,0.333],"y":[0,0,0]},"t":20,"s":[43,43,100]},{"t":35.0000014255792,"s":[100,100,100]}],"ix":6,"l":2}},"ao":0,"shapes":[{"ty":"gr","it":[{"ind":0,"ty":"sh","ix":1,"ks":{"a":0,"k":{"i":[[0,0],[0,0],[0,0],[0,0],[0,0],[0,0]],"o":[[0,0],[0,0],[0,0],[0,0],[0,0],[0,0]],"v":[[-167.044,-174.472],[-200.033,-207.461],[-318.438,-89.055],[-200.033,29.35],[-167.044,-3.639],[-252.459,-89.055]],"c":true},"ix":2},"nm":"Path 1","mn":"ADBE Vector Shape - Group","hd":false},{"ty":"fl","c":{"a":0,"k":[0.286274509804,0.003921568627,0.709803921569,1],"ix":4},"o":{"a":0,"k":100,"ix":5},"r":1,"bm":0,"nm":"Fill 1","mn":"ADBE Vector Graphic - Fill","hd":false},{"ty":"tr","p":{"a":0,"k":[0,0],"ix":2},"a":{"a":0,"k":[0,0],"ix":1},"s":{"a":0,"k":[100,100],"ix":3},"r":{"a":0,"k":0,"ix":6},"o":{"a":0,"k":100,"ix":7},"sk":{"a":0,"k":0,"ix":4},"sa":{"a":0,"k":0,"ix":5},"nm":"Transform"}],"nm":"Group 1","np":2,"cix":2,"bm":0,"ix":1,"mn":"ADBE Vector Group","hd":false}],"ip":0,"op":302.000012300712,"st":0,"ct":1,"bm":0},{"ddd":0,"ind":3,"ty":4,"nm":"Layer 8","sr":1,"ks":{"o":{"a":0,"k":100,"ix":11},"r":{"a":0,"k":0,"ix":10},"p":{"a":1,"k":[{"i":{"x":0.667,"y":1},"o":{"x":0.333,"y":0},"t":20,"s":[506.616,355.587,0],"to":[-0.167,-32.167,0],"ti":[0.167,32.167,0]},{"t":35.0000014255792,"s":[505.616,162.587,0]}],"ix":2,"l":2},"a":{"a":0,"k":[5.616,-337.413,0],"ix":1,"l":2},"s":{"a":1,"k":[{"i":{"x":[0.667,0.667,0.667],"y":[1,1,1]},"o":{"x":[0.333,0.333,0.333],"y":[0,0,0]},"t":20,"s":[44,44,100]},{"t":35.0000014255792,"s":[100,100,100]}],"ix":6,"l":2}},"ao":0,"shapes":[{"ty":"gr","it":[{"ind":0,"ty":"sh","ix":1,"ks":{"a":0,"k":{"i":[[0,0],[0,0],[0,0],[0,0],[0,0],[0,0]],"o":[[0,0],[0,0],[0,0],[0,0],[0,0],[0,0]],"v":[[91.034,-261.715],[124.021,-294.705],[5.617,-413.111],[-112.789,-294.705],[-79.8,-261.715],[5.617,-347.132]],"c":true},"ix":2},"nm":"Path 1","mn":"ADBE Vector Shape - Group","hd":false},{"ty":"fl","c":{"a":0,"k":[0.286274509804,0.003921568627,0.709803921569,1],"ix":4},"o":{"a":0,"k":100,"ix":5},"r":1,"bm":0,"nm":"Fill 1","mn":"ADBE Vector Graphic - Fill","hd":false},{"ty":"tr","p":{"a":0,"k":[0,0],"ix":2},"a":{"a":0,"k":[0,0],"ix":1},"s":{"a":0,"k":[100,100],"ix":3},"r":{"a":0,"k":0,"ix":6},"o":{"a":0,"k":100,"ix":7},"sk":{"a":0,"k":0,"ix":4},"sa":{"a":0,"k":0,"ix":5},"nm":"Transform"}],"nm":"Group 1","np":2,"cix":2,"bm":0,"ix":1,"mn":"ADBE Vector Group","hd":false}],"ip":0,"op":302.000012300712,"st":0,"ct":1,"bm":0},{"ddd":0,"ind":4,"ty":4,"nm":"Layer 7","sr":1,"ks":{"o":{"a":0,"k":100,"ix":11},"r":{"a":0,"k":0,"ix":10},"p":{"a":1,"k":[{"i":{"x":0.667,"y":1},"o":{"x":0.333,"y":0},"t":20,"s":[561.974,410.944,0],"to":[32,0,0],"ti":[-32,0,0]},{"t":35.0000014255792,"s":[753.974,410.944,0]}],"ix":2,"l":2},"a":{"a":0,"k":[253.974,-89.056,0],"ix":1,"l":2},"s":{"a":1,"k":[{"i":{"x":[0.667,0.667,0.667],"y":[1,1,1]},"o":{"x":[0.333,0.333,0.333],"y":[0,0,0]},"t":20,"s":[43,43,100]},{"t":35.0000014255792,"s":[100,100,100]}],"ix":6,"l":2}},"ao":0,"shapes":[{"ty":"gr","it":[{"ind":0,"ty":"sh","ix":1,"ks":{"a":0,"k":{"i":[[0,0],[0,0],[0,0],[0,0],[0,0],[0,0]],"o":[[0,0],[0,0],[0,0],[0,0],[0,0],[0,0]],"v":[[211.265,-207.461],[178.276,-174.472],[263.693,-89.055],[178.276,-3.639],[211.265,29.35],[329.672,-89.055]],"c":true},"ix":2},"nm":"Path 1","mn":"ADBE Vector Shape - Group","hd":false},{"ty":"fl","c":{"a":0,"k":[0.286274509804,0.003921568627,0.709803921569,1],"ix":4},"o":{"a":0,"k":100,"ix":5},"r":1,"bm":0,"nm":"Fill 1","mn":"ADBE Vector Graphic - Fill","hd":false},{"ty":"tr","p":{"a":0,"k":[0,0],"ix":2},"a":{"a":0,"k":[0,0],"ix":1},"s":{"a":0,"k":[100,100],"ix":3},"r":{"a":0,"k":0,"ix":6},"o":{"a":0,"k":100,"ix":7},"sk":{"a":0,"k":0,"ix":4},"sa":{"a":0,"k":0,"ix":5},"nm":"Transform"}],"nm":"Group 1","np":2,"cix":2,"bm":0,"ix":1,"mn":"ADBE Vector Group","hd":false}],"ip":0,"op":302.000012300712,"st":0,"ct":1,"bm":0}]}],"fonts":{"list":[{"fName":"BarlowCondensed-Regular","fFamily":"Barlow Condensed","fStyle":"Regular","ascent":69.9996948242188},{"fName":"TimesNewRomanPSMT","fFamily":"Times New Roman","fStyle":"Regular","ascent":69.4992065429688}]},"layers":[{"ddd":0,"ind":1,"ty":5,"nm":"you think we make","sr":1,"ks":{"o":{"a":0,"k":100,"ix":11},"r":{"a":0,"k":0,"ix":10},"p":{"a":0,"k":[116.174,945.455,0],"ix":2,"l":2},"a":{"a":0,"k":[0,0,0],"ix":1,"l":2},"s":{"a":0,"k":[100,100,100],"ix":6,"l":2}},"ao":0,"t":{"d":{"k":[{"s":{"s":35.6658897399902,"f":"TimesNewRomanPSMT","t":"YOU THINK WE MAKE","ca":0,"j":0,"tr":650,"lh":42.7990684509277,"ls":0,"fc":[0.286,0.004,0.71]},"t":0}]},"p":{},"m":{"g":1,"a":{"a":0,"k":[0,0],"ix":2}},"a":[{"nm":"Animator 1","s":{"t":0,"xe":{"a":0,"k":0,"ix":7},"ne":{"a":0,"k":0,"ix":8},"a":{"a":0,"k":100,"ix":4},"b":1,"rn":0,"sh":1,"sm":{"a":0,"k":100,"ix":6},"o":{"a":1,"k":[{"i":{"x":[0.667],"y":[1]},"o":{"x":[0.333],"y":[0]},"t":66,"s":[0]},{"t":84.0000034213901,"s":[100]}],"ix":3},"r":1},"a":{"p":{"a":0,"k":[-21,0,0],"ix":2},"s":{"a":0,"k":[100,100,100],"ix":3},"r":{"a":0,"k":0,"ix":8},"o":{"a":0,"k":0,"ix":9}}}]},"ip":66.0000026882351,"op":107.000004358199,"st":66.0000026882351,"ct":1,"bm":0},{"ddd":0,"ind":2,"ty":5,"nm":"Imagin maker","sr":1,"ks":{"o":{"a":0,"k":100,"ix":11},"r":{"a":0,"k":0,"ix":10},"p":{"a":0,"k":[113.865,879.949,0],"ix":2,"l":2},"a":{"a":0,"k":[0,0,0],"ix":1,"l":2},"s":{"a":0,"k":[100,100,100],"ix":6,"l":2}},"ao":0,"t":{"d":{"k":[{"s":{"s":144.4619140625,"f":"BarlowCondensed-Regular","t":"IMAGIN MAKER","ca":0,"j":0,"tr":1,"lh":173.354309082031,"ls":0,"fc":[0.286,0.004,0.71]},"t":0}]},"p":{},"m":{"g":1,"a":{"a":0,"k":[0,0],"ix":2}},"a":[{"nm":"Animator 1","s":{"t":0,"xe":{"a":0,"k":0,"ix":7},"ne":{"a":0,"k":0,"ix":8},"a":{"a":0,"k":100,"ix":4},"b":1,"rn":0,"sh":1,"sm":{"a":0,"k":100,"ix":6},"o":{"a":1,"k":[{"i":{"x":[0.667],"y":[1]},"o":{"x":[0.333],"y":[0]},"t":48,"s":[0]},{"t":66.0000026882351,"s":[100]}],"ix":3},"r":1},"a":{"p":{"a":0,"k":[-21,0,0],"ix":2},"s":{"a":0,"k":[100,100,100],"ix":3},"r":{"a":0,"k":0,"ix":8},"o":{"a":0,"k":0,"ix":9}}}]},"ip":48.0000019550801,"op":107.000004358199,"st":48.0000019550801,"ct":1,"bm":0},{"ddd":0,"ind":3,"ty":0,"nm":"box","refId":"comp_0","sr":1,"ks":{"o":{"a":0,"k":100,"ix":11},"r":{"a":1,"k":[{"i":{"x":[0.57],"y":[1]},"o":{"x":[0.175],"y":[0]},"t":0,"s":[0]},{"i":{"x":[0.674],"y":[1]},"o":{"x":[0.331],"y":[0]},"t":10,"s":[45]},{"i":{"x":[0.821],"y":[1]},"o":{"x":[0.434],"y":[0]},"t":20,"s":[90]},{"i":{"x":[0.667],"y":[1]},"o":{"x":[0.333],"y":[0]},"t":35,"s":[90]},{"t":50.0000020365418,"s":[45]}],"ix":10},"p":{"a":0,"k":[508,410,0],"ix":2,"l":2},"a":{"a":0,"k":[508,410,0],"ix":1,"l":2},"s":{"a":0,"k":[100,100,100],"ix":6,"l":2}},"ao":0,"w":1000,"h":1000,"ip":0,"op":107.000004358199,"st":0,"bm":0},{"ddd":0,"ind":4,"ty":4,"nm":"Shape Layer 1","td":1,"sr":1,"ks":{"o":{"a":0,"k":100,"ix":11},"r":{"a":1,"k":[{"i":{"x":[0.667],"y":[1]},"o":{"x":[0.333],"y":[0]},"t":35,"s":[45]},{"t":50.0000020365418,"s":[45]}],"ix":10},"p":{"a":0,"k":[505.5,409.622,0],"ix":2,"l":2},"a":{"a":0,"k":[11,-89,0],"ix":1,"l":2},"s":{"a":1,"k":[{"i":{"x":[0.708,0.708,0.667],"y":[1,1,1]},"o":{"x":[0.333,0.333,0.333],"y":[0,0,0]},"t":20,"s":[89,89,100]},{"t":35.0000014255792,"s":[343,343,100]}],"ix":6,"l":2}},"ao":0,"shapes":[{"ty":"gr","it":[{"ty":"rc","d":1,"s":{"a":0,"k":[126,126],"ix":2},"p":{"a":0,"k":[0,0],"ix":3},"r":{"a":0,"k":0,"ix":4},"nm":"Rectangle Path 1","mn":"ADBE Vector Shape - Rect","hd":false},{"ty":"fl","c":{"a":0,"k":[0,1,0.282353001015,1],"ix":4},"o":{"a":0,"k":100,"ix":5},"r":1,"bm":0,"nm":"Fill 1","mn":"ADBE Vector Graphic - Fill","hd":false},{"ty":"tr","p":{"a":0,"k":[11,-89],"ix":2},"a":{"a":0,"k":[0,0],"ix":1},"s":{"a":0,"k":[100,100],"ix":3},"r":{"a":0,"k":0,"ix":6},"o":{"a":0,"k":100,"ix":7},"sk":{"a":0,"k":0,"ix":4},"sa":{"a":0,"k":0,"ix":5},"nm":"Transform"}],"nm":"Rectangle 1","np":3,"cix":2,"bm":0,"ix":1,"mn":"ADBE Vector Group","hd":false}],"ip":0,"op":107.000004358199,"st":0,"ct":1,"bm":0},{"ddd":0,"ind":5,"ty":4,"nm":"Layer 11","tt":1,"tp":4,"sr":1,"ks":{"o":{"a":0,"k":100,"ix":11},"r":{"a":1,"k":[{"i":{"x":[0.667],"y":[1]},"o":{"x":[0.333],"y":[0]},"t":35,"s":[0]},{"t":50.0000020365418,"s":[45]}],"ix":10},"p":{"a":0,"k":[505.616,410.945,0],"ix":2,"l":2},"a":{"a":0,"k":[5.616,-89.055,0],"ix":1,"l":2},"s":{"a":0,"k":[100,100,100],"ix":6,"l":2}},"ao":0,"shapes":[{"ty":"gr","it":[{"ind":0,"ty":"sh","ix":1,"ks":{"a":0,"k":{"i":[[0,0],[0,0],[0,0],[0,0]],"o":[[0,0],[0,0],[0,0],[0,0]],"v":[[124.021,50.615],[38.606,-34.8],[5.617,-1.811],[91.034,83.605]],"c":true},"ix":2},"nm":"Path 1","mn":"ADBE Vector Shape - Group","hd":false},{"ty":"fl","c":{"a":0,"k":[1,0.2578125,0.046875,1],"ix":4},"o":{"a":0,"k":100,"ix":5},"r":1,"bm":0,"nm":"Fill 1","mn":"ADBE Vector Graphic - Fill","hd":false},{"ty":"tr","p":{"a":0,"k":[0,0],"ix":2},"a":{"a":0,"k":[0,0],"ix":1},"s":{"a":0,"k":[100,100],"ix":3},"r":{"a":0,"k":0,"ix":6},"o":{"a":0,"k":100,"ix":7},"sk":{"a":0,"k":0,"ix":4},"sa":{"a":0,"k":0,"ix":5},"nm":"Transform"}],"nm":"Group 1","np":2,"cix":2,"bm":0,"ix":1,"mn":"ADBE Vector Group","hd":false},{"ty":"gr","it":[{"ind":0,"ty":"sh","ix":1,"ks":{"a":0,"k":{"i":[[0,0],[0,0],[0,0],[0,0]],"o":[[0,0],[0,0],[0,0],[0,0]],"v":[[59.872,-56.066],[145.287,29.35],[178.276,-3.639],[92.861,-89.055]],"c":true},"ix":2},"nm":"Path 1","mn":"ADBE Vector Shape - Group","hd":false},{"ty":"fl","c":{"a":0,"k":[1,0.2578125,0.046875,1],"ix":4},"o":{"a":0,"k":100,"ix":5},"r":1,"bm":0,"nm":"Fill 1","mn":"ADBE Vector Graphic - Fill","hd":false},{"ty":"tr","p":{"a":0,"k":[0,0],"ix":2},"a":{"a":0,"k":[0,0],"ix":1},"s":{"a":0,"k":[100,100],"ix":3},"r":{"a":0,"k":0,"ix":6},"o":{"a":0,"k":100,"ix":7},"sk":{"a":0,"k":0,"ix":4},"sa":{"a":0,"k":0,"ix":5},"nm":"Transform"}],"nm":"Group 2","np":2,"cix":2,"bm":0,"ix":2,"mn":"ADBE Vector Group","hd":false},{"ty":"gr","it":[{"ind":0,"ty":"sh","ix":1,"ks":{"a":0,"k":{"i":[[0,0],[0,0],[0,0],[0,0]],"o":[[0,0],[0,0],[0,0],[0,0]],"v":[[-27.372,-143.31],[5.617,-176.298],[-79.8,-261.715],[-112.789,-228.727]],"c":true},"ix":2},"nm":"Path 1","mn":"ADBE Vector Shape - Group","hd":false},{"ty":"fl","c":{"a":0,"k":[1,0.2578125,0.046875,1],"ix":4},"o":{"a":0,"k":100,"ix":5},"r":1,"bm":0,"nm":"Fill 1","mn":"ADBE Vector Graphic - Fill","hd":false},{"ty":"tr","p":{"a":0,"k":[0,0],"ix":2},"a":{"a":0,"k":[0,0],"ix":1},"s":{"a":0,"k":[100,100],"ix":3},"r":{"a":0,"k":0,"ix":6},"o":{"a":0,"k":100,"ix":7},"sk":{"a":0,"k":0,"ix":4},"sa":{"a":0,"k":0,"ix":5},"nm":"Transform"}],"nm":"Group 3","np":2,"cix":2,"bm":0,"ix":3,"mn":"ADBE Vector Group","hd":false},{"ty":"gr","it":[{"ind":0,"ty":"sh","ix":1,"ks":{"a":0,"k":{"i":[[0,0],[0,0],[0,0],[0,0]],"o":[[0,0],[0,0],[0,0],[0,0]],"v":[[-48.638,-122.044],[-134.055,-207.461],[-167.044,-174.472],[-81.627,-89.055]],"c":true},"ix":2},"nm":"Path 1","mn":"ADBE Vector Shape - Group","hd":false},{"ty":"fl","c":{"a":0,"k":[1,0.2578125,0.046875,1],"ix":4},"o":{"a":0,"k":100,"ix":5},"r":1,"bm":0,"nm":"Fill 1","mn":"ADBE Vector Graphic - Fill","hd":false},{"ty":"tr","p":{"a":0,"k":[0,0],"ix":2},"a":{"a":0,"k":[0,0],"ix":1},"s":{"a":0,"k":[100,100],"ix":3},"r":{"a":0,"k":0,"ix":6},"o":{"a":0,"k":100,"ix":7},"sk":{"a":0,"k":0,"ix":4},"sa":{"a":0,"k":0,"ix":5},"nm":"Transform"}],"nm":"Group 4","np":2,"cix":2,"bm":0,"ix":4,"mn":"ADBE Vector Group","hd":false},{"ty":"gr","it":[{"ind":0,"ty":"sh","ix":1,"ks":{"a":0,"k":{"i":[[0,0],[0,0],[0,0],[0,0]],"o":[[0,0],[0,0],[0,0],[0,0]],"v":[[-48.638,-56.066],[-81.627,-89.055],[-167.044,-3.639],[-134.055,29.35]],"c":true},"ix":2},"nm":"Path 1","mn":"ADBE Vector Shape - Group","hd":false},{"ty":"fl","c":{"a":0,"k":[1,0.2578125,0.046875,1],"ix":4},"o":{"a":0,"k":100,"ix":5},"r":1,"bm":0,"nm":"Fill 1","mn":"ADBE Vector Graphic - Fill","hd":false},{"ty":"tr","p":{"a":0,"k":[0,0],"ix":2},"a":{"a":0,"k":[0,0],"ix":1},"s":{"a":0,"k":[100,100],"ix":3},"r":{"a":0,"k":0,"ix":6},"o":{"a":0,"k":100,"ix":7},"sk":{"a":0,"k":0,"ix":4},"sa":{"a":0,"k":0,"ix":5},"nm":"Transform"}],"nm":"Group 5","np":2,"cix":2,"bm":0,"ix":5,"mn":"ADBE Vector Group","hd":false},{"ty":"gr","it":[{"ind":0,"ty":"sh","ix":1,"ks":{"a":0,"k":{"i":[[0,0],[0,0],[0,0],[0,0]],"o":[[0,0],[0,0],[0,0],[0,0]],"v":[[38.606,-143.31],[124.021,-228.727],[91.034,-261.715],[5.617,-176.298]],"c":true},"ix":2},"nm":"Path 1","mn":"ADBE Vector Shape - Group","hd":false},{"ty":"fl","c":{"a":0,"k":[1,0.2578125,0.046875,1],"ix":4},"o":{"a":0,"k":100,"ix":5},"r":1,"bm":0,"nm":"Fill 1","mn":"ADBE Vector Graphic - Fill","hd":false},{"ty":"tr","p":{"a":0,"k":[0,0],"ix":2},"a":{"a":0,"k":[0,0],"ix":1},"s":{"a":0,"k":[100,100],"ix":3},"r":{"a":0,"k":0,"ix":6},"o":{"a":0,"k":100,"ix":7},"sk":{"a":0,"k":0,"ix":4},"sa":{"a":0,"k":0,"ix":5},"nm":"Transform"}],"nm":"Group 6","np":2,"cix":2,"bm":0,"ix":6,"mn":"ADBE Vector Group","hd":false},{"ty":"gr","it":[{"ind":0,"ty":"sh","ix":1,"ks":{"a":0,"k":{"i":[[0,0],[0,0],[0,0],[0,0]],"o":[[0,0],[0,0],[0,0],[0,0]],"v":[[-27.372,-34.8],[-112.789,50.615],[-79.8,83.605],[5.617,-1.811]],"c":true},"ix":2},"nm":"Path 1","mn":"ADBE Vector Shape - Group","hd":false},{"ty":"fl","c":{"a":0,"k":[1,0.2578125,0.046875,1],"ix":4},"o":{"a":0,"k":100,"ix":5},"r":1,"bm":0,"nm":"Fill 1","mn":"ADBE Vector Graphic - Fill","hd":false},{"ty":"tr","p":{"a":0,"k":[0,0],"ix":2},"a":{"a":0,"k":[0,0],"ix":1},"s":{"a":0,"k":[100,100],"ix":3},"r":{"a":0,"k":0,"ix":6},"o":{"a":0,"k":100,"ix":7},"sk":{"a":0,"k":0,"ix":4},"sa":{"a":0,"k":0,"ix":5},"nm":"Transform"}],"nm":"Group 7","np":2,"cix":2,"bm":0,"ix":7,"mn":"ADBE Vector Group","hd":false},{"ty":"gr","it":[{"ind":0,"ty":"sh","ix":1,"ks":{"a":0,"k":{"i":[[0,0],[0,0],[0,0],[0,0]],"o":[[0,0],[0,0],[0,0],[0,0]],"v":[[145.287,-207.461],[59.872,-122.044],[92.861,-89.055],[178.276,-174.472]],"c":true},"ix":2},"nm":"Path 1","mn":"ADBE Vector Shape - Group","hd":false},{"ty":"fl","c":{"a":0,"k":[1,0.2578125,0.046875,1],"ix":4},"o":{"a":0,"k":100,"ix":5},"r":1,"bm":0,"nm":"Fill 1","mn":"ADBE Vector Graphic - Fill","hd":false},{"ty":"tr","p":{"a":0,"k":[0,0],"ix":2},"a":{"a":0,"k":[0,0],"ix":1},"s":{"a":0,"k":[100,100],"ix":3},"r":{"a":0,"k":0,"ix":6},"o":{"a":0,"k":100,"ix":7},"sk":{"a":0,"k":0,"ix":4},"sa":{"a":0,"k":0,"ix":5},"nm":"Transform"}],"nm":"Group 8","np":2,"cix":2,"bm":0,"ix":8,"mn":"ADBE Vector Group","hd":false}],"ip":0,"op":107.000004358199,"st":0,"ct":1,"bm":0}],"markers":[],"props":{},"chars":[{"ch":"I","size":144.4619140625,"style":"Regular","w":21.5,"data":{"shapes":[{"ty":"gr","it":[{"ind":0,"ty":"sh","ix":1,"ks":{"a":0,"k":{"i":[[-0.667,0],[0,0],[0,0.667],[0,0],[0.666,0],[0,0],[0,-0.666],[0,0]],"o":[[0,0],[0.666,0],[0,0],[0,-0.666],[0,0],[-0.667,0],[0,0],[0,0.667]],"v":[[8.2,0],[13.3,0],[14.3,-1],[14.3,-69],[13.3,-70],[8.2,-70],[7.2,-69],[7.2,-1]],"c":true},"ix":2},"nm":"I","mn":"ADBE Vector Shape - Group","hd":false}],"nm":"I","np":3,"cix":2,"bm":0,"ix":1,"mn":"ADBE Vector Group","hd":false}]},"fFamily":"Barlow Condensed"},{"ch":"M","size":144.4619140625,"style":"Regular","w":52.1,"data":{"shapes":[{"ty":"gr","it":[{"ind":0,"ty":"sh","ix":1,"ks":{"a":0,"k":{"i":[[0.2,-0.466],[0,0],[0.133,0],[0.066,0.134],[0,0],[0.6,0],[0,0],[0,-0.666],[0,0],[-0.667,0],[0,0],[0,0.667],[0,0],[-0.1,0],[-0.134,-0.133],[0,0],[-0.534,0],[-0.2,0.467],[0,0],[-0.1,0],[0,-0.2],[0,0],[-0.667,0],[0,0],[0,0.667],[0,0],[0.666,0],[0,0]],"o":[[0,0],[-0.067,0.134],[-0.134,0],[0,0],[-0.2,-0.466],[0,0],[-0.667,0],[0,0],[0,0.667],[0,0],[0.666,0],[0,0],[0,-0.2],[0.1,0],[0,0],[0.2,0.467],[0.466,0],[0,0],[0.133,-0.133],[0.1,0],[0,0],[0,0.667],[0,0],[0.666,0],[0,0],[0,-0.666],[0,0],[-0.6,0]],"v":[[37.7,-69.3],[26.4,-46.2],[26.1,-46],[25.8,-46.2],[14.4,-69.3],[13.2,-70],[8,-70],[7,-69],[7,-1],[8,0],[13.1,0],[14.1,-1],[14.1,-54.5],[14.25,-54.8],[14.6,-54.6],[25,-33.1],[26.1,-32.4],[27.1,-33.1],[37.5,-54.7],[37.85,-54.9],[38,-54.6],[38,-1],[39,0],[44.1,0],[45.1,-1],[45.1,-69],[44.1,-70],[38.9,-70]],"c":true},"ix":2},"nm":"M","mn":"ADBE Vector Shape - Group","hd":false}],"nm":"M","np":3,"cix":2,"bm":0,"ix":1,"mn":"ADBE Vector Group","hd":false}]},"fFamily":"Barlow Condensed"},{"ch":"A","size":144.4619140625,"style":"Regular","w":44.5,"data":{"shapes":[{"ty":"gr","it":[{"ind":0,"ty":"sh","ix":1,"ks":{"a":0,"k":{"i":[[-0.6,0],[0,0],[0,0.6],[0,0],[0,0],[0.666,0],[0,0],[0.133,-0.6],[0,0],[-0.167,-0.2],[-0.334,0],[0,0],[-0.067,0.6],[0,0],[-0.1,0.067],[-0.134,0],[0,0],[-0.1,-0.066],[0,-0.133],[0,0]],"o":[[0,0],[0.6,0],[0,0],[0,0],[-0.067,-0.6],[0,0],[-0.6,0],[0,0],[-0.067,0.334],[0.166,0.2],[0,0],[0.666,0],[0,0],[0,-0.133],[0.1,-0.066],[0,0],[0.133,0],[0.1,0.067],[0,0],[0.133,0.6]],"v":[[33.6,0],[38.8,0],[39.7,-0.9],[39.7,-1.1],[24.5,-69.1],[23.4,-70],[17.4,-70],[16.3,-69.1],[1.3,-1.1],[1.45,-0.3],[2.2,0],[7.3,0],[8.4,-0.9],[10.9,-13.3],[11.05,-13.6],[11.4,-13.7],[29.5,-13.7],[29.85,-13.6],[30,-13.3],[32.5,-0.9]],"c":true},"ix":2},"nm":"A","mn":"ADBE Vector Shape - Group","hd":false},{"ind":1,"ty":"sh","ix":2,"ks":{"a":0,"k":{"i":[[0,0.267],[0,0],[-0.067,0],[-0.067,-0.2],[0,0],[0.2,0],[0,0]],"o":[[0,0],[0.066,-0.2],[0.066,0],[0,0],[0,0.267],[0,0],[-0.2,0]],"v":[[12.2,-19.9],[20.2,-59.2],[20.4,-59.5],[20.6,-59.2],[28.6,-19.9],[28.3,-19.5],[12.5,-19.5]],"c":true},"ix":2},"nm":"A","mn":"ADBE Vector Shape - Group","hd":false}],"nm":"A","np":5,"cix":2,"bm":0,"ix":1,"mn":"ADBE Vector Group","hd":false}]},"fFamily":"Barlow Condensed"},{"ch":"G","size":144.4619140625,"style":"Regular","w":45.1,"data":{"shapes":[{"ty":"gr","it":[{"ind":0,"ty":"sh","ix":1,"ks":{"a":0,"k":{"i":[[-5.134,0],[-3.1,3.034],[0,5.067],[0,0],[0.666,0],[0,0],[0,-0.666],[0,0],[-0.667,0],[0,0],[0,-0.266],[0,0],[1.8,-1.9],[3,0],[1.833,1.934],[0,3.067],[0,0],[-1.834,1.934],[-2.934,0],[-1.8,-1.9],[0,-3.133],[0,0],[-0.667,0],[0,0],[0,0.667],[0,0],[3.1,3.067],[5.133,0],[3.066,-3.033],[0,-5.066],[0,0],[-3.067,-3.033]],"o":[[5.133,0],[3.1,-3.033],[0,0],[0,-0.666],[0,0],[-0.667,0],[0,0],[0,0.667],[0,0],[0.266,0],[0,0],[0,3.134],[-1.8,1.9],[-2.934,0],[-1.834,-1.933],[0,0],[0,-3.066],[1.833,-1.933],[3,0],[1.8,1.9],[0,0],[0,0.667],[0,0],[0.666,0],[0,0],[0,-5.066],[-3.1,-3.066],[-5.134,0],[-3.067,3.034],[0,0],[0,5.067],[3.066,3.034]],"v":[[22.5,0.8],[34.85,-3.75],[39.5,-15.9],[39.5,-34.2],[38.5,-35.2],[23.4,-35.2],[22.4,-34.2],[22.4,-30],[23.4,-29],[32,-29],[32.4,-28.6],[32.4,-15.8],[29.7,-8.25],[22.5,-5.4],[15.35,-8.3],[12.6,-15.8],[12.6,-54.2],[15.35,-61.7],[22.5,-64.6],[29.7,-61.75],[32.4,-54.2],[32.4,-49.7],[33.4,-48.7],[38.5,-48.7],[39.5,-49.7],[39.5,-54],[34.85,-66.2],[22.5,-70.8],[10.2,-66.25],[5.6,-54.1],[5.6,-15.9],[10.2,-3.75]],"c":true},"ix":2},"nm":"G","mn":"ADBE Vector Shape - Group","hd":false}],"nm":"G","np":3,"cix":2,"bm":0,"ix":1,"mn":"ADBE Vector Group","hd":false}]},"fFamily":"Barlow Condensed"},{"ch":"N","size":144.4619140625,"style":"Regular","w":49.3,"data":{"shapes":[{"ty":"gr","it":[{"ind":0,"ty":"sh","ix":1,"ks":{"a":0,"k":{"i":[[0,-0.666],[0,0],[0.133,-0.033],[0.066,0.2],[0,0],[0.533,0],[0,0],[0,-0.666],[0,0],[-0.667,0],[0,0],[0,0.667],[0,0],[-0.134,0.034],[-0.067,-0.2],[0,0],[-0.534,0],[0,0],[0,0.667],[0,0],[0.666,0],[0,0]],"o":[[0,0],[0,0.2],[-0.134,0.034],[0,0],[-0.2,-0.533],[0,0],[-0.667,0],[0,0],[0,0.667],[0,0],[0.666,0],[0,0],[0,-0.2],[0.133,-0.033],[0,0],[0.2,0.534],[0,0],[0.666,0],[0,0],[0,-0.666],[0,0],[-0.667,0]],"v":[[35.2,-69],[35.2,-17.5],[35,-17.15],[34.7,-17.4],[15.1,-69.2],[14,-70],[8.2,-70],[7.2,-69],[7.2,-1],[8.2,0],[13.3,0],[14.3,-1],[14.2,-52.4],[14.4,-52.75],[14.7,-52.5],[34.2,-0.8],[35.3,0],[41.2,0],[42.2,-1],[42.2,-69],[41.2,-70],[36.2,-70]],"c":true},"ix":2},"nm":"N","mn":"ADBE Vector Shape - Group","hd":false}],"nm":"N","np":3,"cix":2,"bm":0,"ix":1,"mn":"ADBE Vector Group","hd":false}]},"fFamily":"Barlow Condensed"},{"ch":" ","size":144.4619140625,"style":"Regular","w":20,"data":{},"fFamily":"Barlow Condensed"},{"ch":"K","size":144.4619140625,"style":"Regular","w":45.2,"data":{"shapes":[{"ty":"gr","it":[{"ind":0,"ty":"sh","ix":1,"ks":{"a":0,"k":{"i":[[-0.667,0],[0,0],[0,0.667],[0,0],[-0.067,0.067],[0,0],[-0.067,-0.266],[0,0],[-0.534,0],[0,0],[0,0.534],[0,0],[0,0],[-0.134,0.267],[0,0],[0.133,0.234],[0.4,0],[0,0],[0.333,-0.466],[0,0],[0.133,0.067],[0,0.2],[0,0],[0.666,0],[0,0],[0,-0.666],[0,0]],"o":[[0,0],[0.666,0],[0,0],[0,-0.266],[0,0],[0.266,-0.266],[0,0],[0.2,0.534],[0,0],[0.6,0],[0,0],[0,0],[-0.067,-0.133],[0,0],[0.2,-0.333],[-0.134,-0.233],[0,0],[-0.467,0],[0,0],[-0.067,0.2],[-0.134,-0.066],[0,0],[0,-0.666],[0,0],[-0.667,0],[0,0],[0,0.667]],"v":[[8.2,0],[13.3,0],[14.3,-1],[14.3,-24.7],[14.4,-25.2],[20.6,-34.8],[21.1,-34.8],[35.5,-0.8],[36.6,0],[42.3,0],[43.2,-0.8],[43.1,-1.2],[25.9,-41.1],[26,-41.7],[41.6,-68.8],[41.7,-69.65],[40.9,-70],[35.3,-70],[34.1,-69.3],[14.8,-36.4],[14.5,-36.2],[14.3,-36.6],[14.3,-69],[13.3,-70],[8.2,-70],[7.2,-69],[7.2,-1]],"c":true},"ix":2},"nm":"K","mn":"ADBE Vector Shape - Group","hd":false}],"nm":"K","np":3,"cix":2,"bm":0,"ix":1,"mn":"ADBE Vector Group","hd":false}]},"fFamily":"Barlow Condensed"},{"ch":"E","size":144.4619140625,"style":"Regular","w":42.9,"data":{"shapes":[{"ty":"gr","it":[{"ind":0,"ty":"sh","ix":1,"ks":{"a":0,"k":{"i":[[0,0.667],[0,0],[0.666,0],[0,0],[0,-0.666],[0,0],[-0.667,0],[0,0],[0,0.667],[0,0],[0.666,0],[0,0],[0,0.267],[0,0],[-0.267,0],[0,0],[0,0.667],[0,0],[0.666,0],[0,0],[0,0.267],[0,0],[-0.267,0],[0,0]],"o":[[0,0],[0,-0.666],[0,0],[-0.667,0],[0,0],[0,0.667],[0,0],[0.666,0],[0,0],[0,-0.666],[0,0],[-0.267,0],[0,0],[0,-0.266],[0,0],[0.666,0],[0,0],[0,-0.666],[0,0],[-0.267,0],[0,0],[0,-0.266],[0,0],[0.666,0]],"v":[[38.9,-64.8],[38.9,-69],[37.9,-70],[8.2,-70],[7.2,-69],[7.2,-1],[8.2,0],[37.9,0],[38.9,-1],[38.9,-5.2],[37.9,-6.2],[14.7,-6.2],[14.3,-6.6],[14.3,-31.5],[14.7,-31.9],[29.3,-31.9],[30.3,-32.9],[30.3,-37.2],[29.3,-38.2],[14.7,-38.2],[14.3,-38.6],[14.3,-63.4],[14.7,-63.8],[37.9,-63.8]],"c":true},"ix":2},"nm":"E","mn":"ADBE Vector Shape - Group","hd":false}],"nm":"E","np":3,"cix":2,"bm":0,"ix":1,"mn":"ADBE Vector Group","hd":false}]},"fFamily":"Barlow Condensed"},{"ch":"R","size":144.4619140625,"style":"Regular","w":44.3,"data":{"shapes":[{"ty":"gr","it":[{"ind":0,"ty":"sh","ix":1,"ks":{"a":0,"k":{"i":[[-0.6,0],[0,0],[0,0.467],[0,0],[0,0],[-0.267,0.067],[-1.867,3.134],[0,4.334],[3,3.567],[4.866,0],[0,0],[0,-0.666],[0,0],[-0.667,0],[0,0],[0,0.667],[0,0],[-0.267,0],[0,0],[-0.067,-0.2],[0,0]],"o":[[0,0],[0.6,0],[0,0],[0,0],[-0.067,-0.266],[3.2,-1.266],[1.866,-3.133],[0,-5.733],[-3,-3.566],[0,0],[-0.667,0],[0,0],[0,0.667],[0,0],[0.666,0],[0,0],[0,-0.266],[0,0],[0.2,0],[0,0],[0.2,0.534]],"v":[[35.2,0],[40.4,0],[41.3,-0.7],[41.2,-1.1],[30.3,-32.4],[30.6,-32.9],[38.2,-39.5],[41,-50.7],[36.5,-64.65],[24.7,-70],[8.2,-70],[7.2,-69],[7.2,-1],[8.2,0],[13.3,0],[14.3,-1],[14.3,-31.6],[14.7,-32],[23.4,-32],[23.8,-31.7],[34,-0.8]],"c":true},"ix":2},"nm":"R","mn":"ADBE Vector Shape - Group","hd":false},{"ind":1,"ty":"sh","ix":2,"ks":{"a":0,"k":{"i":[[-0.267,0],[0,0],[-1.867,-2.4],[0,-3.933],[1.866,-2.366],[3.066,0],[0,0],[0,0.267],[0,0]],"o":[[0,0],[3.066,0],[1.866,2.4],[0,3.934],[-1.867,2.367],[0,0],[-0.267,0],[0,0],[0,-0.266]],"v":[[14.7,-63.8],[23.7,-63.8],[31.1,-60.2],[33.9,-50.7],[31.1,-41.25],[23.7,-37.7],[14.7,-37.7],[14.3,-38.1],[14.3,-63.4]],"c":true},"ix":2},"nm":"R","mn":"ADBE Vector Shape - Group","hd":false}],"nm":"R","np":5,"cix":2,"bm":0,"ix":1,"mn":"ADBE Vector Group","hd":false}]},"fFamily":"Barlow Condensed"},{"ch":"Y","size":35.6658897399902,"style":"Regular","w":72.22,"data":{"shapes":[{"ty":"gr","it":[{"ind":0,"ty":"sh","ix":1,"ks":{"a":0,"k":{"i":[[0,0],[-0.879,-0.407],[-0.472,-0.716],[0,-0.911],[1.953,-3.059],[0,0],[0,0],[0,1.172],[-1.286,0.716],[-1.53,0],[0,0],[0,0],[0,0],[0,0],[-0.652,-0.325],[-0.765,-0.813],[-2.148,-3.255],[0,0],[0,0],[0.716,-1.041],[2.799,0],[0,0],[0,0],[0,0],[0,0],[0,0],[1.237,1.367],[0,4.07],[0,0],[0,0],[-1.335,1.4],[-1.628,0.749],[-0.847,0],[0,0],[0,0],[0,0]],"o":[[1.758,0],[0.879,0.407],[0.471,0.716],[0,1.498],[0,0],[0,0],[-1.986,-3.059],[0,-1.432],[1.286,-0.716],[0,0],[0,0],[0,0],[0,0],[1.237,0],[2.409,1.14],[0.764,0.814],[0,0],[0,0],[0,3.711],[-1.172,1.693],[0,0],[0,0],[0,0],[0,0],[0,0],[-2.67,0],[-0.912,-1.009],[0,0],[0,0],[1.953,-3.157],[1.334,-1.399],[1.627,-0.748],[0,0],[0,0],[0,0],[0,0]],"v":[[47.656,-64.404],[51.611,-63.794],[53.638,-62.109],[54.346,-59.668],[51.416,-52.832],[38.428,-32.422],[24.609,-53.76],[21.631,-60.107],[23.56,-63.33],[27.783,-64.404],[29.248,-64.404],[29.248,-66.211],[0.928,-66.211],[0.928,-64.404],[3.76,-63.916],[8.521,-60.986],[12.891,-54.883],[31.055,-27.148],[31.055,-11.475],[29.98,-4.346],[24.023,-1.807],[21.68,-1.807],[21.68,0],[49.805,0],[49.805,-1.807],[47.656,-1.807],[41.797,-3.857],[40.43,-11.475],[40.43,-28.076],[56.396,-53.223],[61.328,-60.059],[65.771,-63.281],[69.482,-64.404],[70.752,-64.404],[70.752,-66.211],[47.656,-66.211]],"c":true},"ix":2},"nm":"Y","mn":"ADBE Vector Shape - Group","hd":false}],"nm":"Y","np":3,"cix":2,"bm":0,"ix":1,"mn":"ADBE Vector Group","hd":false}]},"fFamily":"Times New Roman"},{"ch":"O","size":35.6658897399902,"style":"Regular","w":72.22,"data":{"shapes":[{"ty":"gr","it":[{"ind":0,"ty":"sh","ix":1,"ks":{"a":0,"k":{"i":[[6.217,-5.762],[0,-10.514],[-6.201,-6.477],[-9.115,0],[-6.348,6.641],[0,10.059],[6.299,6.527],[8.594,0]],"o":[[-7.162,6.641],[0,10.287],[6.201,6.478],[9.016,0],[6.348,-6.641],[0,-9.766],[-6.299,-6.526],[-8.659,0]],"v":[[14.258,-59.082],[3.516,-33.35],[12.817,-8.203],[35.791,1.514],[58.838,-8.447],[68.359,-33.496],[58.911,-57.935],[36.572,-67.725]],"c":true},"ix":2},"nm":"O","mn":"ADBE Vector Shape - Group","hd":false},{"ind":1,"ty":"sh","ix":2,"ks":{"a":0,"k":{"i":[[-3.581,-4.427],[0,-11.328],[4.053,-4.85],[6.217,0],[3.548,4.427],[0,10.808],[-4.46,5.469],[-5.925,0]],"o":[[4.459,5.566],[0,10.449],[-4.053,4.851],[-5.827,0],[-4.623,-5.827],[0,-10.547],[3.58,-4.395],[6.315,0]],"v":[[50.488,-57.52],[57.178,-32.178],[51.099,-9.229],[35.693,-1.953],[21.631,-8.594],[14.697,-33.545],[21.387,-57.568],[35.645,-64.16]],"c":true},"ix":2},"nm":"O","mn":"ADBE Vector Shape - Group","hd":false}],"nm":"O","np":5,"cix":2,"bm":0,"ix":1,"mn":"ADBE Vector Group","hd":false}]},"fFamily":"Times New Roman"},{"ch":"U","size":35.6658897399902,"style":"Regular","w":72.22,"data":{"shapes":[{"ty":"gr","it":[{"ind":0,"ty":"sh","ix":1,"ks":{"a":0,"k":{"i":[[0,0],[-1.27,-1.432],[0,-4.134],[0,0],[1.253,-2.946],[3.418,-1.888],[4.329,0],[2.327,1.205],[1.237,1.855],[0.471,3.32],[0,2.572],[0,0],[-0.814,1.172],[-2.734,0],[0,0],[0,0],[0,0],[0,0],[0,0],[-1.123,-1.27],[0,-4.069],[0,0],[-1.042,-2.897],[-3.744,-2.506],[-7.227,0],[-3.857,2.62],[-1.318,3.662],[0,6.641],[0,0],[-0.684,1.009],[-2.605,0],[0,0],[0,0],[0,0],[0,0]],"o":[[2.506,0],[0.911,1.042],[0,0],[0,7.031],[-1.254,2.946],[-3.418,1.888],[-3.386,0],[-2.328,-1.204],[-1.237,-1.855],[-0.472,-3.32],[0,0],[0,-3.711],[1.172,-1.725],[0,0],[0,0],[0,0],[0,0],[0,0],[2.506,0],[1.123,1.27],[0,0],[0,7.976],[1.562,4.232],[3.743,2.506],[6.641,0],[3.857,-2.62],[1.318,-3.662],[0,0],[0,-3.678],[1.399,-2.18],[0,0],[0,0],[0,0],[0,0],[0,0]],"v":[[50.195,-64.404],[55.859,-62.256],[57.227,-54.492],[57.227,-27.686],[55.347,-12.72],[48.34,-5.469],[36.719,-2.637],[28.149,-4.443],[22.803,-9.033],[20.239,-16.797],[19.531,-25.635],[19.531,-54.492],[20.752,-61.816],[26.611,-64.404],[29.15,-64.404],[29.15,-66.211],[0.537,-66.211],[0.537,-64.404],[3.027,-64.404],[8.472,-62.5],[10.156,-54.492],[10.156,-28.613],[11.719,-12.305],[19.678,-2.197],[36.133,1.562],[51.88,-2.368],[59.644,-11.792],[61.621,-27.246],[61.621,-54.102],[62.646,-61.133],[68.652,-64.404],[71.143,-64.404],[71.143,-66.211],[47.705,-66.211],[47.705,-64.404]],"c":true},"ix":2},"nm":"U","mn":"ADBE Vector Shape - Group","hd":false}],"nm":"U","np":3,"cix":2,"bm":0,"ix":1,"mn":"ADBE Vector Group","hd":false}]},"fFamily":"Times New Roman"},{"ch":" ","size":35.6658897399902,"style":"Regular","w":25,"data":{},"fFamily":"Times New Roman"},{"ch":"T","size":35.6658897399902,"style":"Regular","w":61.08,"data":{"shapes":[{"ty":"gr","it":[{"ind":0,"ty":"sh","ix":1,"ks":{"a":0,"k":{"i":[[0,0],[0,0],[0,0],[-1.205,1.758],[-1.693,0.619],[-3.093,0],[0,0],[0,0],[0.716,-1.041],[2.799,0],[0,0],[0,0],[0,0],[0,0],[0,0],[1.237,1.367],[0,4.07],[0,0],[0,0],[-1.677,-0.895],[-1.009,-1.888],[-0.359,-2.734],[0,0],[0,0]],"o":[[0,0],[0,0],[0.227,-2.995],[1.204,-1.758],[1.302,-0.455],[0,0],[0,0],[0,3.711],[-1.172,1.693],[0,0],[0,0],[0,0],[0,0],[0,0],[-2.572,0],[-0.879,-1.009],[0,0],[0,0],[2.734,0],[1.676,0.896],[0.618,1.172],[0,0],[0,0],[0,0]],"v":[[3.809,-66.211],[3.027,-50.684],[4.883,-50.684],[7.031,-57.812],[11.377,-61.377],[17.969,-62.061],[25.928,-62.061],[25.928,-11.475],[24.854,-4.346],[18.896,-1.807],[16.553,-1.807],[16.553,0],[44.629,0],[44.629,-1.807],[42.334,-1.807],[36.621,-3.857],[35.303,-11.475],[35.303,-62.061],[44.629,-62.061],[51.245,-60.718],[55.273,-56.543],[56.738,-50.684],[58.594,-50.684],[57.861,-66.211]],"c":true},"ix":2},"nm":"T","mn":"ADBE Vector Shape - Group","hd":false}],"nm":"T","np":3,"cix":2,"bm":0,"ix":1,"mn":"ADBE Vector Group","hd":false}]},"fFamily":"Times New Roman"},{"ch":"H","size":35.6658897399902,"style":"Regular","w":72.22,"data":{"shapes":[{"ty":"gr","it":[{"ind":0,"ty":"sh","ix":1,"ks":{"a":0,"k":{"i":[[0,0],[-0.391,1.058],[-1.009,0.521],[-1.562,0],[0,0],[0,0],[0,0],[0,0],[0,0],[-1.433,-0.781],[-0.326,-0.813],[0,-3.385],[0,0],[0.781,-1.041],[2.734,0],[0,0],[0,0],[0,0],[0,0],[0,0],[1.399,0.781],[0.325,0.814],[0,3.353],[0,0],[0,0],[0,0],[0.813,-1.041],[2.702,0],[0,0],[0,0],[0,0],[0,0],[0,0],[1.432,0.781],[0.325,0.814],[0,3.353],[0,0],[-0.375,1.058],[-1.042,0.521],[-1.562,0],[0,0],[0,0],[0,0],[0,0],[0,0],[-1.4,-0.781],[-0.326,-0.813],[0,-3.385],[0,0],[0,0]],"o":[[0,-3.255],[0.391,-1.057],[1.399,-0.748],[0,0],[0,0],[0,0],[0,0],[0,0],[1.562,0],[1.009,0.586],[0.423,1.074],[0,0],[0,3.972],[-1.237,1.595],[0,0],[0,0],[0,0],[0,0],[0,0],[-1.562,0],[-1.042,-0.586],[-0.423,-1.074],[0,0],[0,0],[0,0],[0,3.972],[-1.237,1.595],[0,0],[0,0],[0,0],[0,0],[0,0],[-1.562,0],[-1.009,-0.586],[-0.423,-1.074],[0,0],[0,-3.255],[0.374,-1.057],[1.399,-0.748],[0,0],[0,0],[0,0],[0,0],[0,0],[1.562,0],[1.041,0.586],[0.423,1.074],[0,0],[0,0],[0,0]],"v":[[20.557,-54.443],[21.143,-60.913],[23.242,-63.281],[27.686,-64.404],[30.078,-64.404],[30.078,-66.211],[1.709,-66.211],[1.709,-64.404],[4.053,-64.404],[8.545,-63.232],[10.547,-61.133],[11.182,-54.443],[11.182,-11.719],[10.01,-4.199],[4.053,-1.807],[1.709,-1.807],[1.709,0],[30.078,0],[30.078,-1.807],[27.686,-1.807],[23.242,-2.979],[21.191,-5.078],[20.557,-11.719],[20.557,-31.885],[51.318,-31.885],[51.318,-11.719],[50.098,-4.199],[44.189,-1.807],[41.846,-1.807],[41.846,0],[70.166,0],[70.166,-1.807],[67.822,-1.807],[63.33,-2.979],[61.328,-5.078],[60.693,-11.719],[60.693,-54.443],[61.255,-60.913],[63.379,-63.281],[67.822,-64.404],[70.166,-64.404],[70.166,-66.211],[41.846,-66.211],[41.846,-64.404],[44.189,-64.404],[48.633,-63.232],[50.684,-61.133],[51.318,-54.443],[51.318,-35.498],[20.557,-35.498]],"c":true},"ix":2},"nm":"H","mn":"ADBE Vector Shape - Group","hd":false}],"nm":"H","np":3,"cix":2,"bm":0,"ix":1,"mn":"ADBE Vector Group","hd":false}]},"fFamily":"Times New Roman"},{"ch":"I","size":35.6658897399902,"style":"Regular","w":33.3,"data":{"shapes":[{"ty":"gr","it":[{"ind":0,"ty":"sh","ix":1,"ks":{"a":0,"k":{"i":[[0,0],[1.399,0.781],[0.325,0.814],[0,3.353],[0,0],[-0.814,1.042],[-2.702,0],[0,0],[0,0],[0,0],[0,0],[0,0],[-1.433,-0.781],[-0.326,-0.813],[0,-3.352],[0,0],[0.781,-1.041],[2.734,0],[0,0],[0,0],[0,0],[0,0]],"o":[[-1.562,0],[-1.042,-0.586],[-0.423,-1.074],[0,0],[0,-3.971],[1.237,-1.595],[0,0],[0,0],[0,0],[0,0],[0,0],[1.562,0],[1.009,0.586],[0.423,1.074],[0,0],[0,3.972],[-1.237,1.595],[0,0],[0,0],[0,0],[0,0],[0,0]],"v":[[28.467,-1.807],[24.023,-2.979],[21.973,-5.078],[21.338,-11.719],[21.338,-54.492],[22.559,-62.012],[28.467,-64.404],[30.859,-64.404],[30.859,-66.211],[2.49,-66.211],[2.49,-64.404],[4.834,-64.404],[9.326,-63.232],[11.328,-61.133],[11.963,-54.492],[11.963,-11.719],[10.791,-4.199],[4.834,-1.807],[2.49,-1.807],[2.49,0],[30.859,0],[30.859,-1.807]],"c":true},"ix":2},"nm":"I","mn":"ADBE Vector Shape - Group","hd":false}],"nm":"I","np":3,"cix":2,"bm":0,"ix":1,"mn":"ADBE Vector Group","hd":false}]},"fFamily":"Times New Roman"},{"ch":"N","size":35.6658897399902,"style":"Regular","w":72.22,"data":{"shapes":[{"ty":"gr","it":[{"ind":0,"ty":"sh","ix":1,"ks":{"a":0,"k":{"i":[[0,0],[-0.945,-0.293],[-0.993,-0.716],[-1.921,-2.246],[0,0],[0.716,-1.041],[2.832,0],[0,0],[0,0],[0,0],[0,0],[0,0],[1.237,1.367],[0,4.07],[0,0],[0,0],[0,0],[0,0],[-0.716,1.042],[-2.8,0],[0,0],[0,0],[0,0],[0,0],[0,0],[-1.205,-1.367],[0,-4.069],[0,0],[0,0],[0,0]],"o":[[1.92,0],[1.92,0.619],[0.993,0.716],[0,0],[0,3.711],[-1.172,1.693],[0,0],[0,0],[0,0],[0,0],[0,0],[-2.572,0],[-0.879,-1.009],[0,0],[0,0],[0,0],[0,0],[0,-3.711],[1.172,-1.692],[0,0],[0,0],[0,0],[0,0],[0,0],[2.604,0],[0.911,1.009],[0,0],[0,0],[0,0],[0,0]],"v":[[-1.318,-64.404],[2.979,-63.965],[7.349,-61.963],[11.719,-57.52],[11.719,-11.475],[10.645,-4.346],[4.639,-1.807],[2.344,-1.807],[2.344,0],[25.391,0],[25.391,-1.807],[23.047,-1.807],[17.334,-3.857],[16.016,-11.475],[16.016,-52.246],[59.668,1.074],[61.426,1.074],[61.426,-54.736],[62.5,-61.865],[68.457,-64.404],[70.801,-64.404],[70.801,-66.211],[47.754,-66.211],[47.754,-64.404],[50.049,-64.404],[55.762,-62.354],[57.129,-54.736],[57.129,-16.553],[16.65,-66.211],[-1.318,-66.211]],"c":true},"ix":2},"nm":"N","mn":"ADBE Vector Shape - Group","hd":false}],"nm":"N","np":3,"cix":2,"bm":0,"ix":1,"mn":"ADBE Vector Group","hd":false}]},"fFamily":"Times New Roman"},{"ch":"K","size":35.6658897399902,"style":"Regular","w":72.22,"data":{"shapes":[{"ty":"gr","it":[{"ind":0,"ty":"sh","ix":1,"ks":{"a":0,"k":{"i":[[0,0],[-0.716,0.652],[-1.693,1.025],[-1.172,0.359],[-1.433,0.033],[0,0],[0,0],[0,0],[0,0],[-0.684,-0.569],[0,-0.748],[0.879,-1.302],[9.668,-8.854],[0.651,-0.618],[0,0],[-0.391,1.042],[-1.009,0.521],[-1.53,0],[0,0],[0,0],[0,0],[0,0],[0,0],[-1.433,-0.781],[-0.326,-0.781],[0,-3.352],[0,0],[0.781,-1.041],[2.734,0],[0,0],[0,0],[0,0],[0,0],[0,0],[1.399,0.781],[0.325,0.814],[0,3.353],[0,0],[0,0],[-0.31,-0.618],[0,-0.781],[0.83,-0.635],[1.888,0],[0,0],[0,0],[0,0],[2.832,1.449],[4.004,4.004],[0,0]],"o":[[5.891,-6.022],[2.473,-2.278],[1.692,-1.025],[1.172,-0.358],[0,0],[0,0],[0,0],[0,0],[1.627,0],[0.684,0.57],[0,0.977],[-2.019,2.962],[-3.809,3.516],[0,0],[0,-3.255],[0.391,-1.041],[1.432,-0.748],[0,0],[0,0],[0,0],[0,0],[0,0],[1.562,0],[1.009,0.586],[0.423,1.107],[0,0],[0,3.972],[-1.237,1.595],[0,0],[0,0],[0,0],[0,0],[0,0],[-1.562,0],[-1.042,-0.586],[-0.423,-1.074],[0,0],[0,0],[1.725,1.693],[0.309,0.619],[0,0.781],[-0.83,0.635],[0,0],[0,0],[0,0],[-2.832,-0.195],[-2.832,-1.448],[0,0],[0,0]],"v":[[39.99,-46.777],[49.902,-56.787],[56.152,-61.743],[60.449,-63.818],[64.355,-64.404],[64.355,-66.211],[40.039,-66.211],[40.039,-64.404],[41.553,-64.404],[45.02,-63.55],[46.045,-61.572],[44.727,-58.154],[27.197,-40.43],[20.508,-34.229],[20.508,-54.492],[21.094,-60.938],[23.193,-63.281],[27.637,-64.404],[29.883,-64.404],[29.883,-66.211],[1.66,-66.211],[1.66,-64.404],[4.004,-64.404],[8.496,-63.232],[10.498,-61.182],[11.133,-54.492],[11.133,-11.719],[9.961,-4.199],[4.004,-1.807],[1.66,-1.807],[1.66,0],[29.883,0],[29.883,-1.807],[27.637,-1.807],[23.193,-2.979],[21.143,-5.078],[20.508,-11.719],[20.508,-33.057],[43.359,-10.449],[46.411,-6.982],[46.875,-4.883],[45.63,-2.759],[41.553,-1.807],[41.553,0],[73.047,0],[73.047,-1.807],[64.551,-4.272],[54.297,-12.451],[29.883,-36.719]],"c":true},"ix":2},"nm":"K","mn":"ADBE Vector Shape - Group","hd":false}],"nm":"K","np":3,"cix":2,"bm":0,"ix":1,"mn":"ADBE Vector Group","hd":false}]},"fFamily":"Times New Roman"},{"ch":"W","size":35.6658897399902,"style":"Regular","w":94.38,"data":{"shapes":[{"ty":"gr","it":[{"ind":0,"ty":"sh","ix":1,"ks":{"a":0,"k":{"i":[[0,0],[0,0],[-1.237,-0.455],[-0.472,-0.651],[0,-0.748],[1.432,-4.036],[0,0],[0,0],[0,1.66],[-0.847,0.781],[-1.823,0],[0,0],[0,0],[0,0],[0,0],[-0.619,-0.195],[-0.814,-0.586],[-0.423,-0.618],[-0.684,-1.627],[0,0],[0,0],[0,0],[0,0],[0,1.14],[-0.912,0.781],[-1.726,0],[0,0],[0,0],[0,0],[0,0],[-1.123,-0.602],[-0.652,-1.237],[-1.465,-4.102],[0,0],[0,0],[0,0],[0,0],[0,0],[0,0],[-0.652,1.14],[-1.074,0.619],[-1.726,0],[0,0]],"o":[[0,0],[1.985,0],[0.716,0.261],[0.471,0.652],[0,1.562],[0,0],[0,0],[-1.465,-4.134],[0,-1.334],[0.846,-0.781],[0,0],[0,0],[0,0],[0,0],[1.334,0],[0.813,0.261],[0.618,0.423],[0.846,1.237],[0,0],[0,0],[0,0],[0,0],[-1.433,-4.102],[0,-1.106],[0.911,-0.781],[0,0],[0,0],[0,0],[0,0],[1.92,0],[1.123,0.603],[0.391,0.749],[0,0],[0,0],[0,0],[0,0],[0,0],[0,0],[1.399,-4.297],[0.977,-1.692],[1.074,-0.618],[0,0],[0,0]],"v":[[73.828,-66.211],[73.828,-64.404],[78.662,-63.721],[80.444,-62.354],[81.152,-60.254],[79.004,-51.855],[66.406,-15.381],[53.711,-51.367],[51.514,-60.059],[52.783,-63.232],[56.787,-64.404],[58.545,-64.404],[58.545,-66.211],[32.764,-66.211],[32.764,-64.404],[35.693,-64.111],[38.135,-62.842],[39.697,-61.279],[41.992,-56.982],[43.555,-52.539],[45.508,-46.973],[34.521,-15.381],[21.484,-52.539],[19.336,-60.4],[20.703,-63.232],[24.658,-64.404],[25.83,-64.404],[25.83,-66.211],[1.318,-66.211],[1.318,-64.404],[5.884,-63.501],[8.545,-60.742],[11.328,-53.467],[31.006,1.514],[32.764,1.514],[47.754,-40.82],[62.842,1.514],[64.795,1.514],[83.252,-51.855],[86.328,-60.01],[89.404,-63.477],[93.604,-64.404],[93.604,-66.211]],"c":true},"ix":2},"nm":"W","mn":"ADBE Vector Shape - Group","hd":false}],"nm":"W","np":3,"cix":2,"bm":0,"ix":1,"mn":"ADBE Vector Group","hd":false}]},"fFamily":"Times New Roman"},{"ch":"E","size":35.6658897399902,"style":"Regular","w":61.08,"data":{"shapes":[{"ty":"gr","it":[{"ind":0,"ty":"sh","ix":1,"ks":{"a":0,"k":{"i":[[0,0],[-1.302,-0.488],[-0.83,-1.302],[-0.684,-3.483],[0,0],[0,0],[0,0],[0,0],[0,0],[-1.172,-1.302],[0,-4.199],[0,0],[0.374,-1.041],[1.041,-0.52],[1.562,0],[0,0],[0,0],[0,0],[0,0],[0,0],[2.018,-2.018],[1.692,-0.52],[3.743,0],[0,0],[0.651,0.375],[0.26,0.635],[0,2.93],[0,0],[0,0],[-1.335,-0.651],[-0.586,-1.139],[-0.456,-3.223],[0,0],[0,0],[0,0],[1.692,-1.497],[3.776,0],[0,0],[0,0]],"o":[[3.288,0],[1.627,0.684],[0.83,1.302],[0,0],[0,0],[0,0],[0,0],[0,0],[2.734,0],[0.846,0.977],[0,0],[0,3.223],[-0.375,1.042],[-1.4,0.749],[0,0],[0,0],[0,0],[0,0],[0,0],[-2.116,4.07],[-1.562,1.53],[-1.693,0.521],[0,0],[-1.823,0],[-0.652,-0.374],[-0.261,-0.635],[0,0],[0,0],[2.766,0],[1.334,0.652],[0.455,0.912],[0,0],[0,0],[0,0],[-0.195,3.777],[-1.27,1.14],[0,0],[0,0],[0,0]],"v":[[39.062,-62.598],[45.947,-61.865],[49.634,-58.887],[51.904,-51.709],[53.809,-51.709],[53.076,-66.211],[2.051,-66.211],[2.051,-64.404],[4.395,-64.404],[10.254,-62.451],[11.523,-54.688],[11.523,-11.67],[10.962,-5.273],[8.838,-2.93],[4.395,-1.807],[2.051,-1.807],[2.051,0],[53.076,0],[58.789,-16.602],[56.836,-16.602],[50.635,-7.471],[45.752,-4.395],[37.598,-3.613],[26.367,-3.613],[22.656,-4.175],[21.289,-5.688],[20.898,-11.035],[20.898,-32.861],[35.449,-32.861],[41.602,-31.885],[44.482,-29.199],[45.85,-22.998],[47.656,-22.998],[47.656,-46.045],[45.85,-46.045],[43.018,-38.135],[35.449,-36.426],[20.898,-36.426],[20.898,-62.598]],"c":true},"ix":2},"nm":"E","mn":"ADBE Vector Shape - Group","hd":false}],"nm":"E","np":3,"cix":2,"bm":0,"ix":1,"mn":"ADBE Vector Group","hd":false}]},"fFamily":"Times New Roman"},{"ch":"M","size":35.6658897399902,"style":"Regular","w":88.92,"data":{"shapes":[{"ty":"gr","it":[{"ind":0,"ty":"sh","ix":1,"ks":{"a":0,"k":{"i":[[0,0],[0,0],[0,0],[0.716,-1.041],[2.832,0],[0,0],[0,0],[0,0],[0,0],[0,0],[1.204,1.367],[0,4.07],[0,0],[-0.716,1.042],[-2.832,0],[0,0],[0,0],[0,0],[0,0],[0,0],[0,0],[0,0],[-1.221,-0.635],[-0.456,-0.944],[0,-2.93],[0,0],[0.716,-1.041],[2.799,0],[0,0],[0,0],[0,0],[0,0],[0,0],[1.204,1.367],[0,4.07],[0,0],[0,0]],"o":[[0,0],[0,0],[0,3.711],[-1.14,1.693],[0,0],[0,0],[0,0],[0,0],[0,0],[-2.605,0],[-0.912,-1.009],[0,0],[0,-3.711],[1.172,-1.692],[0,0],[0,0],[0,0],[0,0],[0,0],[0,0],[0,0],[2.702,0],[1.221,0.635],[0.651,1.302],[0,0],[0,3.711],[-1.172,1.693],[0,0],[0,0],[0,0],[0,0],[0,0],[-2.605,0],[-0.879,-1.009],[0,0],[0,0],[0,0]],"v":[[42.529,0],[68.066,-55.713],[68.066,-11.475],[66.992,-4.346],[61.035,-1.807],[58.691,-1.807],[58.691,0],[86.816,0],[86.816,-1.807],[84.521,-1.807],[78.809,-3.857],[77.441,-11.475],[77.441,-54.736],[78.516,-61.865],[84.521,-64.404],[86.816,-64.404],[86.816,-66.211],[68.066,-66.211],[44.434,-14.404],[20.41,-66.211],[1.66,-66.211],[1.66,-64.404],[7.544,-63.452],[10.059,-61.084],[11.035,-54.736],[11.035,-11.475],[9.961,-4.346],[4.004,-1.807],[1.66,-1.807],[1.66,0],[24.707,0],[24.707,-1.807],[22.363,-1.807],[16.65,-3.857],[15.332,-11.475],[15.332,-55.713],[40.918,0]],"c":true},"ix":2},"nm":"M","mn":"ADBE Vector Shape - Group","hd":false}],"nm":"M","np":3,"cix":2,"bm":0,"ix":1,"mn":"ADBE Vector Group","hd":false}]},"fFamily":"Times New Roman"},{"ch":"A","size":35.6658897399902,"style":"Regular","w":72.22,"data":{"shapes":[{"ty":"gr","it":[{"ind":0,"ty":"sh","ix":1,"ks":{"a":0,"k":{"i":[[0,0],[0,-1.432],[0.928,-0.748],[2.637,-0.13],[0,0],[0,0],[0,0],[1.514,1.318],[1.855,4.427],[0,0],[0,0],[0,0],[1.66,-1.562],[2.766,-0.488],[0,0],[0,0],[0,0],[0.96,0.765],[0,1.009],[-1.107,2.572],[0,0],[0,0]],"o":[[1.302,3.093],[0,1.074],[-0.928,0.749],[0,0],[0,0],[0,0],[-2.702,-0.163],[-1.514,-1.318],[0,0],[0,0],[0,0],[-2.019,4.785],[-0.814,0.781],[0,0],[0,0],[0,0],[-3.191,-0.227],[-0.961,-0.764],[0,-1.27],[0,0],[0,0],[0,0]],"v":[[49.756,-12.646],[51.709,-5.859],[50.317,-3.125],[44.971,-1.807],[44.971,0],[71.094,0],[71.094,-1.807],[64.771,-4.028],[59.717,-12.646],[36.67,-67.725],[34.961,-67.725],[11.67,-13.232],[6.152,-3.711],[0.781,-1.807],[0.781,0],[21.631,0],[21.631,-1.807],[15.405,-3.296],[13.965,-5.957],[15.625,-11.719],[20.117,-22.168],[45.752,-22.168]],"c":true},"ix":2},"nm":"A","mn":"ADBE Vector Shape - Group","hd":false},{"ind":1,"ty":"sh","ix":2,"ks":{"a":0,"k":{"i":[[0,0],[0,0],[0,0]],"o":[[0,0],[0,0],[0,0]],"v":[[21.631,-25.781],[33.154,-52.539],[44.385,-25.781]],"c":true},"ix":2},"nm":"A","mn":"ADBE Vector Shape - Group","hd":false}],"nm":"A","np":5,"cix":2,"bm":0,"ix":1,"mn":"ADBE Vector Group","hd":false}]},"fFamily":"Times New Roman"}]}