{"v":"5.11.0","fr":29.9700012207031,"ip":0,"op":151.000006150356,"w":1080,"h":1920,"nm":"Comp 1","ddd":0,"assets":[{"id":"comp_0","nm":"logo","fr":29.9700012207031,"layers":[{"ddd":0,"ind":1,"ty":4,"nm":"Shape Layer 1","td":1,"sr":1,"ks":{"o":{"a":0,"k":100,"ix":11},"r":{"a":0,"k":0,"ix":10},"p":{"a":0,"k":[477,907,0],"ix":2,"l":2},"a":{"a":0,"k":[0,0,0],"ix":1,"l":2},"s":{"a":0,"k":[100,119.737,100],"ix":6,"l":2}},"ao":0,"shapes":[{"ty":"gr","it":[{"ty":"rc","d":1,"s":{"a":0,"k":[732,312],"ix":2},"p":{"a":0,"k":[0,0],"ix":3},"r":{"a":0,"k":0,"ix":4},"nm":"Rectangle Path 1","mn":"ADBE Vector Shape - Rect","hd":false},{"ty":"fl","c":{"a":0,"k":[0,0,0,1],"ix":4},"o":{"a":0,"k":100,"ix":5},"r":1,"bm":0,"nm":"Fill 1","mn":"ADBE Vector Graphic - Fill","hd":false},{"ty":"tr","p":{"a":0,"k":[64,124],"ix":2},"a":{"a":0,"k":[0,0],"ix":1},"s":{"a":0,"k":[100,100],"ix":3},"r":{"a":0,"k":0,"ix":6},"o":{"a":0,"k":100,"ix":7},"sk":{"a":0,"k":0,"ix":4},"sa":{"a":0,"k":0,"ix":5},"nm":"Transform"}],"nm":"Rectangle 1","np":3,"cix":2,"bm":0,"ix":1,"mn":"ADBE Vector Group","hd":false}],"ip":0,"op":211.000008594206,"st":0,"ct":1,"bm":0},{"ddd":0,"ind":2,"ty":4,"nm":"Layer 1","tt":1,"tp":1,"sr":1,"ks":{"o":{"a":0,"k":100,"ix":11},"r":{"a":0,"k":0,"ix":10},"p":{"a":1,"k":[{"i":{"x":0.4,"y":1},"o":{"x":0.333,"y":0},"t":106,"s":[-150.401,1064.009,0],"to":[121.333,-1.5,0],"ti":[-121.333,1.5,0]},{"t":121.000004928431,"s":[577.599,1055.009,0]}],"ix":2,"l":2},"a":{"a":0,"k":[557.125,622.009,0],"ix":1,"l":2},"s":{"a":0,"k":[79,79,100],"ix":6,"l":2}},"ao":0,"shapes":[{"ty":"gr","it":[{"ind":0,"ty":"sh","ix":1,"ks":{"a":0,"k":{"i":[[0,0],[-2.135,0],[0,0],[-0.788,0.835],[0,2.135],[0,0],[0.786,0.835],[2.133,0],[0,0],[0.835,-0.835],[0,-2.133],[0,0],[0,0],[0,0],[0.837,0.835],[2.133,0],[0,0],[0.835,-0.835],[0,-2.133],[0,0],[-0.833,-0.835],[-2.135,0],[0,0],[-0.833,0.835],[0,2.135],[0,0],[0,0],[0,0],[-0.833,-0.835]],"o":[[0.835,0.835],[0,0],[2.133,0],[0.786,-0.835],[0,0],[0,-2.133],[-0.788,-0.835],[0,0],[-2.135,0],[-0.833,0.835],[0,0],[0,0],[0,0],[0,-2.133],[-0.833,-0.835],[0,0],[-2.135,0],[-0.833,0.835],[0,0],[0,2.135],[0.835,0.835],[0,0],[2.133,0],[0.837,-0.835],[0,0],[0,0],[0,0],[0,2.135],[0,0]],"v":[[18.087,48.138],[22.538,49.391],[33.809,49.391],[38.19,48.138],[39.373,43.686],[39.373,-43.686],[38.19,-48.138],[33.809,-49.391],[22.538,-49.391],[18.087,-48.138],[16.835,-43.686],[16.835,-10.991],[-16.694,-10.991],[-16.694,-43.686],[-17.948,-48.138],[-22.399,-49.391],[-33.669,-49.391],[-38.121,-48.138],[-39.373,-43.686],[-39.373,43.686],[-38.121,48.138],[-33.669,49.391],[-22.399,49.391],[-17.948,48.138],[-16.694,43.686],[-16.694,9.738],[16.835,9.738],[16.835,43.686],[18.087,48.138]],"c":false},"ix":2},"nm":"Path 1","mn":"ADBE Vector Shape - Group","hd":false},{"ty":"fl","c":{"a":0,"k":[0.192156862745,0.164705882353,0.141176470588,1],"ix":4},"o":{"a":0,"k":100,"ix":5},"r":1,"bm":0,"nm":"Fill 1","mn":"ADBE Vector Graphic - Fill","hd":false},{"ty":"tr","p":{"a":0,"k":[535.838,732.5],"ix":2},"a":{"a":0,"k":[0,0],"ix":1},"s":{"a":0,"k":[100,100],"ix":3},"r":{"a":0,"k":0,"ix":6},"o":{"a":0,"k":100,"ix":7},"sk":{"a":0,"k":0,"ix":4},"sa":{"a":0,"k":0,"ix":5},"nm":"Transform"}],"nm":"Group 1","np":2,"cix":2,"bm":0,"ix":1,"mn":"ADBE Vector Group","hd":false},{"ty":"gr","it":[{"ind":0,"ty":"sh","ix":1,"ks":{"a":0,"k":{"i":[[0,0],[-3.199,-2.784],[-5.938,0],[-3.201,2.782],[0,5.286],[0,0],[3.199,2.782],[5.935,0],[3.201,-2.784],[0,-5.287]],"o":[[0,5.286],[3.201,2.782],[5.935,0],[3.199,-2.784],[0,0],[0,-5.287],[-3.201,-2.784],[-5.938,0],[-3.199,2.782],[0,0]],"v":[[-18.435,14.61],[-13.635,26.713],[0.07,30.887],[13.773,26.713],[18.573,14.61],[18.573,-14.608],[13.773,-26.711],[0.07,-30.887],[-13.635,-26.711],[-18.435,-14.608]],"c":true},"ix":2},"nm":"Path 1","mn":"ADBE Vector Shape - Group","hd":false},{"ind":1,"ty":"sh","ix":2,"ks":{"a":0,"k":{"i":[[0,0],[0,11.688],[0,0],[-7.187,6.632],[-13.079,0],[-7.187,-6.632],[0,-11.688],[0,0],[7.189,-6.629],[12.984,0],[7.189,6.634]],"o":[[-7.187,-6.629],[0,0],[0,-11.688],[7.189,-6.632],[12.984,0],[7.189,6.632],[0,0],[0,11.688],[-7.187,6.634],[-13.079,0],[0,0]],"v":[[-30.332,41.529],[-41.111,14.051],[-41.111,-14.051],[-30.332,-41.529],[0.07,-51.477],[30.328,-41.529],[41.111,-14.051],[41.111,14.051],[30.328,41.529],[0.07,51.477],[-30.332,41.529]],"c":false},"ix":2},"nm":"Path 2","mn":"ADBE Vector Shape - Group","hd":false},{"ty":"fl","c":{"a":0,"k":[0.192156862745,0.164705882353,0.141176470588,1],"ix":4},"o":{"a":0,"k":100,"ix":5},"r":1,"bm":0,"nm":"Fill 1","mn":"ADBE Vector Graphic - Fill","hd":false},{"ty":"tr","p":{"a":0,"k":[631.904,732.5],"ix":2},"a":{"a":0,"k":[0,0],"ix":1},"s":{"a":0,"k":[100,100],"ix":3},"r":{"a":0,"k":0,"ix":6},"o":{"a":0,"k":100,"ix":7},"sk":{"a":0,"k":0,"ix":4},"sa":{"a":0,"k":0,"ix":5},"nm":"Transform"}],"nm":"Group 2","np":3,"cix":2,"bm":0,"ix":2,"mn":"ADBE Vector Group","hd":false},{"ty":"gr","it":[{"ind":0,"ty":"sh","ix":1,"ks":{"a":0,"k":{"i":[[0,0],[-2.135,0],[0,0],[-0.835,0.835],[0,2.135],[0,0],[0,0],[0,1.021],[2.597,0],[0,0],[1.253,-0.508],[1.206,-2.317],[0,0],[0,0],[1.251,0.511],[3.617,0],[0,0],[0,-1.761],[-0.651,-1.02],[0,0],[0,0],[-0.835,-0.835]],"o":[[0.835,0.835],[0,0],[2.131,0],[0.833,-0.835],[0,0],[0,0],[0.647,-1.02],[0,-1.761],[0,0],[-3.619,0],[-1.253,0.511],[0,0],[0,0],[-1.207,-2.317],[-1.254,-0.508],[0,0],[-2.597,0],[0,1.021],[0,0],[0,0],[0,2.135],[0,0]],"v":[[-10.087,48.138],[-5.635,49.391],[5.635,49.391],[10.087,48.138],[11.338,43.686],[11.338,10.991],[44.033,-43.686],[45.008,-46.746],[41.111,-49.391],[29.009,-49.391],[21.703,-48.625],[18.015,-44.382],[0.209,-11.965],[-17.182,-44.382],[-20.868,-48.625],[-28.174,-49.391],[-41.112,-49.391],[-45.008,-46.746],[-44.033,-43.686],[-11.34,10.713],[-11.34,43.686],[-10.087,48.138]],"c":false},"ix":2},"nm":"Path 1","mn":"ADBE Vector Shape - Group","hd":false},{"ty":"fl","c":{"a":0,"k":[0.192156862745,0.164705882353,0.141176470588,1],"ix":4},"o":{"a":0,"k":100,"ix":5},"r":1,"bm":0,"nm":"Fill 1","mn":"ADBE Vector Graphic - Fill","hd":false},{"ty":"tr","p":{"a":0,"k":[417.234,732.5],"ix":2},"a":{"a":0,"k":[0,0],"ix":1},"s":{"a":0,"k":[100,100],"ix":3},"r":{"a":0,"k":0,"ix":6},"o":{"a":0,"k":100,"ix":7},"sk":{"a":0,"k":0,"ix":4},"sa":{"a":0,"k":0,"ix":5},"nm":"Transform"}],"nm":"Group 3","np":2,"cix":2,"bm":0,"ix":3,"mn":"ADBE Vector Group","hd":false},{"ty":"gr","it":[{"ind":0,"ty":"sh","ix":1,"ks":{"a":0,"k":{"i":[[0,0],[6.03,0],[3.109,1.67],[1.296,3.06],[0.602,0.605],[0.926,0],[1.392,-0.464],[0,0],[0,-1.948],[-0.464,-1.204],[-6.308,-3.755],[-10.668,0],[-6.216,2.644],[-3.339,4.823],[0,6.308],[3.478,4.268],[5.052,1.717],[6.863,0.835],[3.478,1.345],[0,3.432],[-2.644,1.531],[-5.752,0],[-2.598,-1.531],[-1.579,-3.06],[-0.604,-0.557],[-0.833,0],[-1.207,0.555],[0,0],[0,1.762],[0.647,1.207],[5.842,3.339],[9.831,0],[5.934,-2.644],[3.015,-4.73],[0,-6.028],[-3.756,-4.219],[-5.196,-1.482],[-7.698,-0.926],[-3.25,-1.437],[0,-3.151],[3.106,-1.714]],"o":[[-3.109,1.717],[-4.452,0],[-3.107,-1.669],[-0.744,-1.482],[-0.604,-0.6],[-0.743,0],[0,0],[-2.782,0.927],[0,0.744],[2.688,7.512],[6.305,3.758],[8.44,0],[6.211,-2.643],[3.34,-4.823],[0,-7.605],[-3.478,-4.264],[-5.057,-1.714],[-7.049,-0.741],[-3.479,-1.343],[0,-3.339],[2.643,-1.531],[4.175,0],[2.596,1.531],[0.647,1.301],[0.602,0.555],[0.835,0],[0,0],[2.688,-1.112],[0,-0.927],[-3.248,-6.956],[-5.844,-3.34],[-8.534,0],[-5.936,2.644],[-3.013,4.73],[0,7.885],[3.758,4.222],[5.193,1.484],[6.028,0.651],[3.245,1.439],[0,3.895],[0,0]],"v":[[13.008,28.451],[-0.696,31.026],[-12.036,28.521],[-18.642,21.426],[-20.66,18.294],[-22.956,17.391],[-26.156,18.087],[-36.312,21.704],[-40.486,26.017],[-39.79,28.938],[-26.295,45.842],[-0.835,51.477],[21.148,47.512],[35.477,36.313],[40.486,19.617],[35.268,1.808],[22.471,-7.165],[4.591,-10.991],[-11.199,-14.121],[-16.418,-21.287],[-12.451,-28.59],[0.139,-30.887],[10.296,-28.59],[16.557,-21.704],[18.434,-18.921],[20.59,-18.086],[23.652,-18.921],[34.226,-23.514],[38.259,-27.825],[37.286,-31.026],[23.652,-46.468],[0.139,-51.477],[-21.564,-47.512],[-34.992,-36.451],[-39.512,-20.313],[-33.878,-2.156],[-20.451,6.4],[-1.113,10.017],[12.801,13.148],[17.671,20.034],[13.008,28.451]],"c":false},"ix":2},"nm":"Path 1","mn":"ADBE Vector Shape - Group","hd":false},{"ty":"fl","c":{"a":0,"k":[0.192156862745,0.164705882353,0.141176470588,1],"ix":4},"o":{"a":0,"k":100,"ix":5},"r":1,"bm":0,"nm":"Fill 1","mn":"ADBE Vector Graphic - Fill","hd":false},{"ty":"tr","p":{"a":0,"k":[921.914,732.5],"ix":2},"a":{"a":0,"k":[0,0],"ix":1},"s":{"a":0,"k":[100,100],"ix":3},"r":{"a":0,"k":0,"ix":6},"o":{"a":0,"k":100,"ix":7},"sk":{"a":0,"k":0,"ix":4},"sa":{"a":0,"k":0,"ix":5},"nm":"Transform"}],"nm":"Group 4","np":2,"cix":2,"bm":0,"ix":4,"mn":"ADBE Vector Group","hd":false},{"ty":"gr","it":[{"ind":0,"ty":"sh","ix":1,"ks":{"a":0,"k":{"i":[[0,0],[0,0],[-0.833,0.835],[0,2.135],[0,0],[0.835,0.79],[2.131,0],[0,0],[0,0],[0,0],[-0.833,0.833],[0,2.135],[0,0],[0.837,0.79],[2.133,0],[0,0],[0,0],[0,0],[-0.79,0.835],[0,2.041],[0,0],[0.788,0.835],[2.133,0],[0,0],[0.835,-0.835],[0,-2.133],[0,0],[-0.833,-0.835],[-2.135,0]],"o":[[0,0],[2.131,0],[0.835,-0.835],[0,0],[0,-2.133],[-0.833,-0.787],[0,0],[0,0],[0,0],[2.133,0],[0.837,-0.835],[0,0],[0,-2.133],[-0.833,-0.786],[0,0],[0,0],[0,0],[2.133,0],[0.788,-0.835],[0,0],[0,-2.133],[-0.79,-0.835],[0,0],[-2.135,0],[-0.833,0.835],[0,0],[0,2.135],[0.835,0.835],[0,0]],"v":[[-28.659,49.391],[28.661,49.391],[33.111,48.138],[34.364,43.686],[34.364,34.365],[33.111,29.982],[28.661,28.799],[-11.688,28.799],[-11.688,9.738],[20.313,9.738],[24.764,8.487],[26.018,4.035],[26.018,-5.286],[24.764,-9.669],[20.313,-10.852],[-11.688,-10.852],[-11.688,-28.799],[27.408,-28.799],[31.791,-30.052],[32.974,-34.365],[32.974,-43.686],[31.791,-48.138],[27.408,-49.391],[-28.659,-49.391],[-33.113,-48.138],[-34.364,-43.686],[-34.364,43.686],[-33.113,48.138],[-28.659,49.391]],"c":false},"ix":2},"nm":"Path 1","mn":"ADBE Vector Shape - Group","hd":false},{"ty":"fl","c":{"a":0,"k":[0.192156862745,0.164705882353,0.141176470588,1],"ix":4},"o":{"a":0,"k":100,"ix":5},"r":1,"bm":0,"nm":"Fill 1","mn":"ADBE Vector Graphic - Fill","hd":false},{"ty":"tr","p":{"a":0,"k":[837.743,732.5],"ix":2},"a":{"a":0,"k":[0,0],"ix":1},"s":{"a":0,"k":[100,100],"ix":3},"r":{"a":0,"k":0,"ix":6},"o":{"a":0,"k":100,"ix":7},"sk":{"a":0,"k":0,"ix":4},"sa":{"a":0,"k":0,"ix":5},"nm":"Transform"}],"nm":"Group 5","np":2,"cix":2,"bm":0,"ix":5,"mn":"ADBE Vector Group","hd":false},{"ty":"gr","it":[{"ind":0,"ty":"sh","ix":1,"ks":{"a":0,"k":{"i":[[0,0],[0,0],[-0.837,-0.835],[-2.041,0],[0,0],[-0.835,0.788],[0,2.135],[0,0],[0.833,0.79],[2.133,0],[0,0],[0.927,-0.555],[0.927,-1.762],[0,0],[0,0],[1.02,0.557],[2.317,0],[0,0],[0.835,-0.835],[0,-2.039],[0,0],[-0.833,-0.835],[-2.135,0],[0,0],[-0.788,0.835],[0,2.041],[0,0],[0,0],[0,0],[0,0],[0,0],[-0.833,-0.555],[-1.762,0],[0,0],[-0.884,0.557],[-0.833,1.578],[0,0],[0,0],[0,0]],"o":[[0,0],[0,2.041],[0.835,0.835],[0,0],[2.133,0],[0.833,-0.786],[0,0],[0,-2.133],[-0.835,-0.787],[0,0],[-2.136,0],[-0.927,0.557],[0,0],[0,0],[-0.929,-1.669],[-1.021,-0.555],[0,0],[-2.135,0],[-0.833,0.835],[0,0],[0,2.041],[0.835,0.835],[0,0],[2.131,0],[0.786,-0.835],[0,0],[0,0],[0,0],[0,0],[0,0],[0.833,1.578],[0.835,0.557],[0,0],[1.67,0],[0.879,-0.555],[0,0],[0,0],[0,0],[0,0]],"v":[[26.712,21.544],[26.712,43.825],[27.965,48.138],[32.278,49.391],[42.711,49.391],[47.165,48.208],[48.416,43.825],[48.416,-43.825],[47.165,-48.208],[42.711,-49.391],[32.834,-49.391],[28.242,-48.556],[25.46,-45.076],[-0.139,1.808],[-25.738,-45.217],[-28.661,-48.556],[-33.669,-49.391],[-42.711,-49.391],[-47.165,-48.138],[-48.416,-43.825],[-48.416,43.825],[-47.165,48.138],[-42.711,49.391],[-32.834,49.391],[-28.452,48.138],[-27.269,43.825],[-27.269,20.678],[-27.269,12.383],[-27.269,-6.186],[-19.896,6.817],[-9.877,24.486],[-7.375,27.686],[-3.479,28.521],[2.921,28.521],[6.748,27.686],[9.322,24.486],[19.061,6.817],[26.712,-7.068],[26.712,12.244]],"c":true},"ix":2},"nm":"Path 1","mn":"ADBE Vector Shape - Group","hd":false},{"ty":"fl","c":{"a":0,"k":[0.192156862745,0.164705882353,0.141176470588,1],"ix":4},"o":{"a":0,"k":100,"ix":5},"r":1,"bm":0,"nm":"Fill 1","mn":"ADBE Vector Graphic - Fill","hd":false},{"ty":"tr","p":{"a":0,"k":[736.877,732.5],"ix":2},"a":{"a":0,"k":[0,0],"ix":1},"s":{"a":0,"k":[100,100],"ix":3},"r":{"a":0,"k":0,"ix":6},"o":{"a":0,"k":100,"ix":7},"sk":{"a":0,"k":0,"ix":4},"sa":{"a":0,"k":0,"ix":5},"nm":"Transform"}],"nm":"Group 6","np":2,"cix":2,"bm":0,"ix":6,"mn":"ADBE Vector Group","hd":false},{"ty":"gr","it":[{"ind":0,"ty":"sh","ix":1,"ks":{"a":0,"k":{"i":[[0,0],[0,0],[0.835,-0.787],[0,-2.133],[0,0],[-0.833,-0.835],[-2.041,0],[0,0],[-0.79,0.835],[0,2.041],[0,0],[0.786,0.79],[2.131,0]],"o":[[0,0],[-2.041,0],[-0.833,0.79],[0,0],[0,2.041],[0.835,0.835],[0,0],[2.131,0],[0.786,-0.835],[0,0],[0,-2.133],[-0.79,-0.787],[0,0]],"v":[[5.774,-49.391],[-5.774,-49.391],[-10.087,-48.208],[-11.34,-43.825],[-11.34,43.825],[-10.087,48.138],[-5.774,49.391],[5.774,49.391],[10.157,48.138],[11.34,43.825],[11.34,-43.825],[10.157,-48.208],[5.774,-49.391]],"c":false},"ix":2},"nm":"Path 1","mn":"ADBE Vector Shape - Group","hd":false},{"ty":"fl","c":{"a":0,"k":[0.192156862745,0.164705882353,0.141176470588,1],"ix":4},"o":{"a":0,"k":100,"ix":5},"r":1,"bm":0,"nm":"Fill 1","mn":"ADBE Vector Graphic - Fill","hd":false},{"ty":"tr","p":{"a":0,"k":[252.23,732.5],"ix":2},"a":{"a":0,"k":[0,0],"ix":1},"s":{"a":0,"k":[100,100],"ix":3},"r":{"a":0,"k":0,"ix":6},"o":{"a":0,"k":100,"ix":7},"sk":{"a":0,"k":0,"ix":4},"sa":{"a":0,"k":0,"ix":5},"nm":"Transform"}],"nm":"Group 7","np":2,"cix":2,"bm":0,"ix":7,"mn":"ADBE Vector Group","hd":false},{"ty":"gr","it":[{"ind":0,"ty":"sh","ix":1,"ks":{"a":0,"k":{"i":[[0,0],[-2.135,0],[0,0],[-0.835,0.835],[0,2.135],[0,0],[0,0],[-0.79,0.835],[0,2.041],[0,0],[0.786,0.835],[2.131,0],[0,0],[0.835,-0.835],[0,-2.133],[0,0],[-0.835,-0.835],[-2.135,0],[0,0],[0,0],[-0.788,-0.835]],"o":[[0.788,0.835],[0,0],[2.131,0],[0.833,-0.835],[0,0],[0,0],[2.131,0],[0.786,-0.835],[0,0],[0,-2.133],[-0.79,-0.835],[0,0],[-2.135,0],[-0.835,0.835],[0,0],[0,2.041],[0.835,0.835],[0,0],[0,0],[0,2.135],[0,0]],"v":[[-10.018,48.138],[-5.635,49.391],[5.635,49.391],[10.087,48.138],[11.338,43.686],[11.338,-28.799],[33.182,-28.799],[37.565,-30.052],[38.748,-34.365],[38.748,-43.686],[37.565,-48.138],[33.182,-49.391],[-33.043,-49.391],[-37.495,-48.138],[-38.748,-43.686],[-38.748,-34.365],[-37.495,-30.052],[-33.043,-28.799],[-11.199,-28.799],[-11.199,43.686],[-10.018,48.138]],"c":false},"ix":2},"nm":"Path 1","mn":"ADBE Vector Shape - Group","hd":false},{"ty":"fl","c":{"a":0,"k":[0.192156862745,0.164705882353,0.141176470588,1],"ix":4},"o":{"a":0,"k":100,"ix":5},"r":1,"bm":0,"nm":"Fill 1","mn":"ADBE Vector Graphic - Fill","hd":false},{"ty":"tr","p":{"a":0,"k":[190.598,732.5],"ix":2},"a":{"a":0,"k":[0,0],"ix":1},"s":{"a":0,"k":[100,100],"ix":3},"r":{"a":0,"k":0,"ix":6},"o":{"a":0,"k":100,"ix":7},"sk":{"a":0,"k":0,"ix":4},"sa":{"a":0,"k":0,"ix":5},"nm":"Transform"}],"nm":"Group 8","np":2,"cix":2,"bm":0,"ix":8,"mn":"ADBE Vector Group","hd":false},{"ty":"gr","it":[{"ind":0,"ty":"sh","ix":1,"ks":{"a":0,"k":{"i":[[0,0],[0,0],[-0.835,0.835],[0,2.135],[0,0],[0,0],[0,0],[0,0],[-0.447,-0.67],[0,0],[0,0],[0,0],[-0.788,-0.371],[-1.392,0],[0,0],[-0.788,0.835],[0,2.135],[0,0],[0.788,0.835],[2.131,0],[0,0],[0.835,-0.835],[0,-2.133],[0,0],[0,0],[0,0],[0,0],[0,0],[0.786,0.418],[1.39,0],[0,0],[0.835,-0.835],[0,-2.133],[0,0],[-0.833,-0.835],[-2.135,0]],"o":[[0,0],[2.133,0],[0.835,-0.835],[0,0],[0,0],[0,0],[0,0],[0.432,0.696],[0,0],[0,0],[0,0],[0.743,1.021],[0.788,0.372],[0,0],[2.131,0],[0.788,-0.835],[0,0],[0,-2.133],[-0.788,-0.835],[0,0],[-2.135,0],[-0.835,0.835],[0,0],[0,0],[0,0],[0,0],[0,0],[-0.649,-0.926],[-0.79,-0.418],[0,0],[-2.135,0],[-0.833,0.835],[0,0],[0,2.135],[0.835,0.835],[0,0]],"v":[[-34.365,49.391],[-24.069,49.391],[-19.617,48.138],[-18.364,43.686],[-18.364,17.212],[-18.364,10.434],[-18.364,-8.186],[-10.895,3.203],[-9.599,5.286],[15.016,42.712],[15.019,42.717],[17.668,46.746],[19.965,48.834],[23.235,49.391],[34.504,49.391],[38.886,48.138],[40.069,43.686],[40.069,-43.686],[38.886,-48.138],[34.504,-49.391],[24.208,-49.391],[19.756,-48.138],[18.505,-43.686],[18.505,-31.21],[18.505,-10.434],[18.505,7.634],[10.436,-4.59],[-17.391,-46.746],[-19.547,-48.765],[-22.816,-49.391],[-34.365,-49.391],[-38.817,-48.138],[-40.069,-43.686],[-40.069,43.686],[-38.817,48.138],[-34.365,49.391]],"c":false},"ix":2},"nm":"Path 1","mn":"ADBE Vector Shape - Group","hd":false},{"ty":"fl","c":{"a":0,"k":[0.192156862745,0.164705882353,0.141176470588,1],"ix":4},"o":{"a":0,"k":100,"ix":5},"r":1,"bm":0,"nm":"Fill 1","mn":"ADBE Vector Graphic - Fill","hd":false},{"ty":"tr","p":{"a":0,"k":[321.724,732.5],"ix":2},"a":{"a":0,"k":[0,0],"ix":1},"s":{"a":0,"k":[100,100],"ix":3},"r":{"a":0,"k":0,"ix":6},"o":{"a":0,"k":100,"ix":7},"sk":{"a":0,"k":0,"ix":4},"sa":{"a":0,"k":0,"ix":5},"nm":"Transform"}],"nm":"Group 9","np":2,"cix":2,"bm":0,"ix":9,"mn":"ADBE Vector Group","hd":false},{"ty":"gr","it":[{"ind":0,"ty":"sh","ix":1,"ks":{"a":0,"k":{"i":[[0,0],[0,0],[-5.527,4.959],[0,9.749],[0,0],[5.52,4.959],[10.723,0],[0,0]],"o":[[0,0],[10.723,0],[5.52,-4.954],[0,0],[0,-9.749],[-5.527,-4.954],[0,0],[0,0]],"v":[[-29.731,50.448],[-2.681,50.448],[21.691,43.015],[29.976,20.958],[29.976,-20.958],[21.691,-43.015],[-2.681,-50.448],[-29.731,-50.448]],"c":true},"ix":2},"nm":"Path 1","mn":"ADBE Vector Shape - Group","hd":false},{"ind":1,"ty":"sh","ix":2,"ks":{"a":0,"k":{"i":[[0,0],[0,3.74],[0,0],[-1.461,1.461],[-3.74,0],[0,0],[-12.513,-11.615],[0,-20.472],[0,0],[12.508,-11.615],[22.908,0],[0,0],[1.463,1.463]],"o":[[-1.461,-1.461],[0,0],[0,-3.735],[1.463,-1.463],[0,0],[22.908,0],[12.508,11.618],[0,0],[0,20.472],[-12.513,11.618],[0,0],[-3.74,0],[0,0]],"v":[[-67.264,84.323],[-69.457,76.524],[-69.457,-76.525],[-67.264,-84.323],[-59.465,-86.517],[-2.436,-86.517],[50.692,-69.092],[69.457,-20.958],[69.457,20.958],[50.692,69.091],[-2.436,86.517],[-59.465,86.517],[-67.264,84.323]],"c":false},"ix":2},"nm":"Path 2","mn":"ADBE Vector Shape - Group","hd":false},{"ty":"fl","c":{"a":0,"k":[0.192156862745,0.164705882353,0.141176470588,1],"ix":4},"o":{"a":0,"k":100,"ix":5},"r":1,"bm":0,"nm":"Fill 1","mn":"ADBE Vector Graphic - Fill","hd":false},{"ty":"tr","p":{"a":0,"k":[892.943,550.382],"ix":2},"a":{"a":0,"k":[0,0],"ix":1},"s":{"a":0,"k":[100,100],"ix":3},"r":{"a":0,"k":0,"ix":6},"o":{"a":0,"k":100,"ix":7},"sk":{"a":0,"k":0,"ix":4},"sa":{"a":0,"k":0,"ix":5},"nm":"Transform"}],"nm":"Group 10","np":3,"cix":2,"bm":0,"ix":10,"mn":"ADBE Vector Group","hd":false},{"ty":"gr","it":[{"ind":0,"ty":"sh","ix":1,"ks":{"a":0,"k":{"i":[[0,0],[0,0],[-1.461,1.463],[0,3.74],[0,0],[0,0],[0,0],[0,0],[-0.783,-1.175],[0,0],[0,0],[0,0],[-1.382,-0.647],[-2.439,0],[0,0],[-1.382,1.463],[0,3.74],[0,0],[1.379,1.461],[3.734,0],[0,0],[1.463,-1.463],[0,-3.735],[0,0],[0,0],[0,0],[0,0],[0,0],[1.377,0.731],[2.436,0],[0,0],[1.463,-1.463],[0,-3.735],[0,0],[-1.461,-1.461],[-3.738,0]],"o":[[0,0],[3.737,0],[1.463,-1.461],[0,0],[0,0],[0,0],[0,0],[0.754,1.219],[0,0],[0,0],[0,0],[1.3,1.79],[1.38,0.652],[0,0],[3.734,0],[1.379,-1.461],[0,0],[0,-3.735],[-1.382,-1.463],[0,0],[-3.74,0],[-1.461,1.461],[0,0],[0,0],[0,0],[0,0],[0,0],[-1.139,-1.623],[-1.384,-0.732],[0,0],[-3.738,0],[-1.461,1.461],[0,0],[0,3.74],[1.463,1.463],[0,0]],"v":[[-60.196,86.517],[-42.162,86.517],[-34.363,84.323],[-32.17,76.524],[-32.17,30.149],[-32.17,18.278],[-32.17,-14.341],[-19.084,5.612],[-16.815,9.261],[26.302,74.818],[26.307,74.826],[30.95,81.885],[34.971,85.541],[40.7,86.517],[60.441,86.517],[68.117,84.323],[70.188,76.524],[70.188,-76.525],[68.117,-84.323],[60.441,-86.517],[42.406,-86.517],[34.606,-84.323],[32.413,-76.525],[32.413,-54.67],[32.413,-18.278],[32.413,13.372],[18.278,-8.042],[-30.463,-81.885],[-34.24,-85.42],[-39.967,-86.517],[-60.196,-86.517],[-67.995,-84.323],[-70.188,-76.525],[-70.188,76.524],[-67.995,84.323],[-60.196,86.517]],"c":false},"ix":2},"nm":"Path 1","mn":"ADBE Vector Shape - Group","hd":false},{"ty":"fl","c":{"a":0,"k":[0.192156862745,0.164705882353,0.141176470588,1],"ix":4},"o":{"a":0,"k":100,"ix":5},"r":1,"bm":0,"nm":"Fill 1","mn":"ADBE Vector Graphic - Fill","hd":false},{"ty":"tr","p":{"a":0,"k":[721.376,550.382],"ix":2},"a":{"a":0,"k":[0,0],"ix":1},"s":{"a":0,"k":[100,100],"ix":3},"r":{"a":0,"k":0,"ix":6},"o":{"a":0,"k":100,"ix":7},"sk":{"a":0,"k":0,"ix":4},"sa":{"a":0,"k":0,"ix":5},"nm":"Transform"}],"nm":"Group 11","np":2,"cix":2,"bm":0,"ix":11,"mn":"ADBE Vector Group","hd":false},{"ty":"gr","it":[{"ind":0,"ty":"sh","ix":1,"ks":{"a":0,"k":{"i":[[0,0],[0,0],[0,0],[0,0]],"o":[[0,0],[0,0],[0,0],[0,0]],"v":[[19.215,22.52],[-0.001,-36.473],[-20.439,22.52],[-0.613,22.52]],"c":true},"ix":2},"nm":"Path 1","mn":"ADBE Vector Shape - Group","hd":false},{"ind":1,"ty":"sh","ix":2,"ks":{"a":0,"k":{"i":[[0,0],[0,0],[0,0],[0,0],[0,0],[0.898,-1.204],[1.143,-0.612],[2.08,-0.306],[3.017,0],[0,0],[0,0],[1.264,0.816],[0,1.633],[-0.204,0.817],[-0.409,1.062],[0,0],[0,0],[-0.714,1.1],[-0.856,0.571],[-1.325,0.286],[-1.795,0],[0,0],[0,0],[-1.327,-0.265],[-0.856,-0.529],[-0.714,-1.041],[-0.571,-1.55],[0,0],[0,0],[-0.163,-0.775],[0,-0.654],[1.266,-0.858],[2.528,0],[0,0],[0,0],[2.122,0.304],[1.223,0.612],[0.858,1.202],[0.49,1.795],[0,0]],"o":[[0,0],[0,0],[0,0],[0,0],[-0.654,1.795],[-0.897,1.202],[-1.143,0.612],[-2.081,0.304],[0,0],[0,0],[-2.529,0],[-1.264,-0.816],[0,-0.57],[0.204,-0.816],[0,0],[0,0],[0.57,-1.63],[0.714,-1.102],[0.858,-0.57],[1.325,-0.286],[0,0],[0,0],[1.795,0],[1.325,0.265],[0.858,0.532],[0.714,1.041],[0,0],[0,0],[0.325,0.898],[0.163,0.775],[0,1.712],[-1.266,0.856],[0,0],[0,0],[-3.02,0],[-2.122,-0.306],[-1.224,-0.612],[-0.856,-1.204],[0,0],[0,0]],"v":[[29.495,54.584],[-0.734,54.584],[-30.964,54.584],[-34.881,66.212],[-38.797,77.84],[-41.124,82.338],[-44.183,85.061],[-49.019,86.438],[-56.665,86.896],[-65.111,86.896],[-73.556,86.896],[-79.247,85.672],[-81.144,81.999],[-80.838,79.919],[-79.919,77.105],[-50.791,-0.734],[-21.662,-78.574],[-19.736,-82.672],[-17.38,-85.182],[-14.106,-86.467],[-9.424,-86.896],[-0.001,-86.896],[9.423,-86.896],[14.105,-86.498],[17.379,-85.305],[19.735,-82.947],[21.662,-79.061],[50.914,-0.978],[80.165,77.105],[80.898,79.615],[81.144,81.756],[79.246,85.611],[73.556,86.896],[64.377,86.896],[55.197,86.896],[47.486,86.438],[42.469,85.061],[39.347,82.338],[37.328,77.84],[33.411,66.212]],"c":true},"ix":2},"nm":"Path 2","mn":"ADBE Vector Shape - Group","hd":false},{"ty":"fl","c":{"a":0,"k":[0.192156862745,0.164705882353,0.141176470588,1],"ix":4},"o":{"a":0,"k":100,"ix":5},"r":1,"bm":0,"nm":"Fill 1","mn":"ADBE Vector Graphic - Fill","hd":false},{"ty":"tr","p":{"a":0,"k":[551.931,550.61],"ix":2},"a":{"a":0,"k":[0,0],"ix":1},"s":{"a":0,"k":[100,100],"ix":3},"r":{"a":0,"k":0,"ix":6},"o":{"a":0,"k":100,"ix":7},"sk":{"a":0,"k":0,"ix":4},"sa":{"a":0,"k":0,"ix":5},"nm":"Transform"}],"nm":"Group 12","np":3,"cix":2,"bm":0,"ix":12,"mn":"ADBE Vector Group","hd":false},{"ty":"gr","it":[{"ind":0,"ty":"sh","ix":1,"ks":{"a":0,"k":{"i":[[0,0],[0,0],[-3.509,3.513],[0,6.363],[3.509,3.51],[6.525,0],[0,0]],"o":[[0,0],[6.525,0],[3.509,-3.507],[0,-6.365],[-3.509,-3.505],[0,0],[0,0]],"v":[[-29.74,-10.526],[4.284,-10.526],[19.336,-15.789],[24.6,-30.595],[19.336,-45.407],[4.284,-50.669],[-29.74,-50.669]],"c":true},"ix":2},"nm":"Path 1","mn":"ADBE Vector Shape - Group","hd":false},{"ind":1,"ty":"sh","ix":2,"ks":{"a":0,"k":{"i":[[0,0],[1.469,-1.473],[3.751,0],[0,0],[1.468,1.466],[0,3.758],[0,0],[-1.469,1.468],[-3.756,0],[0,0],[-10.28,-9.953],[0,-17.625],[4.895,-8.569],[9.134,-4.242],[-2.939,-5.056],[0,0],[0,-1.958],[4.565,0],[0,0],[2.853,1.309],[1.793,3.756],[0,0],[3.182,1.958],[7.014,0],[0,0]],"o":[[0,3.758],[-1.468,1.466],[0,0],[-3.756,0],[-1.469,-1.473],[0,0],[0,-3.753],[1.468,-1.471],[0,0],[17.784,0],[10.283,9.956],[0,12.076],[-4.897,8.566],[0.489,0.655],[0,0],[1.139,1.798],[0,3.267],[0,0],[-6.205,0],[-2.858,-1.306],[0,0],[-2.777,-5.713],[-3.183,-1.958],[0,0],[0,0]],"v":[[-29.74,76.859],[-31.944,84.695],[-39.775,86.896],[-59.603,86.896],[-67.436,84.695],[-69.639,76.859],[-69.639,-76.86],[-67.436,-84.692],[-59.603,-86.896],[8.444,-86.896],[50.545,-71.963],[65.968,-30.595],[58.624,0.368],[37.575,19.581],[42.714,28.15],[67.926,76.368],[69.639,81.999],[62.785,86.896],[43.203,86.896],[29.619,84.938],[22.642,77.349],[4.528,39.655],[-4.405,28.15],[-19.705,25.211],[-29.74,25.211]],"c":true},"ix":2},"nm":"Path 2","mn":"ADBE Vector Shape - Group","hd":false},{"ty":"fl","c":{"a":0,"k":[0.192156862745,0.164705882353,0.141176470588,1],"ix":4},"o":{"a":0,"k":100,"ix":5},"r":1,"bm":0,"nm":"Fill 1","mn":"ADBE Vector Graphic - Fill","hd":false},{"ty":"tr","p":{"a":0,"k":[391.851,550.61],"ix":2},"a":{"a":0,"k":[0,0],"ix":1},"s":{"a":0,"k":[100,100],"ix":3},"r":{"a":0,"k":0,"ix":6},"o":{"a":0,"k":100,"ix":7},"sk":{"a":0,"k":0,"ix":4},"sa":{"a":0,"k":0,"ix":5},"nm":"Transform"}],"nm":"Group 13","np":3,"cix":2,"bm":0,"ix":13,"mn":"ADBE Vector Group","hd":false},{"ty":"gr","it":[{"ind":0,"ty":"sh","ix":1,"ks":{"a":0,"k":{"i":[[0,0],[15.012,0],[12.642,11.668],[0,20.564],[0,0],[-12.649,11.67],[-23.008,0],[-11.505,-7.014],[-4.895,-13.377],[0,-1.631],[1.141,-1.223],[2.609,-0.816],[0,0],[1.628,0],[1.139,1.144],[0.979,2.45],[15.666,0],[5.467,-4.978],[0,-9.624],[0,0],[-5.468,-4.978],[-10.77,0],[-5.96,4.081],[0,6.205],[0,0],[0,0],[1.468,1.468],[0,3.753],[0,0],[-1.468,1.471],[-3.755,0],[0,0],[-1.469,-1.468],[0,-3.755],[0,0],[5.709,-8.813],[10.849,-5.056]],"o":[[-10.854,5.056],[-23.008,0],[-12.649,-11.667],[0,0],[0,-20.559],[12.642,-11.663],[17.784,0],[11.505,7.017],[0.649,1.8],[0,1.798],[-1.144,1.225],[0,0],[-1.958,0.655],[-1.633,0],[-1.144,-1.139],[-4.737,-12.074],[-10.77,0],[-5.468,4.976],[0,0],[0,9.632],[5.467,4.978],[9.951,0],[5.954,-4.075],[0,0],[0,0],[-3.755,0],[-1.468,-1.471],[0,0],[0,-3.755],[1.468,-1.468],[0,0],[3.753,0],[1.468,1.471],[0,0],[0,11.102],[-5.714,8.812],[0,0]],"v":[[38.921,82.98],[0.123,90.569],[-53.36,73.066],[-72.332,24.722],[-72.332,-24.722],[-53.36,-73.066],[0.123,-90.569],[44.061,-80.041],[68.661,-49.445],[69.639,-44.304],[67.926,-39.775],[62.296,-36.715],[43.449,-30.108],[38.063,-29.127],[33.903,-30.842],[30.721,-36.226],[0.123,-54.34],[-24.233,-46.872],[-32.431,-24.968],[-32.431,24.968],[-24.233,46.877],[0.123,54.342],[23.99,48.22],[32.923,32.8],[32.923,23.989],[3.06,23.989],[-4.772,21.786],[-6.975,13.955],[-6.975,-1.222],[-4.772,-9.058],[3.06,-11.259],[62.296,-11.259],[70.131,-9.058],[72.332,-1.222],[72.332,32.31],[63.766,62.173],[38.921,82.98]],"c":false},"ix":2},"nm":"Path 1","mn":"ADBE Vector Shape - Group","hd":false},{"ty":"fl","c":{"a":0,"k":[0.192156862745,0.164705882353,0.141176470588,1],"ix":4},"o":{"a":0,"k":100,"ix":5},"r":1,"bm":0,"nm":"Fill 1","mn":"ADBE Vector Graphic - Fill","hd":false},{"ty":"tr","p":{"a":0,"k":[224.181,550.609],"ix":2},"a":{"a":0,"k":[0,0],"ix":1},"s":{"a":0,"k":[100,100],"ix":3},"r":{"a":0,"k":0,"ix":6},"o":{"a":0,"k":100,"ix":7},"sk":{"a":0,"k":0,"ix":4},"sa":{"a":0,"k":0,"ix":5},"nm":"Transform"}],"nm":"Group 14","np":2,"cix":2,"bm":0,"ix":14,"mn":"ADBE Vector Group","hd":false}],"ip":0,"op":211.000008594206,"st":0,"ct":1,"bm":0},{"ddd":0,"ind":3,"ty":4,"nm":"Layer 5","sr":1,"ks":{"o":{"a":0,"k":100,"ix":11},"r":{"a":0,"k":0,"ix":10},"p":{"a":1,"k":[{"i":{"x":0.376,"y":1},"o":{"x":0.333,"y":0},"t":1.274,"s":[570,1098,0],"to":[0,-8.667,0],"ti":[0,0,0]},{"i":{"x":0.667,"y":1},"o":{"x":0.656,"y":0},"t":26.748,"s":[570,1046,0],"to":[0,0,0],"ti":[0,-8.667,0]},{"i":{"x":0.632,"y":0.33},"o":{"x":0.298,"y":0},"t":36.938,"s":[570,1098,0],"to":[0,0,0],"ti":[0,0.056,0]},{"i":{"x":0.623,"y":0},"o":{"x":0.24,"y":0.267},"t":38.211,"s":[570,1097.914,0],"to":[0,-0.335,0],"ti":[0,0.968,0]},{"i":{"x":0.655,"y":0.286},"o":{"x":0.312,"y":0.692},"t":48.4,"s":[570,1098.367,0],"to":[0,-1.128,0],"ti":[0,-0.628,0]},{"i":{"x":0.675,"y":0.875},"o":{"x":0.337,"y":0.551},"t":59,"s":[570,1098.585,0],"to":[0,0.234,0],"ti":[0,-0.891,0]},{"i":{"x":0.669,"y":0.469},"o":{"x":0.336,"y":0.122},"t":67,"s":[570,1097.75,0],"to":[0,0.014,0],"ti":[0,0.223,0]},{"i":{"x":0.67,"y":0.574},"o":{"x":0.336,"y":0.13},"t":68.395,"s":[570,1097.507,0],"to":[0,-0.186,0],"ti":[0,0.529,0]},{"i":{"x":0.671,"y":0.499},"o":{"x":0.337,"y":0.413},"t":69.79,"s":[570,1096.474,0],"to":[0,-0.57,0],"ti":[0,0.696,0]},{"i":{"x":0.671,"y":0.986},"o":{"x":0.338,"y":0.24},"t":71.184,"s":[570,1095.386,0],"to":[0,-0.709,0],"ti":[0,0.047,0]},{"i":{"x":0.672,"y":1},"o":{"x":0.339,"y":0.008},"t":72.579,"s":[570,1093.053,0],"to":[0,-0.05,0],"ti":[0,-0.021,0]},{"i":{"x":0.589,"y":0.391},"o":{"x":0.247,"y":0},"t":73.974,"s":[570,1089,0],"to":[0,0,0],"ti":[0,3.074,0]},{"i":{"x":0.637,"y":0.416},"o":{"x":0.3,"y":0.405},"t":75.369,"s":[570,1085.037,0],"to":[0,-2.243,0],"ti":[0,3.232,0]},{"i":{"x":0.651,"y":0.602},"o":{"x":0.315,"y":0.384},"t":76.764,"s":[570,1080.689,0],"to":[0,-2.808,0],"ti":[0,2.908,0]},{"i":{"x":0.651,"y":0.674},"o":{"x":0.324,"y":0.302},"t":78.158,"s":[570,1074.957,0],"to":[0,-2.696,0],"ti":[0,2.908,0]},{"i":{"x":0.664,"y":0.675},"o":{"x":0.324,"y":0.331},"t":79.553,"s":[570,1067.957,0],"to":[0,-2.696,0],"ti":[0,2.642,0]},{"i":{"x":0.669,"y":1},"o":{"x":0.334,"y":0.272},"t":80.948,"s":[570,1061.563,0],"to":[0,-2.626,0],"ti":[0,0,0]},{"i":{"x":0.632,"y":0.501},"o":{"x":0.357,"y":0},"t":82.343,"s":[570,1054,0],"to":[0,0,0],"ti":[0,0,0]},{"i":{"x":0.576,"y":0.679},"o":{"x":0.264,"y":0.265},"t":83.736,"s":[548.57,1046.276,0],"to":[0,0,0],"ti":[0,0,0]},{"i":{"x":0.606,"y":0.676},"o":{"x":0.279,"y":0.324},"t":85.131,"s":[518.804,1038.606,0],"to":[0,0,0],"ti":[0,0,0]},{"i":{"x":0.625,"y":0.657},"o":{"x":0.294,"y":0.363},"t":86.526,"s":[500.038,1031.599,0],"to":[0,0,0],"ti":[0,0,0]},{"i":{"x":0.635,"y":0.673},"o":{"x":0.303,"y":0.372},"t":87.921,"s":[488.133,1025.609,0],"to":[0,0,0],"ti":[0,0,0]},{"i":{"x":0.641,"y":0.732},"o":{"x":0.309,"y":0.413},"t":89.316,"s":[480.428,1019.374,0],"to":[0,0,0],"ti":[0,0,0]},{"i":{"x":0.646,"y":1},"o":{"x":0.313,"y":0.379},"t":90.71,"s":[475.693,1014.732,0],"to":[0,0,0],"ti":[0,0,0]},{"i":{"x":0.698,"y":0.641},"o":{"x":0.367,"y":0},"t":92.105,"s":[474,1011,0],"to":[0,0,0],"ti":[0,0,0]},{"i":{"x":0.708,"y":0.602},"o":{"x":0.378,"y":0.197},"t":93.5,"s":[476.559,1007.583,0],"to":[0,0,0],"ti":[0,0,0]},{"i":{"x":0.721,"y":0.627},"o":{"x":0.395,"y":0.248},"t":94.895,"s":[486.083,1005.536,0],"to":[0,0,0],"ti":[0,0,0]},{"i":{"x":0.718,"y":0.639},"o":{"x":0.409,"y":0.288},"t":96.29,"s":[507.18,1004.779,0],"to":[0,0,0],"ti":[0,0,0]},{"i":{"x":0.626,"y":0.609},"o":{"x":0.332,"y":0.372},"t":97.684,"s":[547.249,1004.553,0],"to":[0,0,0],"ti":[0,0,0]},{"i":{"x":0.612,"y":1},"o":{"x":0.188,"y":1},"t":99.079,"s":[593.133,1004,0],"to":[0,0,0],"ti":[0,0,0]},{"t":121.000004928431,"s":[594,1146,0]}],"ix":2,"l":2},"a":{"a":0,"k":[30,138,0],"ix":1,"l":2},"s":{"a":1,"k":[{"i":{"x":[0,0.667,0.667],"y":[1,1,1]},"o":{"x":[0.333,0.333,0.333],"y":[0,0,0]},"t":0.336,"s":[0,0,100]},{"i":{"x":[0,0.667,0.667],"y":[1,1,1]},"o":{"x":[0.333,0.333,0.333],"y":[0,0,0]},"t":15.621,"s":[75,0,100]},{"i":{"x":[0.833,0.833,0.833],"y":[1,1,1]},"o":{"x":[0.167,0.167,0.167],"y":[0,0,0]},"t":25.81,"s":[108,100,100]},{"t":36.0000014663101,"s":[100,100,100]}],"ix":6,"l":2}},"ao":0,"shapes":[{"ty":"gr","it":[{"ind":0,"ty":"sh","ix":1,"ks":{"a":1,"k":[{"i":{"x":0.588,"y":1},"o":{"x":0.453,"y":0},"t":67,"s":[{"i":[[0,0],[0,0],[0,0],[0,0],[0,0],[0,0],[0,0],[0,0]],"o":[[0,0],[0,0],[0,0],[0,0],[0,0],[0,0],[0,0],[0,0]],"v":[[440.948,133.261],[-392.41,133.261],[-392.41,-220.551],[28.622,-222.795],[440.945,-222.795],[440.948,133.261],[440.948,160.53],[277.83,161.773]],"c":false}]},{"i":{"x":0.833,"y":1},"o":{"x":0.167,"y":0},"t":97.684,"s":[{"i":[[0,0],[0,0],[0,0],[0,0],[0,0],[0,0],[0,0],[0,0]],"o":[[0,0],[0,0],[0,0],[0,0],[0,0],[0,0],[0,0],[0,0]],"v":[[441.896,227.261],[-391.462,227.261],[-386.821,-136.551],[-155.378,-324.795],[441.89,154.205],[440.948,133.261],[440.948,160.53],[277.83,161.773]],"c":false}]},{"i":{"x":0.833,"y":1},"o":{"x":0.167,"y":0},"t":111,"s":[{"i":[[0,0],[0,0],[0,0],[0,0],[0,0],[0,0],[0,0],[0,0]],"o":[[0,0],[0,0],[0,0],[0,0],[0,0],[0,0],[0,0],[0,0]],"v":[[441.896,227.261],[-391.462,227.261],[-386.821,-136.551],[-155.378,-324.795],[441.89,154.205],[440.948,133.261],[440.948,160.53],[277.83,161.773]],"c":false}]},{"t":121.000004928431,"s":[{"i":[[0,0],[0,0],[0,0],[0,0],[0,0],[0,0],[0,0],[0,0]],"o":[[0,0],[0,0],[0,0],[0,0],[0,0],[0,0],[0,0],[0,0]],"v":[[441.896,227.261],[-391.462,227.261],[-386.821,-136.551],[-155.378,-324.795],[441.89,154.205],[440.948,133.261],[440.948,160.53],[277.83,161.773]],"c":false}]}],"ix":2},"nm":"Path 1","mn":"ADBE Vector Shape - Group","hd":false},{"ty":"st","c":{"a":0,"k":[0.192156862745,0.164705882353,0.141176470588,1],"ix":3},"o":{"a":0,"k":100,"ix":4},"w":{"a":1,"k":[{"i":{"x":[0.667],"y":[1]},"o":{"x":[0.333],"y":[0]},"t":101,"s":[9]},{"t":111.000004521123,"s":[24]}],"ix":5},"lc":1,"lj":1,"ml":10,"bm":0,"nm":"Stroke 1","mn":"ADBE Vector Graphic - Stroke","hd":false},{"ty":"tr","p":{"a":0,"k":[0,0],"ix":2},"a":{"a":0,"k":[0,0],"ix":1},"s":{"a":0,"k":[100,100],"ix":3},"r":{"a":0,"k":0,"ix":6},"o":{"a":0,"k":100,"ix":7},"sk":{"a":0,"k":0,"ix":4},"sa":{"a":0,"k":0,"ix":5},"nm":"Transform"}],"nm":"Group 1","np":2,"cix":2,"bm":0,"ix":1,"mn":"ADBE Vector Group","hd":false},{"ty":"tm","s":{"a":1,"k":[{"i":{"x":[0.667],"y":[1]},"o":{"x":[0.333],"y":[0]},"t":92.684,"s":[0]},{"t":106.000004317469,"s":[4]}],"ix":1},"e":{"a":1,"k":[{"i":{"x":[0.667],"y":[1]},"o":{"x":[0.333],"y":[0]},"t":54.768,"s":[100]},{"i":{"x":[0.588],"y":[1]},"o":{"x":[0.286],"y":[0]},"t":67,"s":[62]},{"i":{"x":[0.833],"y":[1]},"o":{"x":[0.167],"y":[0]},"t":92.684,"s":[73]},{"t":106.000004317469,"s":[73]}],"ix":2},"o":{"a":0,"k":0,"ix":3},"m":1,"ix":2,"nm":"Trim Paths 1","mn":"ADBE Vector Filter - Trim","hd":false}],"ip":0,"op":216.00000879786,"st":0,"ct":1,"bm":0},{"ddd":0,"ind":4,"ty":4,"nm":"Layer 2","sr":1,"ks":{"o":{"a":0,"k":100,"ix":11},"r":{"a":0,"k":0,"ix":10},"p":{"a":1,"k":[{"i":{"x":0,"y":1},"o":{"x":0.333,"y":0},"t":95.565,"s":[840.188,809.638,0],"to":[170.167,0,0],"ti":[-170.167,0,0]},{"t":121.000004928431,"s":[1861.188,809.638,0]}],"ix":2,"l":2},"a":{"a":0,"k":[300.188,-150.362,0],"ix":1,"l":2},"s":{"a":1,"k":[{"i":{"x":[0.667,0.667,0.667],"y":[1,1,1]},"o":{"x":[0.333,0.333,0.333],"y":[0,0,0]},"t":22.926,"s":[0,0,100]},{"t":30.5675012450398,"s":[100,100,100]}],"ix":6,"l":2}},"ao":0,"shapes":[{"ty":"gr","it":[{"ind":0,"ty":"sh","ix":1,"ks":{"a":0,"k":{"i":[[0,0],[0,0],[0,0],[0,0]],"o":[[0,0],[0,0],[0,0],[0,0]],"v":[[396.144,-127.96],[204.233,-127.96],[204.233,-172.764],[396.144,-172.764]],"c":true},"ix":2},"nm":"Path 1","mn":"ADBE Vector Shape - Group","hd":false},{"ty":"st","c":{"a":0,"k":[0.192156862745,0.164705882353,0.141176470588,1],"ix":3},"o":{"a":0,"k":100,"ix":4},"w":{"a":0,"k":9,"ix":5},"lc":1,"lj":1,"ml":10,"bm":0,"nm":"Stroke 1","mn":"ADBE Vector Graphic - Stroke","hd":false},{"ty":"tr","p":{"a":0,"k":[0,0],"ix":2},"a":{"a":0,"k":[0,0],"ix":1},"s":{"a":0,"k":[100,100],"ix":3},"r":{"a":0,"k":0,"ix":6},"o":{"a":0,"k":100,"ix":7},"sk":{"a":0,"k":0,"ix":4},"sa":{"a":0,"k":0,"ix":5},"nm":"Transform"}],"nm":"Group 1","np":2,"cix":2,"bm":0,"ix":1,"mn":"ADBE Vector Group","hd":false}],"ip":0,"op":216.00000879786,"st":0,"ct":1,"bm":0},{"ddd":0,"ind":5,"ty":4,"nm":"Layer 9","sr":1,"ks":{"o":{"a":0,"k":100,"ix":11},"r":{"a":0,"k":0,"ix":10},"p":{"a":1,"k":[{"i":{"x":0.667,"y":1},"o":{"x":0.333,"y":0},"t":27,"s":[594.173,983.609,0],"to":[0,-4.833,0],"ti":[0,0,0]},{"i":{"x":0.667,"y":1},"o":{"x":0.333,"y":0},"t":42,"s":[594.173,954.609,0],"to":[0,0,0],"ti":[0,-4.833,0]},{"i":{"x":0.667,"y":0.667},"o":{"x":0.333,"y":0.333},"t":52,"s":[594.173,983.609,0],"to":[0,0,0],"ti":[0,0,0]},{"i":{"x":0,"y":1},"o":{"x":0.333,"y":0},"t":95.565,"s":[594.173,983.609,0],"to":[170.167,0,0],"ti":[-170.167,0,0]},{"t":121.000004928431,"s":[1615.173,983.609,0]}],"ix":2,"l":2},"a":{"a":0,"k":[54.173,23.609,0],"ix":1,"l":2},"s":{"a":1,"k":[{"i":{"x":[0.203,0.667,0.667],"y":[1,1,1]},"o":{"x":[0.333,0.333,0.333],"y":[0,0,0]},"t":37,"s":[100,0,100]},{"i":{"x":[0.833,0.833,0.833],"y":[1,1,1]},"o":{"x":[0.167,0.167,0.167],"y":[0,0,0]},"t":47,"s":[100,100,100]},{"t":52.0000021180034,"s":[100,100,100]}],"ix":6,"l":2}},"ao":0,"shapes":[{"ty":"gr","it":[{"ind":0,"ty":"sh","ix":1,"ks":{"a":0,"k":{"i":[[0,0],[0,0],[0,0],[0,0]],"o":[[0,0],[0,0],[0,0],[0,0]],"v":[[149.721,-105.423],[140.76,-58.513],[-57.374,-58.513],[-33.977,-105.423]],"c":false},"ix":2},"nm":"Path 1","mn":"ADBE Vector Shape - Group","hd":false},{"ty":"st","c":{"a":0,"k":[0.192156862745,0.164705882353,0.141176470588,1],"ix":3},"o":{"a":0,"k":100,"ix":4},"w":{"a":0,"k":9,"ix":5},"lc":1,"lj":1,"ml":10,"bm":0,"nm":"Stroke 1","mn":"ADBE Vector Graphic - Stroke","hd":false},{"ty":"tr","p":{"a":0,"k":[0,0],"ix":2},"a":{"a":0,"k":[0,0],"ix":1},"s":{"a":0,"k":[100,100],"ix":3},"r":{"a":0,"k":0,"ix":6},"o":{"a":0,"k":100,"ix":7},"sk":{"a":0,"k":0,"ix":4},"sa":{"a":0,"k":0,"ix":5},"nm":"Transform"}],"nm":"Group 1","np":2,"cix":2,"bm":0,"ix":1,"mn":"ADBE Vector Group","hd":false},{"ty":"gr","it":[{"ind":0,"ty":"sh","ix":1,"ks":{"a":0,"k":{"i":[[0,0],[0,0],[0,0],[0,0]],"o":[[0,0],[0,0],[0,0],[0,0]],"v":[[149.721,20.641],[-33.977,20.641],[-33.977,-105.423],[149.721,-105.423]],"c":true},"ix":2},"nm":"Path 1","mn":"ADBE Vector Shape - Group","hd":false},{"ty":"st","c":{"a":0,"k":[0.192156862745,0.164705882353,0.141176470588,1],"ix":3},"o":{"a":0,"k":100,"ix":4},"w":{"a":0,"k":9,"ix":5},"lc":1,"lj":1,"ml":10,"bm":0,"nm":"Stroke 1","mn":"ADBE Vector Graphic - Stroke","hd":false},{"ty":"tr","p":{"a":0,"k":[0,0],"ix":2},"a":{"a":0,"k":[0,0],"ix":1},"s":{"a":0,"k":[100,100],"ix":3},"r":{"a":0,"k":0,"ix":6},"o":{"a":0,"k":100,"ix":7},"sk":{"a":0,"k":0,"ix":4},"sa":{"a":0,"k":0,"ix":5},"nm":"Transform"}],"nm":"Group 2","np":2,"cix":2,"bm":0,"ix":2,"mn":"ADBE Vector Group","hd":false}],"ip":0,"op":216.00000879786,"st":0,"ct":1,"bm":0},{"ddd":0,"ind":6,"ty":4,"nm":"Layer 8","sr":1,"ks":{"o":{"a":0,"k":100,"ix":11},"r":{"a":0,"k":0,"ix":10},"p":{"a":1,"k":[{"i":{"x":0.667,"y":1},"o":{"x":0.333,"y":0},"t":26.748,"s":[869.569,1095.598,0],"to":[0,-7.333,0],"ti":[0,0,0]},{"i":{"x":0.667,"y":1},"o":{"x":0.333,"y":0},"t":36.938,"s":[869.569,1051.598,0],"to":[0,0,0],"ti":[0,-7.333,0]},{"i":{"x":0.667,"y":0.667},"o":{"x":0.167,"y":0.167},"t":42.033,"s":[869.569,1095.598,0],"to":[0,0,0],"ti":[0,0,0]},{"i":{"x":0,"y":1},"o":{"x":0.167,"y":0},"t":95.565,"s":[869.569,1095.598,0],"to":[170.167,0,0],"ti":[-170.167,0,0]},{"t":121.000004928431,"s":[1890.569,1095.598,0]}],"ix":2,"l":2},"a":{"a":1,"k":[{"i":{"x":0.833,"y":0.833},"o":{"x":0.167,"y":0.167},"t":48.4,"s":[329.42,135.598,0],"to":[0,0,0],"ti":[0,0,0]},{"i":{"x":0.833,"y":0.833},"o":{"x":0.167,"y":0.167},"t":58.589,"s":[329.42,135.598,0],"to":[0,0,0],"ti":[0,0,0]},{"t":63.6837525938923,"s":[329.42,135.598,0]}],"ix":1,"l":2},"s":{"a":1,"k":[{"i":{"x":[0.203,0.667,0.667],"y":[1,1,1]},"o":{"x":[0.333,0.333,0.333],"y":[0,0,0]},"t":26.748,"s":[100,0,100]},{"i":{"x":[0.833,0.833,0.833],"y":[1,1,1]},"o":{"x":[0.167,0.167,0.167],"y":[0,0,0]},"t":37,"s":[108,100,100]},{"t":42.0325017120188,"s":[100,100,100]}],"ix":6,"l":2}},"ao":0,"shapes":[{"ty":"gr","it":[{"ind":0,"ty":"sh","ix":1,"ks":{"a":0,"k":{"i":[[0,0],[0,0]],"o":[[0,0],[0,0]],"v":[[284.133,-1.761],[284.133,37.069]],"c":false},"ix":2},"nm":"Path 1","mn":"ADBE Vector Shape - Group","hd":false},{"ty":"st","c":{"a":0,"k":[0.192156862745,0.164705882353,0.141176470588,1],"ix":3},"o":{"a":0,"k":100,"ix":4},"w":{"a":0,"k":9,"ix":5},"lc":1,"lj":1,"ml":10,"bm":0,"nm":"Stroke 1","mn":"ADBE Vector Graphic - Stroke","hd":false},{"ty":"tr","p":{"a":0,"k":[0,0],"ix":2},"a":{"a":0,"k":[0,0],"ix":1},"s":{"a":0,"k":[100,100],"ix":3},"r":{"a":0,"k":0,"ix":6},"o":{"a":0,"k":100,"ix":7},"sk":{"a":0,"k":0,"ix":4},"sa":{"a":0,"k":0,"ix":5},"nm":"Transform"}],"nm":"Group 1","np":2,"cix":2,"bm":0,"ix":1,"mn":"ADBE Vector Group","hd":false},{"ty":"gr","it":[{"ind":0,"ty":"sh","ix":1,"ks":{"a":0,"k":{"i":[[0,0],[0,0],[0,0],[0,0]],"o":[[0,0],[0,0],[0,0],[0,0]],"v":[[384.943,133.261],[270.194,133.261],[270.194,-78.065],[384.943,-78.065]],"c":true},"ix":2},"nm":"Path 1","mn":"ADBE Vector Shape - Group","hd":false},{"ty":"st","c":{"a":0,"k":[0.192156862745,0.164705882353,0.141176470588,1],"ix":3},"o":{"a":0,"k":100,"ix":4},"w":{"a":0,"k":9,"ix":5},"lc":1,"lj":1,"ml":10,"bm":0,"nm":"Stroke 1","mn":"ADBE Vector Graphic - Stroke","hd":false},{"ty":"tr","p":{"a":0,"k":[0,0],"ix":2},"a":{"a":0,"k":[0,0],"ix":1},"s":{"a":0,"k":[100,100],"ix":3},"r":{"a":0,"k":0,"ix":6},"o":{"a":0,"k":100,"ix":7},"sk":{"a":0,"k":0,"ix":4},"sa":{"a":0,"k":0,"ix":5},"nm":"Transform"}],"nm":"Group 2","np":2,"cix":2,"bm":0,"ix":2,"mn":"ADBE Vector Group","hd":false}],"ip":0,"op":216.00000879786,"st":0,"ct":1,"bm":0},{"ddd":0,"ind":7,"ty":4,"nm":"Layer 7","sr":1,"ks":{"o":{"a":0,"k":100,"ix":11},"r":{"a":0,"k":0,"ix":10},"p":{"a":1,"k":[{"i":{"x":0,"y":1},"o":{"x":0.333,"y":0},"t":95.565,"s":[260.223,1107.517,0],"to":[170.167,0,0],"ti":[-170.167,0,0]},{"t":121.000004928431,"s":[1281.223,1107.517,0]}],"ix":2,"l":2},"a":{"a":0,"k":[-279.777,147.517,0],"ix":1,"l":2},"s":{"a":0,"k":[100,100,100],"ix":6,"l":2}},"ao":0,"shapes":[{"ty":"gr","it":[{"ind":0,"ty":"sh","ix":1,"ks":{"a":0,"k":{"i":[[0,0],[0,0],[0,7.011],[0,0],[0,0]],"o":[[0,0],[-7.011,0],[0,0],[0,0],[0,0]],"v":[[-118.607,161.773],[-428.254,161.773],[-440.948,149.079],[-440.948,133.261],[-392.41,133.261]],"c":false},"ix":2},"nm":"Path 1","mn":"ADBE Vector Shape - Group","hd":false},{"ty":"st","c":{"a":0,"k":[0.192156862745,0.164705882353,0.141176470588,1],"ix":3},"o":{"a":0,"k":100,"ix":4},"w":{"a":0,"k":9,"ix":5},"lc":1,"lj":1,"ml":10,"bm":0,"nm":"Stroke 1","mn":"ADBE Vector Graphic - Stroke","hd":false},{"ty":"tr","p":{"a":0,"k":[0,0],"ix":2},"a":{"a":0,"k":[0,0],"ix":1},"s":{"a":0,"k":[100,100],"ix":3},"r":{"a":0,"k":0,"ix":6},"o":{"a":0,"k":100,"ix":7},"sk":{"a":0,"k":0,"ix":4},"sa":{"a":0,"k":0,"ix":5},"nm":"Transform"}],"nm":"Group 1","np":2,"cix":2,"bm":0,"ix":1,"mn":"ADBE Vector Group","hd":false},{"ty":"tm","s":{"a":1,"k":[{"i":{"x":[0.687],"y":[0.488]},"o":{"x":[0.555],"y":[0]},"t":29.295,"s":[100]},{"i":{"x":[0.364],"y":[1]},"o":{"x":[0.138],"y":[0.487]},"t":34.389,"s":[53.673]},{"t":47.1262519194915,"s":[0]}],"ix":1},"e":{"a":0,"k":100,"ix":2},"o":{"a":0,"k":0,"ix":3},"m":1,"ix":2,"nm":"Trim Paths 1","mn":"ADBE Vector Filter - Trim","hd":false}],"ip":0,"op":216.00000879786,"st":0,"ct":1,"bm":0},{"ddd":0,"ind":8,"ty":4,"nm":"Layer 6","sr":1,"ks":{"o":{"a":0,"k":100,"ix":11},"r":{"a":0,"k":0,"ix":10},"p":{"a":1,"k":[{"i":{"x":0,"y":1},"o":{"x":0.333,"y":0},"t":95.565,"s":[540,960,0],"to":[170.167,0,0],"ti":[-170.167,0,0]},{"t":121.000004928431,"s":[1561,960,0]}],"ix":2,"l":2},"a":{"a":0,"k":[0,0,0],"ix":1,"l":2},"s":{"a":0,"k":[100,100,100],"ix":6,"l":2}},"ao":0,"shapes":[{"ty":"gr","it":[{"ind":0,"ty":"sh","ix":1,"ks":{"a":0,"k":{"i":[[0,0],[0,0],[13.607,0],[0,0],[7.238,-13.464],[0,0]],"o":[[0,0],[-6.09,-12.168],[0,0],[-15.286,0],[0,0],[0,0]],"v":[[298.073,200.289],[280.887,165.955],[248.75,146.103],[-84.941,146.103],[-121.515,167.965],[-138.893,200.289]],"c":false},"ix":2},"nm":"Path 1","mn":"ADBE Vector Shape - Group","hd":false},{"ty":"st","c":{"a":0,"k":[0.192156862745,0.164705882353,0.141176470588,1],"ix":3},"o":{"a":0,"k":100,"ix":4},"w":{"a":0,"k":9,"ix":5},"lc":1,"lj":1,"ml":10,"bm":0,"nm":"Stroke 1","mn":"ADBE Vector Graphic - Stroke","hd":false},{"ty":"tr","p":{"a":0,"k":[0,0],"ix":2},"a":{"a":0,"k":[0,0],"ix":1},"s":{"a":0,"k":[100,100],"ix":3},"r":{"a":0,"k":0,"ix":6},"o":{"a":0,"k":100,"ix":7},"sk":{"a":0,"k":0,"ix":4},"sa":{"a":0,"k":0,"ix":5},"nm":"Transform"}],"nm":"Group 1","np":2,"cix":2,"bm":0,"ix":1,"mn":"ADBE Vector Group","hd":false},{"ty":"tm","s":{"a":0,"k":0,"ix":1},"e":{"a":1,"k":[{"i":{"x":[0.667],"y":[1]},"o":{"x":[0.333],"y":[0]},"t":29.295,"s":[0]},{"t":47.1262519194915,"s":[100]}],"ix":2},"o":{"a":0,"k":0,"ix":3},"m":1,"ix":2,"nm":"Trim Paths 1","mn":"ADBE Vector Filter - Trim","hd":false}],"ip":0,"op":216.00000879786,"st":0,"ct":1,"bm":0},{"ddd":0,"ind":9,"ty":4,"nm":"Layer 3","sr":1,"ks":{"o":{"a":0,"k":100,"ix":11},"r":{"a":1,"k":[{"i":{"x":[0.667],"y":[1]},"o":{"x":[0.333],"y":[0]},"t":0,"s":[0]},{"i":{"x":[0.833],"y":[1]},"o":{"x":[0.333],"y":[0]},"t":22.926,"s":[180]},{"i":{"x":[0.833],"y":[1]},"o":{"x":[0.167],"y":[0]},"t":89.159,"s":[180]},{"i":{"x":[0.833],"y":[1]},"o":{"x":[0.167],"y":[0]},"t":100.371,"s":[227]},{"t":126.000005132085,"s":[402]}],"ix":10},"p":{"a":1,"k":[{"i":{"x":0.327,"y":1},"o":{"x":0.167,"y":0},"t":0,"s":[516.246,1519.317,0],"to":[0,-65.667,0],"ti":[0,60.5,0]},{"i":{"x":0.327,"y":1},"o":{"x":0.167,"y":0},"t":11.463,"s":[516.246,1125.317,0],"to":[0,-60.5,0],"ti":[0,-5.167,0]},{"i":{"x":0.37,"y":0.37},"o":{"x":0.188,"y":0.188},"t":22.926,"s":[516.246,1156.317,0],"to":[0,0,0],"ti":[0,0,0]},{"i":{"x":0,"y":1},"o":{"x":0.302,"y":0},"t":95.565,"s":[516.246,1156.317,0],"to":[0,0,0],"ti":[0,0,0]},{"t":121.000004928431,"s":[1179.246,1156.317,0]}],"ix":2,"l":2},"a":{"a":0,"k":[-48.859,196.317,0],"ix":1,"l":2},"s":{"a":1,"k":[{"i":{"x":[0.833,0.833,0.833],"y":[1,1,1]},"o":{"x":[0.333,0.333,0.333],"y":[0,0,0]},"t":0,"s":[100,100,100]},{"i":{"x":[0.667,0.667,0.667],"y":[1,1,1]},"o":{"x":[0.167,0.167,0.167],"y":[0,0,0]},"t":16.559,"s":[100,100,100]},{"i":{"x":[0.833,0.833,0.833],"y":[1,1,1]},"o":{"x":[0.167,0.167,0.167],"y":[0,0,0]},"t":21.653,"s":[110,90,100]},{"t":28.0212511413289,"s":[100,100,100]}],"ix":6,"l":2}},"ao":0,"shapes":[{"ty":"gr","it":[{"ind":0,"ty":"sh","ix":1,"ks":{"a":0,"k":{"i":[[0,0],[0,0]],"o":[[0,0],[0,0]],"v":[[-11.587,161.311],[-33.516,184.161]],"c":false},"ix":2},"nm":"Path 1","mn":"ADBE Vector Shape - Group","hd":false},{"ty":"st","c":{"a":0,"k":[0.192156862745,0.164705882353,0.141176470588,1],"ix":3},"o":{"a":0,"k":100,"ix":4},"w":{"a":0,"k":9,"ix":5},"lc":1,"lj":1,"ml":10,"bm":0,"nm":"Stroke 1","mn":"ADBE Vector Graphic - Stroke","hd":false},{"ty":"tr","p":{"a":0,"k":[0,0],"ix":2},"a":{"a":0,"k":[0,0],"ix":1},"s":{"a":0,"k":[100,100],"ix":3},"r":{"a":0,"k":0,"ix":6},"o":{"a":0,"k":100,"ix":7},"sk":{"a":0,"k":0,"ix":4},"sa":{"a":0,"k":0,"ix":5},"nm":"Transform"}],"nm":"Group 1","np":2,"cix":2,"bm":0,"ix":1,"mn":"ADBE Vector Group","hd":false},{"ty":"gr","it":[{"ind":0,"ty":"sh","ix":1,"ks":{"a":0,"k":{"i":[[0,0],[0,0]],"o":[[0,0],[0,0]],"v":[[-11.127,224.607],[-33.977,202.677]],"c":false},"ix":2},"nm":"Path 1","mn":"ADBE Vector Shape - Group","hd":false},{"ty":"st","c":{"a":0,"k":[0.192156862745,0.164705882353,0.141176470588,1],"ix":3},"o":{"a":0,"k":100,"ix":4},"w":{"a":0,"k":9,"ix":5},"lc":1,"lj":1,"ml":10,"bm":0,"nm":"Stroke 1","mn":"ADBE Vector Graphic - Stroke","hd":false},{"ty":"tr","p":{"a":0,"k":[0,0],"ix":2},"a":{"a":0,"k":[0,0],"ix":1},"s":{"a":0,"k":[100,100],"ix":3},"r":{"a":0,"k":0,"ix":6},"o":{"a":0,"k":100,"ix":7},"sk":{"a":0,"k":0,"ix":4},"sa":{"a":0,"k":0,"ix":5},"nm":"Transform"}],"nm":"Group 2","np":2,"cix":2,"bm":0,"ix":2,"mn":"ADBE Vector Group","hd":false},{"ty":"gr","it":[{"ind":0,"ty":"sh","ix":1,"ks":{"a":0,"k":{"i":[[0,0],[0,0]],"o":[[0,0],[0,0]],"v":[[-83.335,230.131],[-61.405,207.281]],"c":false},"ix":2},"nm":"Path 1","mn":"ADBE Vector Shape - Group","hd":false},{"ty":"st","c":{"a":0,"k":[0.192156862745,0.164705882353,0.141176470588,1],"ix":3},"o":{"a":0,"k":100,"ix":4},"w":{"a":0,"k":9,"ix":5},"lc":1,"lj":1,"ml":10,"bm":0,"nm":"Stroke 1","mn":"ADBE Vector Graphic - Stroke","hd":false},{"ty":"tr","p":{"a":0,"k":[0,0],"ix":2},"a":{"a":0,"k":[0,0],"ix":1},"s":{"a":0,"k":[100,100],"ix":3},"r":{"a":0,"k":0,"ix":6},"o":{"a":0,"k":100,"ix":7},"sk":{"a":0,"k":0,"ix":4},"sa":{"a":0,"k":0,"ix":5},"nm":"Transform"}],"nm":"Group 3","np":2,"cix":2,"bm":0,"ix":3,"mn":"ADBE Vector Group","hd":false},{"ty":"gr","it":[{"ind":0,"ty":"sh","ix":1,"ks":{"a":0,"k":{"i":[[0,0],[0,0]],"o":[[0,0],[0,0]],"v":[[-80.224,159.3],[-57.374,181.23]],"c":false},"ix":2},"nm":"Path 1","mn":"ADBE Vector Shape - Group","hd":false},{"ty":"st","c":{"a":0,"k":[0.192156862745,0.164705882353,0.141176470588,1],"ix":3},"o":{"a":0,"k":100,"ix":4},"w":{"a":0,"k":9,"ix":5},"lc":1,"lj":1,"ml":10,"bm":0,"nm":"Stroke 1","mn":"ADBE Vector Graphic - Stroke","hd":false},{"ty":"tr","p":{"a":0,"k":[0,0],"ix":2},"a":{"a":0,"k":[0,0],"ix":1},"s":{"a":0,"k":[100,100],"ix":3},"r":{"a":0,"k":0,"ix":6},"o":{"a":0,"k":100,"ix":7},"sk":{"a":0,"k":0,"ix":4},"sa":{"a":0,"k":0,"ix":5},"nm":"Transform"}],"nm":"Group 4","np":2,"cix":2,"bm":0,"ix":4,"mn":"ADBE Vector Group","hd":false},{"ty":"gr","it":[{"ind":0,"ty":"sh","ix":1,"ks":{"a":0,"k":{"i":[[0,-9.569],[9.569,0],[0,9.569],[-9.569,0]],"o":[[0,9.569],[-9.569,0],[0,-9.569],[9.569,0]],"v":[[-31.533,196.317],[-48.859,213.642],[-66.184,196.317],[-48.859,178.991]],"c":true},"ix":2},"nm":"Path 1","mn":"ADBE Vector Shape - Group","hd":false},{"ty":"st","c":{"a":0,"k":[0.192156862745,0.164705882353,0.141176470588,1],"ix":3},"o":{"a":0,"k":100,"ix":4},"w":{"a":0,"k":9,"ix":5},"lc":1,"lj":1,"ml":10,"bm":0,"nm":"Stroke 1","mn":"ADBE Vector Graphic - Stroke","hd":false},{"ty":"tr","p":{"a":0,"k":[0,0],"ix":2},"a":{"a":0,"k":[0,0],"ix":1},"s":{"a":0,"k":[100,100],"ix":3},"r":{"a":0,"k":0,"ix":6},"o":{"a":0,"k":100,"ix":7},"sk":{"a":0,"k":0,"ix":4},"sa":{"a":0,"k":0,"ix":5},"nm":"Transform"}],"nm":"Group 5","np":2,"cix":2,"bm":0,"ix":5,"mn":"ADBE Vector Group","hd":false},{"ty":"gr","it":[{"ind":0,"ty":"sh","ix":1,"ks":{"a":0,"k":{"i":[[0,-26.801],[26.801,0],[0,26.801],[-26.801,0]],"o":[[0,26.801],[-26.801,0],[0,-26.801],[26.801,0]],"v":[[-0.331,196.317],[-48.859,244.845],[-97.387,196.317],[-48.859,147.788]],"c":true},"ix":2},"nm":"Path 1","mn":"ADBE Vector Shape - Group","hd":false},{"ty":"st","c":{"a":0,"k":[0.192156862745,0.164705882353,0.141176470588,1],"ix":3},"o":{"a":0,"k":100,"ix":4},"w":{"a":0,"k":9,"ix":5},"lc":1,"lj":1,"ml":10,"bm":0,"nm":"Stroke 1","mn":"ADBE Vector Graphic - Stroke","hd":false},{"ty":"tr","p":{"a":0,"k":[0,0],"ix":2},"a":{"a":0,"k":[0,0],"ix":1},"s":{"a":0,"k":[100,100],"ix":3},"r":{"a":0,"k":0,"ix":6},"o":{"a":0,"k":100,"ix":7},"sk":{"a":0,"k":0,"ix":4},"sa":{"a":0,"k":0,"ix":5},"nm":"Transform"}],"nm":"Group 6","np":2,"cix":2,"bm":0,"ix":6,"mn":"ADBE Vector Group","hd":false}],"ip":0,"op":216.00000879786,"st":0,"ct":1,"bm":0},{"ddd":0,"ind":10,"ty":4,"nm":"Layer 11","sr":1,"ks":{"o":{"a":0,"k":100,"ix":11},"r":{"a":1,"k":[{"i":{"x":[0.667],"y":[1]},"o":{"x":[0.333],"y":[0]},"t":0,"s":[0]},{"i":{"x":[0.833],"y":[1]},"o":{"x":[0.333],"y":[0]},"t":22.926,"s":[180]},{"i":{"x":[0.833],"y":[1]},"o":{"x":[0.167],"y":[0]},"t":89.159,"s":[180]},{"i":{"x":[0.833],"y":[1]},"o":{"x":[0.167],"y":[0]},"t":100.371,"s":[227]},{"t":126.000005132085,"s":[402]}],"ix":10},"p":{"a":1,"k":[{"i":{"x":0.327,"y":1},"o":{"x":0.167,"y":0},"t":0,"s":[723.359,1519.317,0],"to":[0,-65.667,0],"ti":[0,58.667,0]},{"i":{"x":0.327,"y":1},"o":{"x":0.167,"y":0},"t":11.463,"s":[723.359,1125.317,0],"to":[0,-58.667,0],"ti":[0,-5.167,0]},{"i":{"x":0.37,"y":0.37},"o":{"x":0.188,"y":0.188},"t":22.926,"s":[723.359,1156.317,0],"to":[0,0,0],"ti":[0,0,0]},{"i":{"x":0,"y":1},"o":{"x":0.302,"y":0},"t":95.565,"s":[723.359,1156.317,0],"to":[0,0,0],"ti":[0,0,0]},{"t":121.000004928431,"s":[1386.359,1156.317,0]}],"ix":2,"l":2},"a":{"a":0,"k":[-48.859,196.317,0],"ix":1,"l":2},"s":{"a":1,"k":[{"i":{"x":[0.833,0.833,0.833],"y":[1,1,1]},"o":{"x":[0.333,0.333,0.333],"y":[0,0,0]},"t":0,"s":[100,100,100]},{"i":{"x":[0.667,0.667,0.667],"y":[1,1,1]},"o":{"x":[0.167,0.167,0.167],"y":[0,0,0]},"t":16.559,"s":[100,100,100]},{"i":{"x":[0.833,0.833,0.833],"y":[1,1,1]},"o":{"x":[0.167,0.167,0.167],"y":[0,0,0]},"t":21.653,"s":[110,90,100]},{"t":28.0212511413289,"s":[100,100,100]}],"ix":6,"l":2}},"ao":0,"shapes":[{"ty":"gr","it":[{"ind":0,"ty":"sh","ix":1,"ks":{"a":0,"k":{"i":[[0,0],[0,0]],"o":[[0,0],[0,0]],"v":[[-11.587,161.311],[-33.516,184.161]],"c":false},"ix":2},"nm":"Path 1","mn":"ADBE Vector Shape - Group","hd":false},{"ty":"st","c":{"a":0,"k":[0.192156862745,0.164705882353,0.141176470588,1],"ix":3},"o":{"a":0,"k":100,"ix":4},"w":{"a":0,"k":9,"ix":5},"lc":1,"lj":1,"ml":10,"bm":0,"nm":"Stroke 1","mn":"ADBE Vector Graphic - Stroke","hd":false},{"ty":"tr","p":{"a":0,"k":[0,0],"ix":2},"a":{"a":0,"k":[0,0],"ix":1},"s":{"a":0,"k":[100,100],"ix":3},"r":{"a":0,"k":0,"ix":6},"o":{"a":0,"k":100,"ix":7},"sk":{"a":0,"k":0,"ix":4},"sa":{"a":0,"k":0,"ix":5},"nm":"Transform"}],"nm":"Group 1","np":2,"cix":2,"bm":0,"ix":1,"mn":"ADBE Vector Group","hd":false},{"ty":"gr","it":[{"ind":0,"ty":"sh","ix":1,"ks":{"a":0,"k":{"i":[[0,0],[0,0]],"o":[[0,0],[0,0]],"v":[[-11.127,224.607],[-33.977,202.677]],"c":false},"ix":2},"nm":"Path 1","mn":"ADBE Vector Shape - Group","hd":false},{"ty":"st","c":{"a":0,"k":[0.192156862745,0.164705882353,0.141176470588,1],"ix":3},"o":{"a":0,"k":100,"ix":4},"w":{"a":0,"k":9,"ix":5},"lc":1,"lj":1,"ml":10,"bm":0,"nm":"Stroke 1","mn":"ADBE Vector Graphic - Stroke","hd":false},{"ty":"tr","p":{"a":0,"k":[0,0],"ix":2},"a":{"a":0,"k":[0,0],"ix":1},"s":{"a":0,"k":[100,100],"ix":3},"r":{"a":0,"k":0,"ix":6},"o":{"a":0,"k":100,"ix":7},"sk":{"a":0,"k":0,"ix":4},"sa":{"a":0,"k":0,"ix":5},"nm":"Transform"}],"nm":"Group 2","np":2,"cix":2,"bm":0,"ix":2,"mn":"ADBE Vector Group","hd":false},{"ty":"gr","it":[{"ind":0,"ty":"sh","ix":1,"ks":{"a":0,"k":{"i":[[0,0],[0,0]],"o":[[0,0],[0,0]],"v":[[-83.335,230.131],[-61.405,207.281]],"c":false},"ix":2},"nm":"Path 1","mn":"ADBE Vector Shape - Group","hd":false},{"ty":"st","c":{"a":0,"k":[0.192156862745,0.164705882353,0.141176470588,1],"ix":3},"o":{"a":0,"k":100,"ix":4},"w":{"a":0,"k":9,"ix":5},"lc":1,"lj":1,"ml":10,"bm":0,"nm":"Stroke 1","mn":"ADBE Vector Graphic - Stroke","hd":false},{"ty":"tr","p":{"a":0,"k":[0,0],"ix":2},"a":{"a":0,"k":[0,0],"ix":1},"s":{"a":0,"k":[100,100],"ix":3},"r":{"a":0,"k":0,"ix":6},"o":{"a":0,"k":100,"ix":7},"sk":{"a":0,"k":0,"ix":4},"sa":{"a":0,"k":0,"ix":5},"nm":"Transform"}],"nm":"Group 3","np":2,"cix":2,"bm":0,"ix":3,"mn":"ADBE Vector Group","hd":false},{"ty":"gr","it":[{"ind":0,"ty":"sh","ix":1,"ks":{"a":0,"k":{"i":[[0,0],[0,0]],"o":[[0,0],[0,0]],"v":[[-80.224,159.3],[-57.374,181.23]],"c":false},"ix":2},"nm":"Path 1","mn":"ADBE Vector Shape - Group","hd":false},{"ty":"st","c":{"a":0,"k":[0.192156862745,0.164705882353,0.141176470588,1],"ix":3},"o":{"a":0,"k":100,"ix":4},"w":{"a":0,"k":9,"ix":5},"lc":1,"lj":1,"ml":10,"bm":0,"nm":"Stroke 1","mn":"ADBE Vector Graphic - Stroke","hd":false},{"ty":"tr","p":{"a":0,"k":[0,0],"ix":2},"a":{"a":0,"k":[0,0],"ix":1},"s":{"a":0,"k":[100,100],"ix":3},"r":{"a":0,"k":0,"ix":6},"o":{"a":0,"k":100,"ix":7},"sk":{"a":0,"k":0,"ix":4},"sa":{"a":0,"k":0,"ix":5},"nm":"Transform"}],"nm":"Group 4","np":2,"cix":2,"bm":0,"ix":4,"mn":"ADBE Vector Group","hd":false},{"ty":"gr","it":[{"ind":0,"ty":"sh","ix":1,"ks":{"a":0,"k":{"i":[[0,-9.569],[9.569,0],[0,9.569],[-9.569,0]],"o":[[0,9.569],[-9.569,0],[0,-9.569],[9.569,0]],"v":[[-31.533,196.317],[-48.859,213.642],[-66.184,196.317],[-48.859,178.991]],"c":true},"ix":2},"nm":"Path 1","mn":"ADBE Vector Shape - Group","hd":false},{"ty":"st","c":{"a":0,"k":[0.192156862745,0.164705882353,0.141176470588,1],"ix":3},"o":{"a":0,"k":100,"ix":4},"w":{"a":0,"k":9,"ix":5},"lc":1,"lj":1,"ml":10,"bm":0,"nm":"Stroke 1","mn":"ADBE Vector Graphic - Stroke","hd":false},{"ty":"tr","p":{"a":0,"k":[0,0],"ix":2},"a":{"a":0,"k":[0,0],"ix":1},"s":{"a":0,"k":[100,100],"ix":3},"r":{"a":0,"k":0,"ix":6},"o":{"a":0,"k":100,"ix":7},"sk":{"a":0,"k":0,"ix":4},"sa":{"a":0,"k":0,"ix":5},"nm":"Transform"}],"nm":"Group 5","np":2,"cix":2,"bm":0,"ix":5,"mn":"ADBE Vector Group","hd":false},{"ty":"gr","it":[{"ind":0,"ty":"sh","ix":1,"ks":{"a":0,"k":{"i":[[0,-26.801],[26.801,0],[0,26.801],[-26.801,0]],"o":[[0,26.801],[-26.801,0],[0,-26.801],[26.801,0]],"v":[[-0.331,196.317],[-48.859,244.845],[-97.387,196.317],[-48.859,147.788]],"c":true},"ix":2},"nm":"Path 1","mn":"ADBE Vector Shape - Group","hd":false},{"ty":"st","c":{"a":0,"k":[0.192156862745,0.164705882353,0.141176470588,1],"ix":3},"o":{"a":0,"k":100,"ix":4},"w":{"a":0,"k":9,"ix":5},"lc":1,"lj":1,"ml":10,"bm":0,"nm":"Stroke 1","mn":"ADBE Vector Graphic - Stroke","hd":false},{"ty":"tr","p":{"a":0,"k":[0,0],"ix":2},"a":{"a":0,"k":[0,0],"ix":1},"s":{"a":0,"k":[100,100],"ix":3},"r":{"a":0,"k":0,"ix":6},"o":{"a":0,"k":100,"ix":7},"sk":{"a":0,"k":0,"ix":4},"sa":{"a":0,"k":0,"ix":5},"nm":"Transform"}],"nm":"Group 6","np":2,"cix":2,"bm":0,"ix":6,"mn":"ADBE Vector Group","hd":false}],"ip":0,"op":216.00000879786,"st":0,"ct":1,"bm":0},{"ddd":0,"ind":11,"ty":1,"nm":"Orange Solid 1","sr":1,"ks":{"o":{"a":0,"k":100,"ix":11},"r":{"a":0,"k":0,"ix":10},"p":{"a":0,"k":[540,960,0],"ix":2,"l":2},"a":{"a":0,"k":[540,960,0],"ix":1,"l":2},"s":{"a":0,"k":[100,100,100],"ix":6,"l":2}},"ao":0,"sw":1080,"sh":1920,"sc":"#ffb400","ip":0,"op":211.000008594206,"st":0,"bm":0}]}],"layers":[{"ddd":0,"ind":1,"ty":0,"nm":"logo","refId":"comp_0","sr":1,"ks":{"o":{"a":0,"k":100,"ix":11},"r":{"a":0,"k":0,"ix":10},"p":{"a":0,"k":[540,960,0],"ix":2,"l":2},"a":{"a":0,"k":[540,960,0],"ix":1,"l":2},"s":{"a":0,"k":[100,100,100],"ix":6,"l":2}},"ao":0,"w":1080,"h":1920,"ip":0,"op":151.000006150356,"st":0,"bm":0},{"ddd":0,"ind":2,"ty":1,"nm":"Pale Orange Solid 1","sr":1,"ks":{"o":{"a":0,"k":100,"ix":11},"r":{"a":0,"k":0,"ix":10},"p":{"a":0,"k":[540,960,0],"ix":2,"l":2},"a":{"a":0,"k":[540,960,0],"ix":1,"l":2},"s":{"a":0,"k":[100,100,100],"ix":6,"l":2}},"ao":0,"sw":1080,"sh":1920,"sc":"#f2ede6","ip":0,"op":151.000006150356,"st":0,"bm":0}],"markers":[],"props":{}}