{"v":"5.9.0","fr":29.9700012207031,"ip":0,"op":300.00001221925,"w":1000,"h":1000,"nm":"Comp 1","ddd":1,"assets":[{"id":"comp_0","nm":"Final","fr":25,"layers":[{"ddd":1,"ind":1,"ty":4,"nm":"Capa 1","sr":1,"ks":{"o":{"a":1,"k":[{"i":{"x":[0.667],"y":[1]},"o":{"x":[0.333],"y":[0]},"t":98.302,"s":[0]},{"t":119.880004882812,"s":[100]}],"ix":11},"rx":{"a":0,"k":0,"ix":8},"ry":{"a":1,"k":[{"i":{"x":[0],"y":[1]},"o":{"x":[0.285],"y":[0]},"t":119.88,"s":[-90]},{"t":146.253605957031,"s":[0]}],"ix":9},"rz":{"a":0,"k":0,"ix":10},"or":{"a":0,"k":[0,0,0],"ix":7},"p":{"a":0,"k":[960,548.63,0],"ix":2},"a":{"a":0,"k":[960,548.63,0],"ix":1},"s":{"a":0,"k":[100,100,100],"ix":6}},"ao":0,"shapes":[{"ty":"gr","it":[{"ty":"gr","it":[{"ty":"gr","it":[{"ind":0,"ty":"sh","ix":1,"ks":{"a":0,"k":{"i":[[7.06,-5.843],[-1.63,1.54],[0.889,0.218],[1.993,1.344],[2.689,2.643],[0.241,0.367],[-12.603,-0.514]],"o":[[0.526,-2.228],[0.689,-0.651],[-2.378,-0.583],[-3.143,-2.12],[-0.1,-0.098],[11.648,5.908],[-8.907,1.159]],"v":[[-5.975,8.956],[-2.701,3.348],[-2.938,2.234],[-9.337,-0.954],[-17.864,-8.352],[-18.265,-8.956],[18.265,-0.717]],"c":true},"ix":2},"nm":"Path 1","mn":"ADBE Vector Shape - Group","hd":false},{"ty":"gf","o":{"a":0,"k":100,"ix":10},"r":1,"bm":0,"g":{"p":2,"k":{"a":0,"k":[0,1,1,1,1,0,0,0],"ix":9}},"s":{"a":0,"k":[-16.1,3.039],"ix":5},"e":{"a":0,"k":[63.799,-37.753],"ix":6},"t":1,"nm":"Gradient Fill 1","mn":"ADBE Vector Graphic - G-Fill","hd":false},{"ty":"tr","p":{"a":0,"k":[908.1,512.961],"ix":2},"a":{"a":0,"k":[0,0],"ix":1},"s":{"a":0,"k":[100,100],"ix":3},"r":{"a":0,"k":0,"ix":6},"o":{"a":0,"k":100,"ix":7},"sk":{"a":0,"k":0,"ix":4},"sa":{"a":0,"k":0,"ix":5},"nm":"Transform"}],"nm":"Group 1","np":2,"cix":2,"bm":0,"ix":1,"mn":"ADBE Vector Group","hd":false},{"ty":"gr","it":[{"ind":0,"ty":"sh","ix":1,"ks":{"a":0,"k":{"i":[[7.21,6.796],[-12.617,4.524],[1.067,-0.765],[5.297,-1.28],[-0.48,-0.692],[-1.573,-1.299],[-0.188,-0.556]],"o":[[13.276,0.819],[-0.822,1.107],[-4.443,3.185],[-0.891,0.215],[1.149,1.657],[0.279,0.23],[-9.927,-0.742]],"v":[[-19.446,-3.211],[19.446,-8.055],[16.605,-5.247],[1.921,1.325],[1.456,2.511],[5.349,7.096],[6.186,8.055]],"c":true},"ix":2},"nm":"Path 1","mn":"ADBE Vector Shape - Group","hd":false},{"ty":"gf","o":{"a":0,"k":100,"ix":10},"r":1,"bm":0,"g":{"p":2,"k":{"a":0,"k":[0,1,1,1,1,0,0,0],"ix":9}},"s":{"a":0,"k":[-48.317,23.295],"ix":5},"e":{"a":0,"k":[31.582,-17.498],"ix":6},"t":1,"nm":"Gradient Fill 1","mn":"ADBE Vector Graphic - G-Fill","hd":false},{"ty":"tr","p":{"a":0,"k":[952.317,515.705],"ix":2},"a":{"a":0,"k":[0,0],"ix":1},"s":{"a":0,"k":[100,100],"ix":3},"r":{"a":0,"k":0,"ix":6},"o":{"a":0,"k":100,"ix":7},"sk":{"a":0,"k":0,"ix":4},"sa":{"a":0,"k":0,"ix":5},"nm":"Transform"}],"nm":"Group 2","np":2,"cix":2,"bm":0,"ix":2,"mn":"ADBE Vector Group","hd":false},{"ty":"gr","it":[{"ind":0,"ty":"sh","ix":1,"ks":{"a":0,"k":{"i":[[10.747,-4.71],[-1.315,0.81],[-4.616,4.592],[-3.189,8.343],[-0.582,2.725],[-0.373,0.376],[-0.002,-0.703],[6.152,-7.791],[1.899,-1.941],[-0.194,-0.473],[-0.378,-0.039],[-3.528,-1.637],[0.033,-0.289]],"o":[[1.323,-0.85],[5.543,-3.416],[6.301,-6.268],[0.992,-2.595],[0.065,-0.303],[0.049,0.83],[0.028,9.989],[-1.688,2.138],[-0.25,0.255],[0.172,0.421],[3.895,0.4],[0.115,0.053],[-11.775,-2.155]],"v":[[-18.39,22.548],[-14.413,20.116],[0.942,8.235],[15.406,-13.563],[17.809,-21.539],[18.262,-22.548],[18.39,-20.312],[8.903,6.241],[3.455,12.289],[2.929,13.208],[3.925,13.638],[14.994,16.92],[15.182,17.338]],"c":true},"ix":2},"nm":"Path 1","mn":"ADBE Vector Shape - Group","hd":false},{"ty":"gf","o":{"a":0,"k":100,"ix":10},"r":1,"bm":0,"g":{"p":2,"k":{"a":0,"k":[0,1,1,1,1,0,0,0],"ix":9}},"s":{"a":0,"k":[-57.833,34.631],"ix":5},"e":{"a":0,"k":[22.066,-6.161],"ix":6},"t":1,"nm":"Gradient Fill 1","mn":"ADBE Vector Graphic - G-Fill","hd":false},{"ty":"tr","p":{"a":0,"k":[952.833,486.369],"ix":2},"a":{"a":0,"k":[0,0],"ix":1},"s":{"a":0,"k":[100,100],"ix":3},"r":{"a":0,"k":0,"ix":6},"o":{"a":0,"k":100,"ix":7},"sk":{"a":0,"k":0,"ix":4},"sa":{"a":0,"k":0,"ix":5},"nm":"Transform"}],"nm":"Group 3","np":2,"cix":2,"bm":0,"ix":3,"mn":"ADBE Vector Group","hd":false},{"ty":"gr","it":[{"ind":0,"ty":"sh","ix":1,"ks":{"a":0,"k":{"i":[[-17.316,-10.585],[1.379,-0.003],[6.275,2.428],[2.899,2.015],[-0.99,0.491],[-2.991,0.348],[-0.89,0.09],[-0.083,0.262],[0.13,0.135],[1.909,3.079],[1.155,4.822],[0.181,3.263],[-0.338,0.218]],"o":[[-1.678,0.411],[-6.657,0.015],[-3.298,-1.276],[-0.868,-0.603],[2.74,-1.36],[0.888,-0.103],[0.217,-0.022],[0.068,-0.215],[-2.511,-2.6],[-2.617,-4.22],[-0.76,-3.175],[-0.01,-0.177],[7.313,18.102]],"v":[[17.606,22.038],[13.139,22.376],[-6.335,19.231],[-15.635,14.318],[-15.487,13.074],[-6.788,10.914],[-4.117,10.652],[-3.555,10.383],[-3.807,9.903],[-10.495,1.435],[-16.146,-12.131],[-17.578,-21.79],[-17.37,-22.38]],"c":true},"ix":2},"nm":"Path 1","mn":"ADBE Vector Shape - Group","hd":false},{"ty":"gf","o":{"a":0,"k":100,"ix":10},"r":1,"bm":0,"g":{"p":2,"k":{"a":0,"k":[0,1,1,1,1,0,0,0],"ix":9}},"s":{"a":0,"k":[-25.994,12.284],"ix":5},"e":{"a":0,"k":[53.905,-28.509],"ix":6},"t":1,"nm":"Gradient Fill 1","mn":"ADBE Vector Graphic - G-Fill","hd":false},{"ty":"tr","p":{"a":0,"k":[908.994,486.716],"ix":2},"a":{"a":0,"k":[0,0],"ix":1},"s":{"a":0,"k":[100,100],"ix":3},"r":{"a":0,"k":0,"ix":6},"o":{"a":0,"k":100,"ix":7},"sk":{"a":0,"k":0,"ix":4},"sa":{"a":0,"k":0,"ix":5},"nm":"Transform"}],"nm":"Group 4","np":2,"cix":2,"bm":0,"ix":4,"mn":"ADBE Vector Group","hd":false},{"ty":"gr","it":[{"ind":0,"ty":"sh","ix":1,"ks":{"a":0,"k":{"i":[[-0.214,0.52],[-1.997,-6.633],[0.832,-6.905],[-0.098,0.111],[-5.009,1.716],[-2.516,0.48],[0.303,-0.756],[3.553,-4.767],[2.592,-2.438],[3.163,-2.134],[2.429,-1.35],[0.238,0.187],[-0.056,0.23],[-0.673,7.081],[3.69,13.725]],"o":[[3.883,5.882],[2.018,6.703],[0.287,0.112],[3.561,-4.005],[2.425,-0.83],[0.727,-0.139],[-2.209,5.519],[-2.122,2.846],[-2.774,2.61],[-2.309,1.558],[-0.213,0.118],[-0.259,-0.203],[1.692,-6.897],[1.345,-14.15],[-0.079,-0.293]],"v":[[-15.961,-32.309],[-7.068,-13.655],[-5.435,6.785],[-4.975,6.61],[8.086,-1.644],[15.505,-3.569],[16.154,-2.808],[7.559,12.652],[0.532,20.622],[-8.331,27.778],[-15.479,32.06],[-16.173,32.242],[-16.11,31.54],[-12.441,10.602],[-15.912,-31.204]],"c":true},"ix":2},"nm":"Path 1","mn":"ADBE Vector Shape - Group","hd":false},{"ty":"gf","o":{"a":0,"k":100,"ix":10},"r":1,"bm":0,"g":{"p":2,"k":{"a":0,"k":[0,1,1,1,1,0,0,0],"ix":9}},"s":{"a":0,"k":[-66.873,25.742],"ix":5},"e":{"a":0,"k":[13.026,-15.051],"ix":6},"t":1,"nm":"Gradient Fill 1","mn":"ADBE Vector Graphic - G-Fill","hd":false},{"ty":"tr","p":{"a":0,"k":[949.873,472.258],"ix":2},"a":{"a":0,"k":[0,0],"ix":1},"s":{"a":0,"k":[100,100],"ix":3},"r":{"a":0,"k":0,"ix":6},"o":{"a":0,"k":100,"ix":7},"sk":{"a":0,"k":0,"ix":4},"sa":{"a":0,"k":0,"ix":5},"nm":"Transform"}],"nm":"Group 5","np":2,"cix":2,"bm":0,"ix":5,"mn":"ADBE Vector Group","hd":false},{"ty":"gr","it":[{"ind":0,"ty":"sh","ix":1,"ks":{"a":0,"k":{"i":[[-0.078,0.045],[-0.014,0.347],[-1.189,4.867],[-4.435,5.381],[-0.756,0.689],[-0.378,-0.163],[-0.021,-0.327],[-0.137,-2.808],[0.066,-5.814],[0.515,-4.805],[0.931,-3.889],[1.413,-2.819],[0.491,-0.253],[13.123,9.824],[-5.346,-6.168]],"o":[[0.015,-0.346],[0.196,-4.992],[1.648,-6.747],[0.653,-0.792],[0.242,-0.221],[0.341,0.147],[0.178,2.805],[0.284,5.808],[-0.055,4.827],[-0.427,3.978],[-0.73,3.051],[-0.152,0.304],[-4.636,-16.224],[7.828,1.969],[0.078,-0.045]],"v":[[2.673,5.489],[2.718,4.449],[4.65,-10.352],[13.58,-28.622],[15.65,-30.88],[16.458,-31.422],[16.707,-30.459],[17.18,-22.039],[17.498,-4.603],[16.633,9.845],[14.699,21.659],[11.648,30.527],[10.934,31.455],[-17.518,-6.231],[2.439,5.623]],"c":true},"ix":2},"nm":"Path 1","mn":"ADBE Vector Shape - Group","hd":false},{"ty":"gf","o":{"a":0,"k":100,"ix":10},"r":1,"bm":0,"g":{"p":2,"k":{"a":0,"k":[0,1,1,1,1,0,0,0],"ix":9}},"s":{"a":0,"k":[-34.14,23.779],"ix":5},"e":{"a":0,"k":[45.759,-17.014],"ix":6},"t":1,"nm":"Gradient Fill 1","mn":"ADBE Vector Graphic - G-Fill","hd":false},{"ty":"tr","p":{"a":0,"k":[916.14,472.221],"ix":2},"a":{"a":0,"k":[0,0],"ix":1},"s":{"a":0,"k":[100,100],"ix":3},"r":{"a":0,"k":0,"ix":6},"o":{"a":0,"k":100,"ix":7},"sk":{"a":0,"k":0,"ix":4},"sa":{"a":0,"k":0,"ix":5},"nm":"Transform"}],"nm":"Group 6","np":2,"cix":2,"bm":0,"ix":6,"mn":"ADBE Vector Group","hd":false},{"ty":"tr","p":{"a":0,"k":[916.14,472.221],"ix":2},"a":{"a":0,"k":[916.14,472.221],"ix":1},"s":{"a":0,"k":[100,100],"ix":3},"r":{"a":0,"k":0,"ix":6},"o":{"a":0,"k":100,"ix":7},"sk":{"a":0,"k":0,"ix":4},"sa":{"a":0,"k":0,"ix":5},"nm":"Transform"}],"nm":"Group 1","np":6,"cix":2,"bm":0,"ix":1,"mn":"ADBE Vector Group","hd":false},{"ty":"gr","it":[{"ind":0,"ty":"sh","ix":1,"ks":{"a":0,"k":{"i":[[-0.739,-0.739],[3.511,-6.097],[-6.282,19.307],[-2.032,3.233],[0.739,-0.37],[2.494,-3.326],[0,-3.326],[0,0],[0,0],[-1.109,1.478],[-4.249,10.347],[-0.554,1.201],[-0.277,1.108],[-1.109,0],[-1.201,-0.554],[0,0],[0,0],[0,-0.832],[-2.125,2.125],[-3.233,0.277],[2.309,-5.912],[-1.201,0],[-3.972,7.113]],"o":[[0.462,0.462],[-10.438,17.921],[1.478,-4.435],[1.016,-1.663],[-1.57,0.831],[-5.358,7.112],[0,0],[0,0],[-4.434,0],[1.293,-1.755],[2.31,-5.542],[0.554,-1.108],[0.554,-2.125],[0.277,0],[0,0],[0,0],[-0.924,1.201],[0,0.092],[4.157,-4.249],[8.129,-0.739],[-4.342,11.27],[1.016,0],[1.478,-2.494]],"v":[[18.537,-1.25],[14.196,7.987],[1.633,2.537],[8.283,-12.151],[8.561,-13.537],[-0.954,-3.837],[-10.746,15.285],[-10.746,17.132],[-14.256,17.132],[-18.136,15.377],[-11.116,-0.05],[-5.942,-12.244],[-4.372,-16.4],[-1.97,-19.449],[0.709,-18.433],[2.833,-17.417],[1.633,-15.754],[-2.34,-6.701],[1.448,-10.396],[11.424,-16.4],[10.501,-2.082],[5.789,14.915],[15.396,1.243]],"c":true},"ix":2},"nm":"Path 1","mn":"ADBE Vector Shape - Group","hd":false},{"ty":"gf","o":{"a":0,"k":100,"ix":10},"r":1,"bm":0,"g":{"p":2,"k":{"a":0,"k":[0,1,1,1,1,0,0,0],"ix":9}},"s":{"a":0,"k":[-189.719,119.783],"ix":5},"e":{"a":0,"k":[107.759,-67.844],"ix":6},"t":1,"nm":"Gradient Fill 1","mn":"ADBE Vector Graphic - G-Fill","hd":false},{"ty":"tr","p":{"a":0,"k":[941.719,542.217],"ix":2},"a":{"a":0,"k":[0,0],"ix":1},"s":{"a":0,"k":[100,100],"ix":3},"r":{"a":0,"k":0,"ix":6},"o":{"a":0,"k":100,"ix":7},"sk":{"a":0,"k":0,"ix":4},"sa":{"a":0,"k":0,"ix":5},"nm":"Transform"}],"nm":"Group 2","np":2,"cix":2,"bm":0,"ix":2,"mn":"ADBE Vector Group","hd":false},{"ty":"gr","it":[{"ind":0,"ty":"sh","ix":1,"ks":{"a":0,"k":{"i":[[-1.478,8.314],[0.462,-1.848]],"o":[[2.125,-11.64],[-1.293,4.988]],"v":[[6.326,-9.46],[-0.787,-3.456]],"c":true},"ix":2},"nm":"Path 1","mn":"ADBE Vector Shape - Group","hd":false},{"ind":1,"ty":"sh","ix":2,"ks":{"a":0,"k":{"i":[[2.494,-4.527],[4.619,-1.2],[-1.94,7.575],[1.293,-10.808],[2.771,-1.386],[1.201,0.831],[1.386,-4.065],[0,-2.679],[-0.831,-0.185],[-2.771,6.097],[-0.831,0]],"o":[[-4.711,8.499],[-8.499,2.217],[5.173,-20.415],[-0.37,3.603],[-1.386,0.646],[-0.554,-0.554],[-0.831,2.401],[0,3.14],[2.679,0.37],[0.924,-1.939],[1.293,0]],"v":[[10.667,1.995],[-3.004,16.22],[-12.242,4.119],[10.205,-11.308],[3.277,-0.592],[-1.711,-0.407],[-3.744,3.657],[-4.76,10.031],[-3.928,13.449],[10.021,-1.054],[12.053,-3.364]],"c":true},"ix":2},"nm":"Path 2","mn":"ADBE Vector Shape - Group","hd":false},{"ty":"gf","o":{"a":0,"k":100,"ix":10},"r":1,"bm":0,"g":{"p":2,"k":{"a":0,"k":[0,1,1,1,1,0,0,0],"ix":9}},"s":{"a":0,"k":[-176.231,109.904],"ix":5},"e":{"a":0,"k":[121.247,-77.724],"ix":6},"t":1,"nm":"Gradient Fill 1","mn":"ADBE Vector Graphic - G-Fill","hd":false},{"ty":"tr","p":{"a":0,"k":[921.231,541.096],"ix":2},"a":{"a":0,"k":[0,0],"ix":1},"s":{"a":0,"k":[100,100],"ix":3},"r":{"a":0,"k":0,"ix":6},"o":{"a":0,"k":100,"ix":7},"sk":{"a":0,"k":0,"ix":4},"sa":{"a":0,"k":0,"ix":5},"nm":"Transform"}],"nm":"Group 3","np":3,"cix":2,"bm":0,"ix":3,"mn":"ADBE Vector Group","hd":false},{"ty":"gr","it":[{"ind":0,"ty":"sh","ix":1,"ks":{"a":0,"k":{"i":[[-1.478,8.314],[0.462,-1.848]],"o":[[2.125,-11.64],[-1.293,4.988]],"v":[[6.326,-9.46],[-0.787,-3.456]],"c":true},"ix":2},"nm":"Path 1","mn":"ADBE Vector Shape - Group","hd":false},{"ind":1,"ty":"sh","ix":2,"ks":{"a":0,"k":{"i":[[2.494,-4.527],[4.619,-1.2],[-1.94,7.575],[1.293,-10.808],[2.771,-1.386],[1.201,0.831],[1.386,-4.065],[0,-2.679],[-0.831,-0.185],[-2.771,6.097],[-0.831,0]],"o":[[-4.711,8.499],[-8.499,2.217],[5.173,-20.415],[-0.37,3.603],[-1.386,0.646],[-0.554,-0.554],[-0.831,2.401],[0,3.14],[2.679,0.37],[0.924,-1.939],[1.293,0]],"v":[[10.667,1.995],[-3.004,16.22],[-12.242,4.119],[10.205,-11.308],[3.277,-0.592],[-1.711,-0.407],[-3.744,3.657],[-4.76,10.031],[-3.928,13.449],[10.021,-1.054],[12.053,-3.364]],"c":true},"ix":2},"nm":"Path 2","mn":"ADBE Vector Shape - Group","hd":false},{"ty":"gf","o":{"a":0,"k":100,"ix":10},"r":1,"bm":0,"g":{"p":2,"k":{"a":0,"k":[0,1,1,1,1,0,0,0],"ix":9}},"s":{"a":0,"k":[-161.002,100.904],"ix":5},"e":{"a":0,"k":[136.476,-86.724],"ix":6},"t":1,"nm":"Gradient Fill 1","mn":"ADBE Vector Graphic - G-Fill","hd":false},{"ty":"tr","p":{"a":0,"k":[901.002,541.096],"ix":2},"a":{"a":0,"k":[0,0],"ix":1},"s":{"a":0,"k":[100,100],"ix":3},"r":{"a":0,"k":0,"ix":6},"o":{"a":0,"k":100,"ix":7},"sk":{"a":0,"k":0,"ix":4},"sa":{"a":0,"k":0,"ix":5},"nm":"Transform"}],"nm":"Group 4","np":3,"cix":2,"bm":0,"ix":4,"mn":"ADBE Vector Group","hd":false},{"ty":"gr","it":[{"ind":0,"ty":"sh","ix":1,"ks":{"a":0,"k":{"i":[[0.554,-0.647],[0,-2.125],[-0.462,0.369],[-0.462,1.847]],"o":[[-0.831,0.831],[0,1.94],[0.092,-0.093],[1.016,-3.787]],"v":[[0.615,-26.045],[-2.064,-16.808],[-1.417,-14.313],[-0.401,-17.916]],"c":true},"ix":2},"nm":"Path 1","mn":"ADBE Vector Shape - Group","hd":false},{"ind":1,"ty":"sh","ix":2,"ks":{"a":0,"k":{"i":[[1.94,-3.233],[0.739,-1.663],[2.032,-3.418],[-4.342,15.242],[-3.233,4.988],[0.37,0.092],[0.185,-0.277],[1.847,-4.064],[1.109,-1.109],[0.37,0.554],[-1.201,2.125],[0,1.294],[0.554,0.277],[0.646,1.478],[-1.755,3.603],[4.711,-14.688],[-0.093,-0.185],[-2.125,0],[-0.462,-0.369],[0.462,-0.462],[2.864,-8.775],[-3.326,4.065],[-1.755,4.527],[0,0],[0,0]],"o":[[-0.831,1.386],[-1.478,3.048],[-6.466,10.531],[1.755,-6.374],[0.831,-1.386],[-1.755,-0.554],[-0.092,0.093],[-3.418,7.668],[-0.739,0.739],[-0.092,-0.185],[4.711,-8.314],[0,-0.277],[-1.478,-0.554],[-1.016,-2.31],[5.173,-10.253],[-0.647,1.94],[0.462,0.739],[1.94,0],[0.092,0.093],[-1.386,1.478],[-2.402,7.483],[3.233,-4.065],[0,0],[0,0],[1.94,-0.185]],"v":[[13.178,5.732],[10.315,11.275],[4.033,22.915],[-6.683,14.877],[2.463,-5.907],[3.294,-8.124],[-0.678,-8.771],[-4.188,-1.196],[-11.579,13.215],[-14.627,13.677],[-12.595,9.52],[-3.172,-9.602],[-4.188,-10.526],[-8.16,-14.498],[-7.052,-22.905],[1.631,-15.699],[0.708,-11.912],[5.603,-10.526],[11.423,-9.602],[10.684,-8.586],[0.523,16.078],[1.724,20.605],[10.684,5.178],[11.701,2.407],[13.178,2.315]],"c":true},"ix":2},"nm":"Path 2","mn":"ADBE Vector Shape - Group","hd":false},{"ty":"gf","o":{"a":0,"k":100,"ix":10},"r":1,"bm":0,"g":{"p":2,"k":{"a":0,"k":[0,1,1,1,1,0,0,0],"ix":9}},"s":{"a":0,"k":[-148.001,91.011],"ix":5},"e":{"a":0,"k":[149.477,-96.616],"ix":6},"t":1,"nm":"Gradient Fill 1","mn":"ADBE Vector Graphic - G-Fill","hd":false},{"ty":"tr","p":{"a":0,"k":[879.001,536.989],"ix":2},"a":{"a":0,"k":[0,0],"ix":1},"s":{"a":0,"k":[100,100],"ix":3},"r":{"a":0,"k":0,"ix":6},"o":{"a":0,"k":100,"ix":7},"sk":{"a":0,"k":0,"ix":4},"sa":{"a":0,"k":0,"ix":5},"nm":"Transform"}],"nm":"Group 5","np":3,"cix":2,"bm":0,"ix":5,"mn":"ADBE Vector Group","hd":false},{"ty":"gr","it":[{"ind":0,"ty":"sh","ix":1,"ks":{"a":0,"k":{"i":[[16.306,0],[0,2.265],[-4.53,1.962],[-0.906,0],[0,13.135],[6.643,0],[2.567,-46.351],[-13.89,1.208],[-24.61,22.043],[0,-7.398],[0,5.133],[-12.38,0],[-0.755,-2.265],[2.869,-0.453],[2.416,2.114],[5.133,-3.774],[8.304,-20.685],[0,-2.266],[0,-0.302],[0.604,0],[0,2.869],[-13.89,16.759],[25.667,-1.51],[0.151,13.739],[-52.088,0],[0,-11.022]],"o":[[-3.473,0],[0,-3.473],[-0.906,1.057],[10.719,0],[0,-6.642],[-41.369,0],[-0.604,8.908],[32.914,-3.019],[-29.743,3.019],[0,1.51],[0,-13.438],[17.514,0],[-6.945,-1.66],[8.153,1.51],[-2.265,-1.66],[-28.536,20.836],[-3.019,7.398],[0,1.057],[0,0.302],[-1.51,0],[0,-23.251],[-23.553,18.873],[-15.098,0.906],[-0.453,-56.618],[7.398,0],[0,17.211]],"v":[[39.558,-37.141],[32.311,-43.633],[42.276,-54.956],[38.199,-47.559],[70.66,-76.548],[57.223,-86.21],[-73.074,35.179],[-56.315,49.522],[57.373,-22.647],[-12.078,-0.302],[-17.513,-9.36],[54.052,-27.931],[86.815,-20.835],[65.376,-23.1],[73.68,-14.645],[62.356,-10.871],[0.755,70.962],[-3.472,87.268],[-3.019,88.626],[-3.774,89.23],[-7.095,84.399],[24.611,10.871],[-62.355,59.185],[-86.813,37.595],[57.827,-89.23],[77.454,-74.735]],"c":true},"ix":2},"nm":"Path 1","mn":"ADBE Vector Shape - Group","hd":false},{"ty":"gf","o":{"a":0,"k":100,"ix":10},"r":1,"bm":0,"g":{"p":2,"k":{"a":0,"k":[0,1,1,1,1,0,0,0],"ix":9}},"s":{"a":0,"k":[-71.965,53.063],"ix":5},"e":{"a":0,"k":[225.512,-134.564],"ix":6},"t":1,"nm":"Gradient Fill 1","mn":"ADBE Vector Graphic - G-Fill","hd":false},{"ty":"tr","p":{"a":0,"k":[788.965,552.937],"ix":2},"a":{"a":0,"k":[0,0],"ix":1},"s":{"a":0,"k":[100,100],"ix":3},"r":{"a":0,"k":0,"ix":6},"o":{"a":0,"k":100,"ix":7},"sk":{"a":0,"k":0,"ix":4},"sa":{"a":0,"k":0,"ix":5},"nm":"Transform"}],"nm":"Group 6","np":2,"cix":2,"bm":0,"ix":6,"mn":"ADBE Vector Group","hd":false},{"ty":"tr","p":{"a":0,"k":[788.965,552.937],"ix":2},"a":{"a":0,"k":[788.965,552.937],"ix":1},"s":{"a":0,"k":[100,100],"ix":3},"r":{"a":0,"k":0,"ix":6},"o":{"a":0,"k":100,"ix":7},"sk":{"a":0,"k":0,"ix":4},"sa":{"a":0,"k":0,"ix":5},"nm":"Transform"}],"nm":"Group 1","np":6,"cix":2,"bm":0,"ix":1,"mn":"ADBE Vector Group","hd":false},{"ty":"gr","it":[{"ty":"gr","it":[{"ty":"gr","it":[{"ind":0,"ty":"sh","ix":1,"ks":{"a":0,"k":{"i":[[-3.032,17.059],[0.948,-3.792]],"o":[[4.36,-23.883],[-2.653,10.236]],"v":[[12.979,-19.412],[-1.616,-7.091]],"c":true},"ix":2},"nm":"Path 1","mn":"ADBE Vector Shape - Group","hd":false},{"ind":1,"ty":"sh","ix":2,"ks":{"a":0,"k":{"i":[[5.117,-9.288],[9.477,-2.463],[-3.981,15.543],[2.653,-22.177],[5.686,-2.844],[2.464,1.705],[2.843,-8.34],[0,-5.497],[-1.707,-0.379],[-5.687,12.511],[-1.705,0]],"o":[[-9.667,17.438],[-17.438,4.55],[10.615,-41.89],[-0.759,7.393],[-2.843,1.327],[-1.137,-1.138],[-1.707,4.927],[0,6.444],[5.496,0.759],[1.895,-3.98],[2.654,0]],"v":[[21.888,4.093],[-6.165,33.282],[-25.119,8.452],[20.941,-23.202],[6.724,-1.214],[-3.511,-0.836],[-7.681,7.505],[-9.766,20.583],[-8.06,27.596],[20.562,-2.163],[24.731,-6.902]],"c":true},"ix":2},"nm":"Path 2","mn":"ADBE Vector Shape - Group","hd":false},{"ty":"gf","o":{"a":0,"k":100,"ix":10},"r":1,"bm":0,"g":{"p":2,"k":{"a":0,"k":[0,1,1,1,1,0,0,0],"ix":9}},"s":{"a":0,"k":[-337.498,-0.919],"ix":5},"e":{"a":0,"k":[53.276,-0.919],"ix":6},"t":1,"nm":"Gradient Fill 1","mn":"ADBE Vector Graphic - G-Fill","hd":false},{"ty":"tr","p":{"a":0,"k":[1191.498,566.919],"ix":2},"a":{"a":0,"k":[0,0],"ix":1},"s":{"a":0,"k":[100,100],"ix":3},"r":{"a":0,"k":0,"ix":6},"o":{"a":0,"k":100,"ix":7},"sk":{"a":0,"k":0,"ix":4},"sa":{"a":0,"k":0,"ix":5},"nm":"Transform"}],"nm":"Group 1","np":3,"cix":2,"bm":0,"ix":1,"mn":"ADBE Vector Group","hd":false},{"ty":"gr","it":[{"ind":0,"ty":"sh","ix":1,"ks":{"a":0,"k":{"i":[[0,0],[0,0],[1.138,-1.137],[-2.274,1.327],[-0.569,5.117]],"o":[[0,0],[-3.033,2.085],[-4.17,4.36],[2.275,-1.138],[0,0]],"v":[[-4.085,15.381],[-9.771,19.171],[-17.353,25.236],[-9.582,31.302],[-4.464,19.74]],"c":true},"ix":2},"nm":"Path 1","mn":"ADBE Vector Shape - Group","hd":false},{"ind":1,"ty":"sh","ix":2,"ks":{"a":0,"k":{"i":[[5.496,-0.189],[1.517,-0.569],[0,0],[0,0],[0,8.909],[-6.445,3.033],[0,0],[0,0],[-1.897,3.791],[0,-10.615],[3.981,0],[-2.084,3.412],[0,3.791],[3.981,0],[1.138,-2.274],[-0.948,-13.079],[-0.19,-0.19],[-1.517,0.379],[-1.705,-1.137]],"o":[[-2.654,0.19],[0,0],[0,0],[-1.517,30.896],[0,-2.463],[0,0],[0,0],[0.379,-17.627],[5.117,-11.562],[-0.19,6.824],[-2.653,0],[1.328,-1.895],[0,-4.928],[-2.085,0],[-2.464,4.928],[0.569,6.634],[0.19,0.189],[4.17,-1.138],[1.895,1.517]],"v":[[17.903,7.798],[10.321,9.126],[7.287,10.073],[6.909,17.845],[-23.798,26.184],[-6.549,11.779],[-4.464,10.831],[-4.275,-6.797],[-1.999,-28.405],[20.746,-28.974],[12.785,-15.895],[12.216,-20.255],[13.922,-27.836],[11.458,-32.765],[7.477,-30.112],[5.392,-6.607],[6.53,5.714],[9.563,5.145],[23.02,5.334]],"c":true},"ix":2},"nm":"Path 2","mn":"ADBE Vector Shape - Group","hd":false},{"ty":"gf","o":{"a":0,"k":100,"ix":10},"r":1,"bm":0,"g":{"p":2,"k":{"a":0,"k":[0,1,1,1,1,0,0,0],"ix":9}},"s":{"a":0,"k":[-294.668,-0.245],"ix":5},"e":{"a":0,"k":[96.106,-0.245],"ix":6},"t":1,"nm":"Gradient Fill 1","mn":"ADBE Vector Graphic - G-Fill","hd":false},{"ty":"tr","p":{"a":0,"k":[1148.668,566.245],"ix":2},"a":{"a":0,"k":[0,0],"ix":1},"s":{"a":0,"k":[100,100],"ix":3},"r":{"a":0,"k":0,"ix":6},"o":{"a":0,"k":100,"ix":7},"sk":{"a":0,"k":0,"ix":4},"sa":{"a":0,"k":0,"ix":5},"nm":"Transform"}],"nm":"Group 2","np":3,"cix":2,"bm":0,"ix":2,"mn":"ADBE Vector Group","hd":false},{"ty":"gr","it":[{"ind":0,"ty":"sh","ix":1,"ks":{"a":0,"k":{"i":[[-1.707,-0.948],[6.824,-8.34],[2.275,13.268],[0.19,0],[2.085,-2.464],[1.707,-0.948],[-2.843,11.373],[-8.15,10.993],[-0.189,-1.327],[1.705,-3.222],[-5.307,-1.515],[-3.791,4.17],[-2.084,7.393],[-5.686,7.391],[-0.569,1.707],[-0.19,-1.328],[-26.347,29.379],[-1.515,5.686]],"o":[[1.895,0.948],[-6.445,7.581],[-0.379,-2.085],[-0.189,0],[-2.085,2.464],[-18.955,10.046],[3.412,-12.889],[3.792,-7.393],[0,0.189],[-12.321,21.419],[0.569,0.19],[6.824,-7.583],[3.412,-13.648],[1.138,-1.517],[2.653,-7.581],[0,0.379],[6.634,-7.203],[0.759,-2.464]],"v":[[35.763,-8.223],[16.24,28.36],[-7.265,28.55],[-8.213,24.758],[-12.382,29.307],[-19.206,35.562],[-34.37,9.405],[-14.467,-33.812],[-1.768,-31.727],[-4.989,-25.472],[-22.428,31.013],[-14.656,23.621],[-5.748,8.457],[10.932,-29.262],[13.965,-34.76],[26.665,-32.674],[13.396,23.052],[31.592,-5.569]],"c":true},"ix":2},"nm":"Path 1","mn":"ADBE Vector Shape - Group","hd":false},{"ty":"gf","o":{"a":0,"k":100,"ix":10},"r":1,"bm":0,"g":{"p":2,"k":{"a":0,"k":[0,1,1,1,1,0,0,0],"ix":9}},"s":{"a":0,"k":[-257.666,-0.136],"ix":5},"e":{"a":0,"k":[133.108,-0.136],"ix":6},"t":1,"nm":"Gradient Fill 1","mn":"ADBE Vector Graphic - G-Fill","hd":false},{"ty":"tr","p":{"a":0,"k":[1111.666,570.136],"ix":2},"a":{"a":0,"k":[0,0],"ix":1},"s":{"a":0,"k":[100,100],"ix":3},"r":{"a":0,"k":0,"ix":6},"o":{"a":0,"k":100,"ix":7},"sk":{"a":0,"k":0,"ix":4},"sa":{"a":0,"k":0,"ix":5},"nm":"Transform"}],"nm":"Group 3","np":2,"cix":2,"bm":0,"ix":3,"mn":"ADBE Vector Group","hd":false},{"ty":"gr","it":[{"ind":0,"ty":"sh","ix":1,"ks":{"a":0,"k":{"i":[[0,3.601],[1.137,-1.327],[0.758,-4.36],[-1.517,-1.707],[-3.032,7.96]],"o":[[0,-2.085],[-2.464,3.033],[-0.948,4.55],[0.948,1.327],[2.275,-6.255]],"v":[[13.765,-22.033],[12.628,-22.792],[3.34,-1.752],[4.287,8.105],[8.647,0.903]],"c":true},"ix":2},"nm":"Path 1","mn":"ADBE Vector Shape - Group","hd":false},{"ind":1,"ty":"sh","ix":2,"ks":{"a":0,"k":{"i":[[0,-0.379],[3.601,-0.948],[3.222,-5.307],[-1.327,26.159],[-13.648,14.405],[-0.379,1.137],[6.444,-1.707],[6.824,-13.268],[0,-6.444],[-2.843,4.74],[0,0],[0,0],[0.568,3.222],[-8.15,10.615],[-1.705,-11.183],[4.739,-10.995],[-7.203,3.792],[-1.327,-0.19]],"o":[[0,0.948],[-3.412,0.948],[-11.562,20.281],[0.758,-14.594],[2.843,-3.033],[2.085,-5.307],[-2.654,0.758],[-5.876,11.563],[0,17.249],[0,0],[0,0],[-3.222,-1.137],[-1.138,-6.255],[2.275,-3.223],[1.138,7.014],[-0.948,2.084],[5.118,-2.464],[1.138,0.379]],"v":[[31.771,2.987],[13.765,12.086],[6.752,18.72],[-31.726,22.321],[-6.516,-28.478],[-0.451,-36.059],[13.765,-33.974],[-10.308,1.47],[-18.458,26.301],[0.117,18.53],[3.34,13.223],[0.307,12.275],[-5.758,5.262],[6.183,-23.359],[20.209,-28.478],[12.817,7.158],[21.157,4.882],[29.876,1.85]],"c":true},"ix":2},"nm":"Path 2","mn":"ADBE Vector Shape - Group","hd":false},{"ty":"gf","o":{"a":0,"k":100,"ix":10},"r":1,"bm":0,"g":{"p":2,"k":{"a":0,"k":[0,1,1,1,1,0,0,0],"ix":9}},"s":{"a":0,"k":[-201.195,-0.697],"ix":5},"e":{"a":0,"k":[189.579,-0.697],"ix":6},"t":1,"nm":"Gradient Fill 1","mn":"ADBE Vector Graphic - G-Fill","hd":false},{"ty":"tr","p":{"a":0,"k":[1055.194,566.697],"ix":2},"a":{"a":0,"k":[0,0],"ix":1},"s":{"a":0,"k":[100,100],"ix":3},"r":{"a":0,"k":0,"ix":6},"o":{"a":0,"k":100,"ix":7},"sk":{"a":0,"k":0,"ix":4},"sa":{"a":0,"k":0,"ix":5},"nm":"Transform"}],"nm":"Group 4","np":3,"cix":2,"bm":0,"ix":4,"mn":"ADBE Vector Group","hd":false},{"ty":"gr","it":[{"ind":0,"ty":"sh","ix":1,"ks":{"a":0,"k":{"i":[[2.085,-11.373],[1.706,-5.307],[19.713,-47.576],[1.895,-0.948],[2.085,3.412],[-1.137,3.412],[-4.739,12.51],[0,0.379],[3.033,3.222],[0.569,-0.758],[3.601,-8.529],[6.824,-0.948],[0.758,2.085],[-8.529,20.281],[0.19,0.189],[5.497,-1.895],[6.066,-2.844],[-18.197,12.321],[-14.406,0.758],[0,0],[0,0],[-2.464,1.895],[-2.275,-1.707],[1.137,-4.55],[17.059,-42.458],[-2.274,-1.138],[-2.464,-2.464],[-0.189,0.189],[-4.36,11.372],[-5.876,7.581]],"o":[[-0.569,3.222],[-6.255,18.765],[-12.32,29.759],[-3.032,1.707],[-0.379,-0.379],[1.327,-3.412],[4.549,-12.32],[0,-1.705],[-3.032,-3.223],[-0.189,0.19],[-9.856,24.262],[-4.17,0.569],[-0.379,-1.705],[3.412,-8.34],[-0.758,-0.569],[-3.033,0.948],[-16.491,7.77],[10.615,-7.014],[0,0],[0,0],[13.837,-31.275],[2.274,-1.895],[1.327,0.948],[-2.464,8.908],[-0.189,0.38],[2.085,1.327],[2.464,2.275],[0.19,-0.19],[21.23,-53.831],[4.928,-6.445]],"v":[[73.846,-84.362],[69.485,-68.819],[18.118,62.727],[4.281,92.675],[-9.556,91.159],[-7.85,84.146],[3.144,55.335],[11.674,32.02],[5.229,21.596],[-3.68,15.53],[-10.503,31.451],[-27.563,57.23],[-38.177,53.818],[-28.511,27.472],[-22.445,11.929],[-38.367,15.151],[-54.857,22.165],[-65.093,15.151],[-26.236,3.02],[-17.895,2.451],[-7.66,-20.863],[18.498,-74.316],[28.164,-74.884],[28.354,-69.198],[-0.268,6.242],[3.523,9.275],[11.863,15.908],[16.602,19.7],[24.942,-1.15],[63.989,-89.669]],"c":true},"ix":2},"nm":"Path 1","mn":"ADBE Vector Shape - Group","hd":false},{"ty":"gf","o":{"a":0,"k":100,"ix":10},"r":1,"bm":0,"g":{"p":2,"k":{"a":0,"k":[0,1,1,1,1,0,0,0],"ix":9}},"s":{"a":0,"k":[-129.18,-0.442],"ix":5},"e":{"a":0,"k":[261.594,-0.442],"ix":6},"t":1,"nm":"Gradient Fill 1","mn":"ADBE Vector Graphic - G-Fill","hd":false},{"ty":"tr","p":{"a":0,"k":[983.18,563.442],"ix":2},"a":{"a":0,"k":[0,0],"ix":1},"s":{"a":0,"k":[100,100],"ix":3},"r":{"a":0,"k":0,"ix":6},"o":{"a":0,"k":100,"ix":7},"sk":{"a":0,"k":0,"ix":4},"sa":{"a":0,"k":0,"ix":5},"nm":"Transform"}],"nm":"Group 5","np":2,"cix":2,"bm":0,"ix":5,"mn":"ADBE Vector Group","hd":false},{"ty":"tr","p":{"a":0,"k":[983.18,563.442],"ix":2},"a":{"a":0,"k":[983.18,563.442],"ix":1},"s":{"a":0,"k":[100,100],"ix":3},"r":{"a":0,"k":0,"ix":6},"o":{"a":0,"k":100,"ix":7},"sk":{"a":0,"k":0,"ix":4},"sa":{"a":0,"k":0,"ix":5},"nm":"Transform"}],"nm":"Group 1","np":5,"cix":2,"bm":0,"ix":1,"mn":"ADBE Vector Group","hd":false},{"ty":"tr","p":{"a":0,"k":[983.18,563.442],"ix":2},"a":{"a":0,"k":[983.18,563.442],"ix":1},"s":{"a":0,"k":[100,100],"ix":3},"r":{"a":0,"k":0,"ix":6},"o":{"a":0,"k":100,"ix":7},"sk":{"a":0,"k":0,"ix":4},"sa":{"a":0,"k":0,"ix":5},"nm":"Transform"}],"nm":"Group 2","np":1,"cix":2,"bm":0,"ix":2,"mn":"ADBE Vector Group","hd":false}],"ip":0,"op":3596.40014648438,"st":0,"bm":0},{"ddd":1,"ind":2,"ty":0,"nm":"Part 1","refId":"comp_1","sr":1,"ks":{"o":{"a":1,"k":[{"i":{"x":[0.667],"y":[1]},"o":{"x":[0.333],"y":[0]},"t":98.302,"s":[100]},{"t":119.880004882812,"s":[100]}],"ix":11},"rx":{"a":0,"k":0,"ix":8},"ry":{"a":1,"k":[{"i":{"x":[0.667],"y":[1]},"o":{"x":[1],"y":[0]},"t":98.302,"s":[0]},{"t":119.880004882812,"s":[90]}],"ix":9},"rz":{"a":0,"k":0,"ix":10},"or":{"a":0,"k":[0,0,0],"ix":7},"p":{"a":0,"k":[960,540,0],"ix":2},"a":{"a":0,"k":[960,540,0],"ix":1},"s":{"a":0,"k":[100,100,100],"ix":6}},"ao":0,"w":1920,"h":1080,"ip":0,"op":3596.40014648438,"st":0,"bm":0}]},{"id":"comp_1","nm":"Part 1","fr":25,"layers":[{"ddd":0,"ind":1,"ty":4,"nm":"Shape Layer 1","td":1,"sr":1,"ks":{"o":{"a":0,"k":100,"ix":11},"r":{"a":0,"k":0,"ix":10},"p":{"a":1,"k":[{"i":{"x":0.667,"y":1},"o":{"x":0.333,"y":0},"t":58.741,"s":[1017,904.517,0],"to":[0,-60.833,0],"ti":[0,60.833,0]},{"t":86.313603515625,"s":[1017,539.517,0]}],"ix":2,"l":2},"a":{"a":0,"k":[56,-16,0],"ix":1,"l":2},"s":{"a":0,"k":[100,90.521,100],"ix":6,"l":2}},"ao":0,"ef":[{"ty":5,"nm":"Gaussian Blur (Legacy)","np":4,"mn":"ADBE Gaussian Blur","ix":1,"en":1,"ef":[{"ty":0,"nm":"Blurriness","mn":"ADBE Gaussian Blur-0001","ix":1,"v":{"a":0,"k":23,"ix":1}},{"ty":7,"nm":"Blur Dimensions","mn":"ADBE Gaussian Blur-0002","ix":2,"v":{"a":0,"k":1,"ix":2}}]}],"shapes":[{"ty":"gr","it":[{"ty":"rc","d":1,"s":{"a":0,"k":[554,390],"ix":2},"p":{"a":0,"k":[0,0],"ix":3},"r":{"a":0,"k":0,"ix":4},"nm":"Rectangle Path 1","mn":"ADBE Vector Shape - Rect","hd":false},{"ty":"st","c":{"a":0,"k":[1,1,1,1],"ix":3},"o":{"a":0,"k":100,"ix":4},"w":{"a":0,"k":4,"ix":5},"lc":1,"lj":1,"ml":4,"bm":0,"nm":"Stroke 1","mn":"ADBE Vector Graphic - Stroke","hd":true},{"ty":"fl","c":{"a":0,"k":[0.301960993748,0.43529399797,0.545097979377,1],"ix":4},"o":{"a":0,"k":100,"ix":5},"r":1,"bm":0,"nm":"Fill 1","mn":"ADBE Vector Graphic - Fill","hd":false},{"ty":"tr","p":{"a":0,"k":[56,-16],"ix":2},"a":{"a":0,"k":[0,0],"ix":1},"s":{"a":0,"k":[100,100],"ix":3},"r":{"a":0,"k":0,"ix":6},"o":{"a":0,"k":100,"ix":7},"sk":{"a":0,"k":0,"ix":4},"sa":{"a":0,"k":0,"ix":5},"nm":"Transform"}],"nm":"Rectangle 1","np":3,"cix":2,"bm":0,"ix":1,"mn":"ADBE Vector Group","hd":false}],"ip":0,"op":3596.40014648438,"st":0,"bm":0},{"ddd":0,"ind":2,"ty":4,"nm":"Capa 1","tt":1,"sr":1,"ks":{"o":{"a":0,"k":100,"ix":11},"r":{"a":0,"k":0,"ix":10},"p":{"a":0,"k":[960,540,0],"ix":2,"l":2},"a":{"a":0,"k":[960,540,0],"ix":1,"l":2},"s":{"a":0,"k":[100,100,100],"ix":6,"l":2}},"ao":0,"ef":[{"ty":5,"nm":"Gaussian Blur (Legacy)","np":4,"mn":"ADBE Gaussian Blur","ix":1,"en":1,"ef":[{"ty":0,"nm":"Blurriness","mn":"ADBE Gaussian Blur-0001","ix":1,"v":{"a":1,"k":[{"i":{"x":[0.667],"y":[1]},"o":{"x":[0.333],"y":[0]},"t":58.741,"s":[50]},{"t":86.313603515625,"s":[0]}],"ix":1}},{"ty":7,"nm":"Blur Dimensions","mn":"ADBE Gaussian Blur-0002","ix":2,"v":{"a":0,"k":1,"ix":2}}]}],"shapes":[{"ty":"gr","it":[{"ty":"gr","it":[{"ind":0,"ty":"sh","ix":1,"ks":{"a":0,"k":{"i":[[9.833,-8.138],[-2.27,2.145],[1.238,0.303],[2.776,1.872],[3.745,3.681],[0.336,0.512],[-17.554,-0.716]],"o":[[0.733,-3.104],[0.96,-0.907],[-3.312,-0.812],[-4.377,-2.953],[-0.139,-0.137],[16.223,8.228],[-12.406,1.615]],"v":[[-8.322,12.474],[-3.762,4.664],[-4.092,3.111],[-13.005,-1.329],[-24.881,-11.633],[-25.439,-12.474],[25.439,-0.998]],"c":true},"ix":2},"nm":"Path 1","mn":"ADBE Vector Shape - Group","hd":false},{"ty":"gf","o":{"a":0,"k":100,"ix":10},"r":1,"bm":0,"g":{"p":2,"k":{"a":0,"k":[0,1,1,1,1,0,0,0],"ix":9}},"s":{"a":0,"k":[-20.86,2.434],"ix":5},"e":{"a":0,"k":[90.188,-51.149],"ix":6},"t":1,"nm":"Gradient Fill 1","mn":"ADBE Vector Graphic - G-Fill","hd":false},{"ty":"tr","p":{"a":0,"k":[1030.86,467.566],"ix":2},"a":{"a":0,"k":[0,0],"ix":1},"s":{"a":0,"k":[100,100],"ix":3},"r":{"a":0,"k":0,"ix":6},"o":{"a":0,"k":100,"ix":7},"sk":{"a":0,"k":0,"ix":4},"sa":{"a":0,"k":0,"ix":5},"nm":"Transform"}],"nm":"Group 1","np":2,"cix":2,"bm":0,"ix":1,"mn":"ADBE Vector Group","hd":false},{"ty":"gr","it":[{"ind":0,"ty":"sh","ix":1,"ks":{"a":0,"k":{"i":[[10.042,9.466],[-17.573,6.3],[1.486,-1.066],[7.378,-1.783],[-0.669,-0.964],[-2.191,-1.809],[-0.261,-0.774]],"o":[[18.491,1.141],[-1.145,1.542],[-6.188,4.436],[-1.242,0.3],[1.601,2.307],[0.388,0.321],[-13.826,-1.034]],"v":[[-27.084,-4.473],[27.084,-11.219],[23.128,-7.308],[2.675,1.846],[2.028,3.498],[7.45,9.883],[8.617,11.219]],"c":true},"ix":2},"nm":"Path 1","mn":"ADBE Vector Shape - Group","hd":false},{"ty":"gf","o":{"a":0,"k":100,"ix":10},"r":1,"bm":0,"g":{"p":2,"k":{"a":0,"k":[0,1,1,1,1,0,0,0],"ix":9}},"s":{"a":0,"k":[-66.445,30.612],"ix":5},"e":{"a":0,"k":[44.603,-22.971],"ix":6},"t":1,"nm":"Gradient Fill 1","mn":"ADBE Vector Graphic - G-Fill","hd":false},{"ty":"tr","p":{"a":0,"k":[1092.445,471.388],"ix":2},"a":{"a":0,"k":[0,0],"ix":1},"s":{"a":0,"k":[100,100],"ix":3},"r":{"a":0,"k":0,"ix":6},"o":{"a":0,"k":100,"ix":7},"sk":{"a":0,"k":0,"ix":4},"sa":{"a":0,"k":0,"ix":5},"nm":"Transform"}],"nm":"Group 2","np":2,"cix":2,"bm":0,"ix":2,"mn":"ADBE Vector Group","hd":false},{"ty":"gr","it":[{"ind":0,"ty":"sh","ix":1,"ks":{"a":0,"k":{"i":[[14.969,-6.56],[-1.831,1.129],[-6.429,6.396],[-4.441,11.62],[-0.81,3.795],[-0.52,0.524],[-0.003,-0.979],[8.569,-10.851],[2.645,-2.704],[-0.27,-0.659],[-0.527,-0.054],[-4.914,-2.28],[0.047,-0.403]],"o":[[1.843,-1.184],[7.72,-4.758],[8.776,-8.731],[1.382,-3.615],[0.09,-0.423],[0.069,1.156],[0.039,13.913],[-2.351,2.977],[-0.348,0.356],[0.24,0.586],[5.425,0.558],[0.16,0.074],[-16.401,-3.002]],"v":[[-25.614,31.405],[-20.075,28.017],[1.312,11.47],[21.458,-18.891],[24.804,-29.999],[25.435,-31.405],[25.613,-28.291],[12.401,8.692],[4.813,17.116],[4.079,18.396],[5.467,18.996],[20.884,23.566],[21.145,24.149]],"c":true},"ix":2},"nm":"Path 1","mn":"ADBE Vector Shape - Group","hd":false},{"ty":"gf","o":{"a":0,"k":100,"ix":10},"r":1,"bm":0,"g":{"p":2,"k":{"a":0,"k":[0,1,1,1,1,0,0,0],"ix":9}},"s":{"a":0,"k":[-80.164,45.472],"ix":5},"e":{"a":0,"k":[30.884,-8.111],"ix":6},"t":1,"nm":"Gradient Fill 1","mn":"ADBE Vector Graphic - G-Fill","hd":false},{"ty":"tr","p":{"a":0,"k":[1093.164,430.528],"ix":2},"a":{"a":0,"k":[0,0],"ix":1},"s":{"a":0,"k":[100,100],"ix":3},"r":{"a":0,"k":0,"ix":6},"o":{"a":0,"k":100,"ix":7},"sk":{"a":0,"k":0,"ix":4},"sa":{"a":0,"k":0,"ix":5},"nm":"Transform"}],"nm":"Group 3","np":2,"cix":2,"bm":0,"ix":3,"mn":"ADBE Vector Group","hd":false},{"ty":"gr","it":[{"ind":0,"ty":"sh","ix":1,"ks":{"a":0,"k":{"i":[[-24.118,-14.743],[1.921,-0.004],[8.74,3.382],[4.038,2.806],[-1.378,0.684],[-4.167,0.485],[-1.24,0.125],[-0.116,0.365],[0.182,0.188],[2.659,4.288],[1.609,6.716],[0.252,4.545],[-0.47,0.303]],"o":[[-2.337,0.572],[-9.272,0.021],[-4.594,-1.778],[-1.209,-0.84],[3.816,-1.894],[1.237,-0.144],[0.303,-0.031],[0.095,-0.299],[-3.497,-3.622],[-3.645,-5.877],[-1.059,-4.422],[-0.014,-0.246],[10.186,25.213]],"v":[[24.522,30.695],[18.3,31.166],[-8.824,26.785],[-21.776,19.943],[-21.57,18.21],[-9.455,15.201],[-5.735,14.836],[-4.951,14.462],[-5.303,13.793],[-14.617,1.998],[-22.488,-16.897],[-24.483,-30.349],[-24.193,-31.171]],"c":true},"ix":2},"nm":"Path 1","mn":"ADBE Vector Shape - Group","hd":false},{"ty":"gf","o":{"a":0,"k":100,"ix":10},"r":1,"bm":0,"g":{"p":2,"k":{"a":0,"k":[0,1,1,1,1,0,0,0],"ix":9}},"s":{"a":0,"k":[-33.104,14.988],"ix":5},"e":{"a":0,"k":[77.944,-38.595],"ix":6},"t":1,"nm":"Gradient Fill 1","mn":"ADBE Vector Graphic - G-Fill","hd":false},{"ty":"tr","p":{"a":0,"k":[1032.104,431.012],"ix":2},"a":{"a":0,"k":[0,0],"ix":1},"s":{"a":0,"k":[100,100],"ix":3},"r":{"a":0,"k":0,"ix":6},"o":{"a":0,"k":100,"ix":7},"sk":{"a":0,"k":0,"ix":4},"sa":{"a":0,"k":0,"ix":5},"nm":"Transform"}],"nm":"Group 4","np":2,"cix":2,"bm":0,"ix":4,"mn":"ADBE Vector Group","hd":false},{"ty":"gr","it":[{"ind":0,"ty":"sh","ix":1,"ks":{"a":0,"k":{"i":[[-0.298,0.724],[-2.782,-9.239],[1.159,-9.617],[-0.137,0.154],[-6.977,2.389],[-3.504,0.668],[0.422,-1.053],[4.948,-6.639],[3.61,-3.396],[4.406,-2.973],[3.383,-1.881],[0.332,0.26],[-0.078,0.32],[-0.937,9.863],[5.14,19.117]],"o":[[5.409,8.192],[2.811,9.336],[0.4,0.156],[4.96,-5.578],[3.377,-1.157],[1.012,-0.193],[-3.077,7.687],[-2.955,3.965],[-3.864,3.635],[-3.216,2.17],[-0.296,0.165],[-0.361,-0.283],[2.356,-9.607],[1.873,-19.708],[-0.11,-0.409]],"v":[[-22.23,-45],[-9.844,-19.019],[-7.57,9.451],[-6.929,9.207],[11.262,-2.29],[21.595,-4.97],[22.5,-3.91],[10.528,17.621],[0.741,28.722],[-11.603,38.689],[-21.559,44.654],[-22.526,44.907],[-22.439,43.929],[-17.328,14.766],[-22.163,-43.461]],"c":true},"ix":2},"nm":"Path 1","mn":"ADBE Vector Shape - Group","hd":false},{"ty":"gf","o":{"a":0,"k":100,"ix":10},"r":1,"bm":0,"g":{"p":2,"k":{"a":0,"k":[0,1,1,1,1,0,0,0],"ix":9}},"s":{"a":0,"k":[-92.041,33.125],"ix":5},"e":{"a":0,"k":[19.007,-20.458],"ix":6},"t":1,"nm":"Gradient Fill 1","mn":"ADBE Vector Graphic - G-Fill","hd":false},{"ty":"tr","p":{"a":0,"k":[1089.041,410.875],"ix":2},"a":{"a":0,"k":[0,0],"ix":1},"s":{"a":0,"k":[100,100],"ix":3},"r":{"a":0,"k":0,"ix":6},"o":{"a":0,"k":100,"ix":7},"sk":{"a":0,"k":0,"ix":4},"sa":{"a":0,"k":0,"ix":5},"nm":"Transform"}],"nm":"Group 5","np":2,"cix":2,"bm":0,"ix":5,"mn":"ADBE Vector Group","hd":false},{"ty":"gr","it":[{"ind":0,"ty":"sh","ix":1,"ks":{"a":0,"k":{"i":[[-0.108,0.062],[-0.019,0.483],[-1.656,6.779],[-6.177,7.495],[-1.054,0.96],[-0.527,-0.227],[-0.029,-0.456],[-0.191,-3.911],[0.093,-8.097],[0.718,-6.693],[1.297,-5.417],[1.968,-3.926],[0.684,-0.352],[18.278,13.683],[-7.447,-8.591]],"o":[[0.021,-0.483],[0.273,-6.953],[2.295,-9.397],[0.909,-1.103],[0.338,-0.308],[0.475,0.204],[0.248,3.908],[0.395,8.09],[-0.077,6.723],[-0.594,5.541],[-1.017,4.25],[-0.212,0.423],[-6.456,-22.597],[10.903,2.742],[0.108,-0.062]],"v":[[3.723,7.645],[3.786,6.197],[6.477,-14.418],[18.914,-39.864],[21.797,-43.009],[22.922,-43.765],[23.269,-42.424],[23.928,-30.696],[24.372,-6.411],[23.166,13.712],[20.472,30.167],[16.223,42.518],[15.229,43.811],[-24.399,-8.678],[3.398,7.831]],"c":true},"ix":2},"nm":"Path 1","mn":"ADBE Vector Shape - Group","hd":false},{"ty":"gf","o":{"a":0,"k":100,"ix":10},"r":1,"bm":0,"g":{"p":2,"k":{"a":0,"k":[0,1,1,1,1,0,0,0],"ix":9}},"s":{"a":0,"k":[-46.057,30.177],"ix":5},"e":{"a":0,"k":[64.991,-23.406],"ix":6},"t":1,"nm":"Gradient Fill 1","mn":"ADBE Vector Graphic - G-Fill","hd":false},{"ty":"tr","p":{"a":0,"k":[1042.057,410.823],"ix":2},"a":{"a":0,"k":[0,0],"ix":1},"s":{"a":0,"k":[100,100],"ix":3},"r":{"a":0,"k":0,"ix":6},"o":{"a":0,"k":100,"ix":7},"sk":{"a":0,"k":0,"ix":4},"sa":{"a":0,"k":0,"ix":5},"nm":"Transform"}],"nm":"Group 6","np":2,"cix":2,"bm":0,"ix":6,"mn":"ADBE Vector Group","hd":false},{"ty":"tr","p":{"a":0,"k":[1042.057,410.823],"ix":2},"a":{"a":0,"k":[1042.057,410.823],"ix":1},"s":{"a":0,"k":[100,100],"ix":3},"r":{"a":0,"k":0,"ix":6},"o":{"a":0,"k":100,"ix":7},"sk":{"a":0,"k":0,"ix":4},"sa":{"a":0,"k":0,"ix":5},"nm":"Transform"}],"nm":"Group 1","np":6,"cix":2,"bm":0,"ix":1,"mn":"ADBE Vector Group","hd":false},{"ty":"gr","it":[{"ty":"gr","it":[{"ind":0,"ty":"sh","ix":1,"ks":{"a":0,"k":{"i":[[2.764,-15.076],[2.261,-7.035],[26.131,-63.067],[2.512,-1.256],[2.764,4.523],[-1.507,4.523],[-6.282,16.583],[0,0.502],[4.021,4.271],[0.754,-1.004],[4.774,-11.306],[9.046,-1.256],[1.005,2.764],[-11.306,26.885],[0.252,0.25],[7.286,-2.512],[8.04,-3.77],[-24.121,16.333],[-19.096,1.004],[0,0],[0,0],[-3.267,2.512],[-3.015,-2.262],[1.507,-6.031],[22.614,-56.282],[-3.015,-1.508],[-3.267,-3.267],[-0.251,0.25],[-5.779,15.075],[-7.789,10.05]],"o":[[-0.754,4.271],[-8.291,24.874],[-16.332,39.449],[-4.02,2.262],[-0.502,-0.502],[1.759,-4.523],[6.03,-16.331],[0,-2.261],[-4.02,-4.272],[-0.251,0.252],[-13.065,32.161],[-5.527,0.754],[-0.502,-2.261],[4.523,-11.056],[-1.004,-0.754],[-4.021,1.256],[-21.86,10.3],[14.07,-9.297],[0,0],[0,0],[18.342,-41.457],[3.015,-2.512],[1.758,1.256],[-3.267,11.808],[-0.251,0.504],[2.764,1.758],[3.267,3.016],[0.252,-0.252],[28.142,-71.358],[6.533,-8.543]],"v":[[97.889,-111.829],[92.109,-91.225],[24.017,83.15],[5.675,122.849],[-12.667,120.839],[-10.406,111.543],[4.168,73.351],[15.475,42.446],[6.931,28.627],[-4.878,20.586],[-13.923,41.692],[-36.537,75.863],[-50.607,71.341],[-37.793,36.416],[-29.753,15.813],[-50.859,20.084],[-72.718,29.381],[-86.287,20.084],[-34.778,4.003],[-23.722,3.249],[-10.154,-27.656],[24.52,-98.512],[37.334,-99.265],[37.586,-91.727],[-0.355,8.274],[4.67,12.294],[15.726,21.088],[22.007,26.115],[33.063,-1.524],[84.823,-118.864]],"c":true},"ix":2},"nm":"Path 1","mn":"ADBE Vector Shape - Group","hd":false},{"ty":"gf","o":{"a":0,"k":100,"ix":10},"r":1,"bm":0,"g":{"p":2,"k":{"a":0,"k":[0,1,1,1,1,0,0,0],"ix":9}},"s":{"a":0,"k":[-172.045,-0.693],"ix":5},"e":{"a":0,"k":[345.96,-0.693],"ix":6},"t":1,"nm":"Gradient Fill 1","mn":"ADBE Vector Graphic - G-Fill","hd":false},{"ty":"tr","p":{"a":0,"k":[1035.045,589.693],"ix":2},"a":{"a":0,"k":[0,0],"ix":1},"s":{"a":0,"k":[100,100],"ix":3},"r":{"a":0,"k":0,"ix":6},"o":{"a":0,"k":100,"ix":7},"sk":{"a":0,"k":0,"ix":4},"sa":{"a":0,"k":0,"ix":5},"nm":"Transform"}],"nm":"Group 1","np":2,"cix":2,"bm":0,"ix":1,"mn":"ADBE Vector Group","hd":false},{"ty":"gr","it":[{"ind":0,"ty":"sh","ix":1,"ks":{"a":0,"k":{"i":[[21.615,0],[0,3.002],[-6.004,2.601],[-1.201,0],[0,17.412],[8.806,0],[3.403,-61.443],[-18.413,1.601],[-32.622,29.22],[0,-9.807],[0,6.804],[-16.411,0],[-1.001,-3.002],[3.803,-0.601],[3.203,2.803],[6.804,-5.003],[11.008,-27.42],[0,-3.003],[0,-0.4],[0.801,0],[0,3.803],[-18.413,22.216],[34.024,-2.001],[0.2,18.212],[-69.048,0],[0,-14.611]],"o":[[-4.603,0],[0,-4.603],[-1.201,1.401],[14.21,0],[0,-8.805],[-54.838,0],[-0.8,11.808],[43.63,-4.003],[-39.427,4.003],[0,2.001],[0,-17.813],[23.216,0],[-9.206,-2.201],[10.808,2.001],[-3.002,-2.201],[-37.827,27.62],[-4.003,9.807],[0,1.401],[0,0.4],[-2.001,0],[0,-30.822],[-31.222,25.017],[-20.014,1.201],[-0.601,-75.052],[9.807,0],[0,22.815]],"v":[[52.438,-49.234],[42.831,-57.84],[56.04,-72.85],[50.636,-63.044],[93.666,-101.471],[75.854,-114.279],[-96.867,46.632],[-74.651,65.646],[76.054,-30.02],[-16.01,-0.4],[-23.215,-12.408],[71.651,-37.025],[115.081,-27.619],[86.661,-30.621],[97.669,-19.413],[82.659,-14.41],[1.001,94.066],[-4.602,115.681],[-4.002,117.482],[-5.002,118.282],[-9.406,111.878],[32.624,14.41],[-82.656,78.455],[-115.079,49.835],[76.654,-118.282],[102.673,-99.068]],"c":true},"ix":2},"nm":"Path 1","mn":"ADBE Vector Shape - Group","hd":false},{"ty":"gf","o":{"a":0,"k":100,"ix":10},"r":1,"bm":0,"g":{"p":2,"k":{"a":0,"k":[0,1,1,1,1,0,0,0],"ix":9}},"s":{"a":0,"k":[-95.647,69.943],"ix":5},"e":{"a":0,"k":[298.686,-178.774],"ix":6},"t":1,"nm":"Gradient Fill 1","mn":"ADBE Vector Graphic - G-Fill","hd":false},{"ty":"tr","p":{"a":0,"k":[901.647,571.057],"ix":2},"a":{"a":0,"k":[0,0],"ix":1},"s":{"a":0,"k":[100,100],"ix":3},"r":{"a":0,"k":0,"ix":6},"o":{"a":0,"k":100,"ix":7},"sk":{"a":0,"k":0,"ix":4},"sa":{"a":0,"k":0,"ix":5},"nm":"Transform"}],"nm":"Group 2","np":2,"cix":2,"bm":0,"ix":2,"mn":"ADBE Vector Group","hd":false},{"ty":"tr","p":{"a":0,"k":[901.647,571.057],"ix":2},"a":{"a":0,"k":[901.647,571.057],"ix":1},"s":{"a":0,"k":[100,100],"ix":3},"r":{"a":0,"k":0,"ix":6},"o":{"a":0,"k":100,"ix":7},"sk":{"a":0,"k":0,"ix":4},"sa":{"a":0,"k":0,"ix":5},"nm":"Transform"}],"nm":"Group 2","np":2,"cix":2,"bm":0,"ix":2,"mn":"ADBE Vector Group","hd":false}],"ip":0,"op":3596.40014648438,"st":0,"bm":0},{"ddd":0,"ind":3,"ty":4,"nm":"Layer 8","sr":1,"ks":{"o":{"a":0,"k":100,"ix":11},"r":{"a":1,"k":[{"i":{"x":[0],"y":[1]},"o":{"x":[0.333],"y":[0]},"t":0,"s":[41]},{"t":79.1208032226562,"s":[0]}],"ix":10},"p":{"a":0,"k":[1066.438,455.812,0],"ix":2,"l":2},"a":{"a":0,"k":[106.438,-84.188,0],"ix":1,"l":2},"s":{"a":0,"k":[100,100,100],"ix":6,"l":2}},"ao":0,"shapes":[{"ty":"gr","it":[{"ind":0,"ty":"sh","ix":1,"ks":{"a":0,"k":{"i":[[0,0],[1.873,-19.708],[2.356,-9.606],[-0.362,-0.284],[-0.297,0.165],[-3.215,2.169],[-3.863,3.635],[-2.954,3.966],[-3.076,7.687],[1.012,-0.193],[3.377,-1.157],[4.96,-5.578],[0.399,0.157],[2.812,9.336],[5.41,8.192],[-0.109,-0.408]],"o":[[5.14,19.117],[-0.937,9.863],[-0.079,0.32],[0.332,0.26],[3.383,-1.881],[4.407,-2.973],[3.611,-3.396],[4.948,-6.638],[0.422,-1.053],[-3.504,0.668],[-6.977,2.389],[-0.136,0.154],[1.159,-9.616],[-2.781,-9.239],[-0.299,0.725],[0,0]],"v":[[106.878,-172.586],[111.713,-114.358],[106.602,-85.196],[106.515,-84.217],[107.482,-84.471],[117.437,-90.435],[129.781,-100.403],[139.569,-111.504],[151.54,-133.035],[150.636,-134.095],[140.303,-131.414],[122.112,-119.918],[121.471,-119.675],[119.196,-148.143],[106.81,-174.125],[106.878,-172.586]],"c":false},"ix":2},"nm":"Path 1","mn":"ADBE Vector Shape - Group","hd":false},{"ty":"gs","o":{"a":0,"k":100,"ix":9},"w":{"a":0,"k":2,"ix":10},"g":{"p":7,"k":{"a":0,"k":[0,0.196,0.714,0.424,0.367,0.535,0.72,0.38,0.738,0.875,0.725,0.337,0.867,0.804,0.647,0.259,1,0.733,0.569,0.18,1,0.733,0.569,0.18,1,0.733,0.569,0.18],"ix":8}},"s":{"a":0,"k":[105,-129],"ix":4},"e":{"a":0,"k":[151.364,-129],"ix":5},"t":1,"lc":1,"lj":1,"ml":10,"ml2":{"a":0,"k":10,"ix":13},"bm":0,"nm":"Gradient Stroke 1","mn":"ADBE Vector Graphic - G-Stroke","hd":false},{"ty":"tr","p":{"a":0,"k":[0,0],"ix":2},"a":{"a":0,"k":[0,0],"ix":1},"s":{"a":0,"k":[100,100],"ix":3},"r":{"a":0,"k":0,"ix":6},"o":{"a":0,"k":100,"ix":7},"sk":{"a":0,"k":0,"ix":4},"sa":{"a":0,"k":0,"ix":5},"nm":"Transform"}],"nm":"Group 1","np":2,"cix":2,"bm":0,"ix":1,"mn":"ADBE Vector Group","hd":false},{"ty":"tm","s":{"a":1,"k":[{"i":{"x":[0],"y":[1]},"o":{"x":[0.333],"y":[0]},"t":0,"s":[100]},{"t":59.9400024414062,"s":[0]}],"ix":1},"e":{"a":0,"k":100,"ix":2},"o":{"a":0,"k":0,"ix":3},"m":1,"ix":2,"nm":"Trim Paths 1","mn":"ADBE Vector Filter - Trim","hd":false}],"ip":0,"op":3596.40014648438,"st":0,"bm":0},{"ddd":0,"ind":4,"ty":4,"nm":"Layer 7","sr":1,"ks":{"o":{"a":0,"k":100,"ix":11},"r":{"a":1,"k":[{"i":{"x":[0],"y":[1]},"o":{"x":[0.333],"y":[0]},"t":0,"s":[-38]},{"t":79.1208032226562,"s":[0]}],"ix":10},"p":{"a":0,"k":[1057,453,0],"ix":2,"l":2},"a":{"a":0,"k":[97,-87,0],"ix":1,"l":2},"s":{"a":0,"k":[100,100,100],"ix":6,"l":2}},"ao":0,"shapes":[{"ty":"gr","it":[{"ind":0,"ty":"sh","ix":1,"ks":{"a":0,"k":{"i":[[0,0],[0.909,-1.103],[2.295,-9.397],[0.273,-6.954],[0.021,-0.483],[0.109,-0.062],[10.904,2.743],[-6.456,-22.596],[-0.211,0.423],[-1.018,4.25],[-0.594,5.541],[-0.077,6.723],[0.395,8.09],[0.247,3.908],[0.475,0.205],[0.064,-0.001],[0.29,-0.265]],"o":[[-1.053,0.96],[-6.177,7.495],[-1.655,6.779],[-0.019,0.482],[-0.108,0.063],[-7.447,-8.591],[18.278,13.683],[0.683,-0.352],[1.968,-3.926],[1.295,-5.417],[0.719,-6.692],[0.092,-8.097],[-0.192,-3.911],[-0.029,-0.456],[-0.073,-0.032],[-0.396,0],[0,0]],"v":[[103.854,-172.186],[100.971,-169.041],[88.533,-143.595],[85.843,-122.979],[85.779,-121.532],[85.454,-121.345],[57.658,-137.855],[97.286,-85.366],[98.279,-86.659],[102.53,-99.01],[105.222,-115.465],[106.428,-135.588],[105.986,-159.872],[105.326,-171.6],[104.979,-172.942],[104.774,-172.987],[103.854,-172.186]],"c":false},"ix":2},"nm":"Path 1","mn":"ADBE Vector Shape - Group","hd":false},{"ty":"gs","o":{"a":0,"k":100,"ix":9},"w":{"a":0,"k":2,"ix":10},"g":{"p":7,"k":{"a":0,"k":[0,0.196,0.714,0.424,0.367,0.535,0.72,0.38,0.738,0.875,0.725,0.337,0.867,0.804,0.647,0.259,1,0.733,0.569,0.18,1,0.733,0.569,0.18,1,0.733,0.569,0.18],"ix":8}},"s":{"a":0,"k":[55,-129],"ix":4},"e":{"a":0,"k":[106.591,-129],"ix":5},"t":1,"lc":1,"lj":1,"ml":10,"ml2":{"a":0,"k":10,"ix":13},"bm":0,"nm":"Gradient Stroke 1","mn":"ADBE Vector Graphic - G-Stroke","hd":false},{"ty":"tr","p":{"a":0,"k":[0,0],"ix":2},"a":{"a":0,"k":[0,0],"ix":1},"s":{"a":0,"k":[100,100],"ix":3},"r":{"a":0,"k":0,"ix":6},"o":{"a":0,"k":100,"ix":7},"sk":{"a":0,"k":0,"ix":4},"sa":{"a":0,"k":0,"ix":5},"nm":"Transform"}],"nm":"Group 1","np":2,"cix":2,"bm":0,"ix":1,"mn":"ADBE Vector Group","hd":false},{"ty":"tm","s":{"a":0,"k":0,"ix":1},"e":{"a":1,"k":[{"i":{"x":[0],"y":[1]},"o":{"x":[0.333],"y":[0]},"t":0,"s":[0]},{"t":59.9400024414062,"s":[100]}],"ix":2},"o":{"a":0,"k":0,"ix":3},"m":1,"ix":2,"nm":"Trim Paths 1","mn":"ADBE Vector Filter - Trim","hd":false}],"ip":0,"op":3596.40014648438,"st":0,"bm":0},{"ddd":0,"ind":5,"ty":4,"nm":"Layer 6","sr":1,"ks":{"o":{"a":0,"k":100,"ix":11},"r":{"a":1,"k":[{"i":{"x":[0],"y":[1]},"o":{"x":[0.333],"y":[0]},"t":0,"s":[37]},{"t":79.1208032226562,"s":[0]}],"ix":10},"p":{"a":0,"k":[1067.562,461.875,0],"ix":2,"l":2},"a":{"a":0,"k":[107.562,-78.125,0],"ix":1,"l":2},"s":{"a":0,"k":[100,100,100],"ix":6,"l":2}},"ao":0,"shapes":[{"ty":"gr","it":[{"ind":0,"ty":"sh","ix":1,"ks":{"a":0,"k":{"i":[[0,0],[1.382,-3.616],[8.777,-8.731],[7.72,-4.759],[1.842,-1.183],[-16.401,-3.002],[0.16,0.074],[5.427,0.557],[0.239,0.585],[-0.347,0.355],[-2.35,2.978],[0.04,13.912],[0.068,1.157],[0.09,-0.423]],"o":[[-0.811,3.794],[-4.442,11.619],[-6.428,6.396],[-1.831,1.128],[14.969,-6.559],[0.046,-0.403],[-4.914,-2.28],[-0.527,-0.054],[-0.269,-0.66],[2.646,-2.705],[8.57,-10.85],[-0.003,-0.98],[-0.52,0.525],[0,0]],"v":[[157.969,-139.471],[154.622,-128.362],[134.475,-98.002],[113.089,-81.454],[107.551,-78.068],[154.309,-85.323],[154.047,-85.905],[138.63,-90.476],[137.243,-91.075],[137.976,-92.356],[145.564,-100.78],[158.777,-137.762],[158.6,-140.877],[157.969,-139.471]],"c":false},"ix":2},"nm":"Path 1","mn":"ADBE Vector Shape - Group","hd":false},{"ty":"gs","o":{"a":0,"k":100,"ix":9},"w":{"a":0,"k":2,"ix":10},"g":{"p":7,"k":{"a":0,"k":[0,0.196,0.714,0.424,0.367,0.535,0.72,0.38,0.738,0.875,0.725,0.337,0.867,0.804,0.647,0.259,1,0.733,0.569,0.18,1,0.733,0.569,0.18,1,0.733,0.569,0.18],"ix":8}},"s":{"a":0,"k":[107,-109],"ix":4},"e":{"a":0,"k":[158.996,-109],"ix":5},"t":1,"lc":1,"lj":1,"ml":10,"ml2":{"a":0,"k":10,"ix":13},"bm":0,"nm":"Gradient Stroke 1","mn":"ADBE Vector Graphic - G-Stroke","hd":false},{"ty":"tr","p":{"a":0,"k":[0,0],"ix":2},"a":{"a":0,"k":[0,0],"ix":1},"s":{"a":0,"k":[100,100],"ix":3},"r":{"a":0,"k":0,"ix":6},"o":{"a":0,"k":100,"ix":7},"sk":{"a":0,"k":0,"ix":4},"sa":{"a":0,"k":0,"ix":5},"nm":"Transform"}],"nm":"Group 1","np":2,"cix":2,"bm":0,"ix":1,"mn":"ADBE Vector Group","hd":false},{"ty":"tm","s":{"a":1,"k":[{"i":{"x":[0],"y":[1]},"o":{"x":[0.333],"y":[0]},"t":0,"s":[100]},{"t":59.9400024414062,"s":[0]}],"ix":1},"e":{"a":0,"k":100,"ix":2},"o":{"a":0,"k":0,"ix":3},"m":1,"ix":2,"nm":"Trim Paths 1","mn":"ADBE Vector Filter - Trim","hd":false}],"ip":0,"op":3596.40014648438,"st":0,"bm":0},{"ddd":0,"ind":6,"ty":4,"nm":"Layer 5","sr":1,"ks":{"o":{"a":0,"k":100,"ix":11},"r":{"a":1,"k":[{"i":{"x":[0.196],"y":[1]},"o":{"x":[0.333],"y":[0]},"t":0,"s":[-28]},{"t":79.1208032226562,"s":[0]}],"ix":10},"p":{"a":0,"k":[1056.5,461.688,0],"ix":2,"l":2},"a":{"a":0,"k":[96.5,-78.312,0],"ix":1,"l":2},"s":{"a":0,"k":[100,100,100],"ix":6,"l":2}},"ao":0,"shapes":[{"ty":"gr","it":[{"ind":0,"ty":"sh","ix":1,"ks":{"a":0,"k":{"i":[[0,0],[-1.059,-4.421],[-3.646,-5.878],[-3.497,-3.621],[0.095,-0.299],[0.302,-0.03],[1.236,-0.145],[3.817,-1.894],[-1.208,-0.84],[-4.595,-1.778],[-9.272,0.021],[-0.273,-0.002],[-2.009,0.493],[10.187,25.213],[-0.014,-0.247]],"o":[[0.252,4.545],[1.608,6.717],[2.658,4.287],[0.181,0.188],[-0.116,0.365],[-1.24,0.126],[-4.167,0.484],[-1.378,0.683],[4.039,2.806],[8.74,3.382],[0.269,0],[1.667,0.01],[-24.118,-14.742],[-0.469,0.303],[0,0]],"v":[[47.621,-139.336],[49.616,-125.885],[57.487,-106.989],[66.801,-95.195],[67.153,-94.525],[66.37,-94.152],[62.65,-93.786],[50.533,-90.777],[50.327,-89.045],[63.281,-82.203],[90.404,-77.822],[91.216,-77.819],[96.626,-78.293],[47.911,-140.158],[47.621,-139.336]],"c":false},"ix":2},"nm":"Path 1","mn":"ADBE Vector Shape - Group","hd":false},{"ty":"gs","o":{"a":0,"k":100,"ix":9},"w":{"a":0,"k":2,"ix":10},"g":{"p":7,"k":{"a":0,"k":[0,0.196,0.714,0.424,0.367,0.535,0.72,0.38,0.738,0.875,0.725,0.337,0.867,0.804,0.647,0.259,1,0.733,0.569,0.18,1,0.733,0.569,0.18,1,0.733,0.569,0.18],"ix":8}},"s":{"a":0,"k":[47,-109],"ix":4},"e":{"a":0,"k":[97.829,-109],"ix":5},"t":1,"lc":1,"lj":1,"ml":10,"ml2":{"a":0,"k":10,"ix":13},"bm":0,"nm":"Gradient Stroke 1","mn":"ADBE Vector Graphic - G-Stroke","hd":false},{"ty":"tr","p":{"a":0,"k":[0,0],"ix":2},"a":{"a":0,"k":[0,0],"ix":1},"s":{"a":0,"k":[100,100],"ix":3},"r":{"a":0,"k":0,"ix":6},"o":{"a":0,"k":100,"ix":7},"sk":{"a":0,"k":0,"ix":4},"sa":{"a":0,"k":0,"ix":5},"nm":"Transform"}],"nm":"Group 1","np":2,"cix":2,"bm":0,"ix":1,"mn":"ADBE Vector Group","hd":false},{"ty":"tm","s":{"a":0,"k":0,"ix":1},"e":{"a":1,"k":[{"i":{"x":[0],"y":[1]},"o":{"x":[0.333],"y":[0]},"t":0,"s":[0]},{"t":59.9400024414062,"s":[100]}],"ix":2},"o":{"a":0,"k":0,"ix":3},"m":1,"ix":2,"nm":"Trim Paths 1","mn":"ADBE Vector Filter - Trim","hd":false}],"ip":0,"op":3596.40014648438,"st":0,"bm":0},{"ddd":0,"ind":7,"ty":4,"nm":"Layer 4","sr":1,"ks":{"o":{"a":0,"k":100,"ix":11},"r":{"a":1,"k":[{"i":{"x":[0],"y":[1]},"o":{"x":[0.333],"y":[0]},"t":0,"s":[-30]},{"t":79.1208032226562,"s":[0]}],"ix":10},"p":{"a":0,"k":[1055.922,466.441,0],"ix":2,"l":2},"a":{"a":0,"k":[95.922,-73.559,0],"ix":1,"l":2},"s":{"a":0,"k":[100,100,100],"ix":6,"l":2}},"ao":0,"shapes":[{"ty":"gr","it":[{"ind":0,"ty":"sh","ix":1,"ks":{"a":0,"k":{"i":[[0,0],[-4.377,-2.953],[-3.311,-0.812],[0.96,-0.908],[0.733,-3.104],[-12.407,1.615],[16.224,8.229],[-0.138,-0.137]],"o":[[3.746,3.681],[2.776,1.872],[1.238,0.303],[-2.271,2.145],[9.833,-8.138],[-17.554,-0.716],[0.336,0.513],[0,0]],"v":[[45.978,-84.067],[57.855,-73.763],[66.767,-69.323],[67.098,-67.77],[62.537,-59.96],[96.299,-73.432],[45.42,-84.909],[45.978,-84.067]],"c":false},"ix":2},"nm":"Path 1","mn":"ADBE Vector Shape - Group","hd":false},{"ty":"gs","o":{"a":0,"k":100,"ix":9},"w":{"a":0,"k":2,"ix":10},"g":{"p":7,"k":{"a":0,"k":[0,0.196,0.714,0.424,0.367,0.535,0.72,0.38,0.738,0.875,0.725,0.337,0.867,0.804,0.647,0.259,1,0.733,0.569,0.18,1,0.733,0.569,0.18,1,0.733,0.569,0.18],"ix":8}},"s":{"a":0,"k":[43,-72],"ix":4},"e":{"a":0,"k":[95.388,-72],"ix":5},"t":1,"lc":1,"lj":1,"ml":10,"ml2":{"a":0,"k":10,"ix":13},"bm":0,"nm":"Gradient Stroke 1","mn":"ADBE Vector Graphic - G-Stroke","hd":false},{"ty":"tr","p":{"a":0,"k":[0,0],"ix":2},"a":{"a":0,"k":[0,0],"ix":1},"s":{"a":0,"k":[100,100],"ix":3},"r":{"a":0,"k":0,"ix":6},"o":{"a":0,"k":100,"ix":7},"sk":{"a":0,"k":0,"ix":4},"sa":{"a":0,"k":0,"ix":5},"nm":"Transform"}],"nm":"Group 1","np":2,"cix":2,"bm":0,"ix":1,"mn":"ADBE Vector Group","hd":false},{"ty":"tm","s":{"a":1,"k":[{"i":{"x":[0],"y":[1]},"o":{"x":[0.333],"y":[0]},"t":0,"s":[0]},{"t":59.9400024414062,"s":[100]}],"ix":1},"e":{"a":0,"k":0,"ix":2},"o":{"a":0,"k":0,"ix":3},"m":1,"ix":2,"nm":"Trim Paths 1","mn":"ADBE Vector Filter - Trim","hd":false}],"ip":0,"op":3596.40014648438,"st":0,"bm":0},{"ddd":0,"ind":8,"ty":4,"nm":"Layer 3","sr":1,"ks":{"o":{"a":0,"k":100,"ix":11},"r":{"a":1,"k":[{"i":{"x":[0],"y":[1]},"o":{"x":[0.333],"y":[0]},"t":0,"s":[31]},{"t":79.1208032226562,"s":[0]}],"ix":10},"p":{"a":0,"k":[1065.5,467,0],"ix":2,"l":2},"a":{"a":0,"k":[105.5,-73,0],"ix":1,"l":2},"s":{"a":0,"k":[100,100,100],"ix":6,"l":2}},"ao":0,"shapes":[{"ty":"gr","it":[{"ind":0,"ty":"sh","ix":1,"ks":{"a":0,"k":{"i":[[0,0],[-13.825,-1.034],[0.389,0.321],[1.602,2.308],[-1.242,0.3],[-6.188,4.436],[-1.145,1.543],[18.491,1.14]],"o":[[10.042,9.466],[-0.262,-0.774],[-2.19,-1.809],[-0.668,-0.964],[7.378,-1.782],[1.486,-1.066],[-17.573,6.301],[0,0]],"v":[[105.36,-73.084],[141.061,-57.393],[139.894,-58.729],[134.472,-65.114],[135.12,-66.766],[155.573,-75.919],[159.529,-79.831],[105.36,-73.084]],"c":false},"ix":2},"nm":"Path 1","mn":"ADBE Vector Shape - Group","hd":false},{"ty":"gs","o":{"a":0,"k":100,"ix":9},"w":{"a":0,"k":2,"ix":10},"g":{"p":7,"k":{"a":0,"k":[0,0.196,0.714,0.424,0.367,0.535,0.72,0.38,0.738,0.875,0.725,0.337,0.867,0.804,0.647,0.259,1,0.733,0.569,0.18,1,0.733,0.569,0.18,1,0.733,0.569,0.18],"ix":8}},"s":{"a":0,"k":[105,-68],"ix":4},"e":{"a":0,"k":[160.897,-68],"ix":5},"t":1,"lc":1,"lj":1,"ml":10,"ml2":{"a":0,"k":10,"ix":13},"bm":0,"nm":"Gradient Stroke 1","mn":"ADBE Vector Graphic - G-Stroke","hd":false},{"ty":"tr","p":{"a":0,"k":[0,0],"ix":2},"a":{"a":0,"k":[0,0],"ix":1},"s":{"a":0,"k":[100,100],"ix":3},"r":{"a":0,"k":0,"ix":6},"o":{"a":0,"k":100,"ix":7},"sk":{"a":0,"k":0,"ix":4},"sa":{"a":0,"k":0,"ix":5},"nm":"Transform"}],"nm":"Group 1","np":2,"cix":2,"bm":0,"ix":1,"mn":"ADBE Vector Group","hd":false},{"ty":"tm","s":{"a":1,"k":[{"i":{"x":[0],"y":[1]},"o":{"x":[0.116],"y":[0]},"t":0,"s":[0]},{"t":58.7412023925781,"s":[100]}],"ix":1},"e":{"a":0,"k":0,"ix":2},"o":{"a":0,"k":0,"ix":3},"m":1,"ix":2,"nm":"Trim Paths 1","mn":"ADBE Vector Filter - Trim","hd":false}],"ip":0,"op":3596.40014648438,"st":0,"bm":0},{"ddd":0,"ind":9,"ty":4,"nm":"Layer 2","sr":1,"ks":{"o":{"a":0,"k":100,"ix":11},"r":{"a":0,"k":0,"ix":10},"p":{"a":0,"k":[960,540,0],"ix":2,"l":2},"a":{"a":0,"k":[0,0,0],"ix":1,"l":2},"s":{"a":0,"k":[100,100,100],"ix":6,"l":2}},"ao":0,"shapes":[{"ty":"gr","it":[{"ind":0,"ty":"sh","ix":1,"ks":{"a":0,"k":{"i":[[0,0],[28.142,-71.358],[0.252,-0.252],[3.267,3.016],[2.764,1.758],[-0.25,0.504],[-3.266,11.808],[1.759,1.257],[3.015,-2.513],[18.342,-41.457],[0,0],[0,0],[14.07,-9.297],[-21.859,10.3],[-4.02,1.258],[-1.005,-0.754],[4.522,-11.055],[-0.503,-2.261],[-5.528,0.755],[-13.065,32.161],[-0.251,0.252],[-4.02,-4.272],[0,-2.261],[6.03,-16.331],[1.759,-4.523],[-0.502,-0.503],[-4.019,2.262],[-16.33,39.448],[-8.291,24.874],[-0.754,4.271],[3.633,-0.001],[2.735,-3.577]],"o":[[-7.789,10.05],[-5.779,15.074],[-0.25,0.249],[-3.266,-3.267],[-3.014,-1.509],[22.614,-56.281],[1.509,-6.031],[-3.016,-2.262],[-3.266,2.512],[0,0],[0,0],[-19.096,1.005],[-24.121,16.333],[8.041,-3.77],[7.287,-2.513],[0.251,0.25],[-11.307,26.885],[1.004,2.765],[9.046,-1.256],[4.774,-11.306],[0.754,-1.004],[4.021,4.27],[0,0.502],[-6.282,16.583],[-1.507,4.522],[2.764,4.523],[2.513,-1.256],[26.132,-63.068],[2.262,-7.036],[1.606,-8.765],[-2.616,0],[0,0]],"v":[[159.867,-69.171],[108.107,48.169],[97.051,75.808],[90.77,70.781],[79.715,61.988],[74.689,57.966],[112.629,-42.034],[112.379,-49.572],[99.565,-48.819],[64.891,22.036],[51.322,52.942],[40.267,53.695],[-11.242,69.776],[2.326,79.074],[24.186,69.776],[45.292,65.506],[37.252,86.109],[24.438,121.033],[38.508,125.556],[61.121,91.385],[70.167,70.278],[81.976,78.32],[90.519,92.139],[79.212,123.044],[64.639,161.236],[62.378,170.532],[80.72,172.542],[99.061,132.844],[167.153,-41.532],[172.934,-62.136],[168.438,-74.739],[159.867,-69.171]],"c":false},"ix":2},"nm":"Path 1","mn":"ADBE Vector Shape - Group","hd":false},{"ty":"gs","o":{"a":0,"k":100,"ix":9},"w":{"a":0,"k":2,"ix":10},"g":{"p":7,"k":{"a":0,"k":[0,0.196,0.714,0.424,0.367,0.535,0.72,0.38,0.738,0.875,0.725,0.337,0.867,0.804,0.647,0.259,1,0.733,0.569,0.18,1,0.733,0.569,0.18,1,0.733,0.569,0.18],"ix":8}},"s":{"a":0,"k":[-24,50],"ix":4},"e":{"a":0,"k":[173.778,50],"ix":5},"t":1,"lc":1,"lj":1,"ml":10,"ml2":{"a":0,"k":10,"ix":13},"bm":0,"nm":"Gradient Stroke 1","mn":"ADBE Vector Graphic - G-Stroke","hd":false},{"ty":"tr","p":{"a":0,"k":[0,0],"ix":2},"a":{"a":0,"k":[0,0],"ix":1},"s":{"a":0,"k":[100,100],"ix":3},"r":{"a":0,"k":0,"ix":6},"o":{"a":0,"k":100,"ix":7},"sk":{"a":0,"k":0,"ix":4},"sa":{"a":0,"k":0,"ix":5},"nm":"Transform"}],"nm":"Group 1","np":2,"cix":2,"bm":0,"ix":1,"mn":"ADBE Vector Group","hd":false},{"ty":"tm","s":{"a":1,"k":[{"i":{"x":[0],"y":[1]},"o":{"x":[0.333],"y":[0]},"t":0,"s":[0]},{"t":77.9220031738281,"s":[100]}],"ix":1},"e":{"a":0,"k":0,"ix":2},"o":{"a":1,"k":[{"i":{"x":[0],"y":[1]},"o":{"x":[0.333],"y":[0]},"t":0,"s":[0]},{"t":77.9220031738281,"s":[90]}],"ix":3},"m":1,"ix":2,"nm":"Trim Paths 1","mn":"ADBE Vector Filter - Trim","hd":false}],"ip":0,"op":3596.40014648438,"st":0,"bm":0},{"ddd":0,"ind":10,"ty":4,"nm":"Layer 1","sr":1,"ks":{"o":{"a":0,"k":100,"ix":11},"r":{"a":0,"k":0,"ix":10},"p":{"a":0,"k":[960,540,0],"ix":2,"l":2},"a":{"a":0,"k":[0,0,0],"ix":1,"l":2},"s":{"a":0,"k":[100,100,100],"ix":6,"l":2}},"ao":0,"shapes":[{"ty":"gr","it":[{"ind":0,"ty":"sh","ix":1,"ks":{"a":0,"k":{"i":[[0,0],[-20.014,1.201],[-31.221,25.017],[0,-30.822],[-2.001,0],[0,0.399],[0,1.4],[-4.002,9.806],[-37.826,27.62],[-3.002,-2.201],[10.809,2.001],[-9.206,-2.199],[23.216,0],[0,-17.813],[0,2.001],[-39.428,4.003],[43.629,-4.003],[-0.799,11.807],[-54.838,0],[0,-8.806],[14.21,0],[-1.202,1.401],[0,-4.604],[-4.603,0],[0,22.815],[9.808,0],[-0.6,-75.051]],"o":[[0.2,18.213],[34.023,-2.002],[-18.413,22.216],[0,3.803],[0.8,0],[0,-0.401],[0,-3.002],[11.007,-27.421],[6.805,-5.004],[3.203,2.803],[3.803,-0.601],[-1.001,-3.001],[-16.412,0],[0,6.804],[0,-9.807],[-32.622,29.221],[-18.413,1.6],[3.403,-61.443],[8.807,0],[0,17.411],[-1.2,0],[-6.005,2.601],[0,3.002],[21.615,0],[0,-14.611],[-69.047,0],[0,0]],"v":[[-173.431,80.891],[-141.009,109.512],[-25.729,45.467],[-67.758,142.935],[-63.355,149.339],[-62.355,148.539],[-62.955,146.738],[-57.351,125.124],[24.305,16.647],[39.316,11.643],[28.308,0.436],[56.729,3.437],[13.299,-5.968],[-81.568,18.649],[-74.363,30.657],[17.701,1.036],[-133.003,96.703],[-155.22,77.69],[17.501,-83.223],[35.313,-70.413],[-7.717,-31.987],[-2.312,-41.793],[-15.522,-26.783],[-5.915,-18.177],[44.32,-68.011],[18.301,-87.225],[-173.431,80.891]],"c":false},"ix":2},"nm":"Path 1","mn":"ADBE Vector Shape - Group","hd":false},{"ty":"gs","o":{"a":0,"k":100,"ix":9},"w":{"a":0,"k":2,"ix":10},"g":{"p":7,"k":{"a":0,"k":[0,0.196,0.714,0.424,0.367,0.535,0.72,0.38,0.738,0.875,0.725,0.337,0.867,0.804,0.647,0.259,1,0.733,0.569,0.18,1,0.733,0.569,0.18,1,0.733,0.569,0.18],"ix":8}},"s":{"a":0,"k":[-174,32],"ix":4},"e":{"a":0,"k":[57.421,32],"ix":5},"t":1,"lc":1,"lj":1,"ml":10,"ml2":{"a":0,"k":10,"ix":13},"bm":0,"nm":"Gradient Stroke 1","mn":"ADBE Vector Graphic - G-Stroke","hd":false},{"ty":"tr","p":{"a":0,"k":[0,0],"ix":2},"a":{"a":0,"k":[0,0],"ix":1},"s":{"a":0,"k":[100,100],"ix":3},"r":{"a":0,"k":0,"ix":6},"o":{"a":0,"k":100,"ix":7},"sk":{"a":0,"k":0,"ix":4},"sa":{"a":0,"k":0,"ix":5},"nm":"Transform"}],"nm":"Group 1","np":2,"cix":2,"bm":0,"ix":1,"mn":"ADBE Vector Group","hd":false},{"ty":"tm","s":{"a":1,"k":[{"i":{"x":[0],"y":[1]},"o":{"x":[0.333],"y":[0]},"t":0,"s":[0]},{"t":76.723203125,"s":[100]}],"ix":1},"e":{"a":1,"k":[{"i":{"x":[0],"y":[1]},"o":{"x":[0.167],"y":[0]},"t":0,"s":[0]},{"i":{"x":[0.667],"y":[1]},"o":{"x":[0.333],"y":[0]},"t":19.181,"s":[17]},{"i":{"x":[0.667],"y":[1]},"o":{"x":[0.333],"y":[0]},"t":45.554,"s":[17]},{"t":76.723203125,"s":[0]}],"ix":2},"o":{"a":0,"k":0,"ix":3},"m":1,"ix":2,"nm":"Trim Paths 1","mn":"ADBE Vector Filter - Trim","hd":false}],"ip":0,"op":3596.40014648438,"st":0,"bm":0}]}],"layers":[{"ddd":1,"ind":1,"ty":0,"nm":"Final","refId":"comp_0","sr":1,"ks":{"o":{"a":0,"k":100,"ix":11},"rx":{"a":1,"k":[{"i":{"x":[0.667],"y":[1]},"o":{"x":[0.333],"y":[0]},"t":0,"s":[-29]},{"t":89.9100036621094,"s":[0]}],"ix":8},"ry":{"a":1,"k":[{"i":{"x":[0.667],"y":[1]},"o":{"x":[0.333],"y":[0]},"t":0,"s":[45]},{"t":89.9100036621094,"s":[0]}],"ix":9},"rz":{"a":0,"k":0,"ix":10},"or":{"a":0,"k":[0,0,0],"ix":7},"p":{"a":0,"k":[490.519,468.485,0],"ix":2},"a":{"a":0,"k":[960,540,0],"ix":1},"s":{"a":1,"k":[{"i":{"x":[0.667,0.667,0.667],"y":[1,1,1]},"o":{"x":[0.333,0.333,0.333],"y":[0,0,0]},"t":0,"s":[150,150,150]},{"i":{"x":[0.833,0.833,0.833],"y":[1,1,1]},"o":{"x":[0.167,0.167,0.167],"y":[0,0,0]},"t":89,"s":[129,129,129]},{"t":180.00000733155,"s":[169,169,169]}],"ix":6}},"ao":0,"w":1920,"h":1080,"ip":0,"op":3596.40014648438,"st":0,"bm":0}],"markers":[]}