{"v":"5.9.0","fr":25,"ip":0,"op":150,"w":1600,"h":1600,"nm":"Comp 1","ddd":0,"assets":[{"id":"comp_0","nm":"text","fr":25,"layers":[{"ddd":0,"ind":1,"ty":4,"nm":"Layer 1","sr":1,"ks":{"o":{"a":0,"k":100,"ix":11},"r":{"a":0,"k":0,"ix":10},"p":{"a":0,"k":[963.682,799.75,0],"ix":2,"l":2},"a":{"a":0,"k":[963.682,141.75,0],"ix":1,"l":2},"s":{"a":0,"k":[100,100,100],"ix":6,"l":2}},"ao":0,"shapes":[{"ty":"gr","it":[{"ty":"gr","it":[{"ind":0,"ty":"sh","ix":1,"ks":{"a":0,"k":{"i":[[0,0],[0,0],[0,0],[0,0],[0,0],[0,0],[0,0],[0,0]],"o":[[0,0],[0,0],[0,0],[0,0],[0,0],[0,0],[0,0],[0,0]],"v":[[-11.444,-12.153],[-1.82,-12.153],[-1.82,15.053],[1.882,15.053],[1.882,-12.153],[11.444,-12.153],[11.444,-15.053],[-11.444,-15.053]],"c":true},"ix":2},"nm":"Path 1","mn":"ADBE Vector Shape - Group","hd":false},{"ty":"fl","c":{"a":0,"k":[1,0.117647059262,0,1],"ix":4},"o":{"a":0,"k":100,"ix":5},"r":1,"bm":0,"nm":"Fill 1","mn":"ADBE Vector Graphic - Fill","hd":false},{"ty":"tr","p":{"a":0,"k":[1507.996,209.797],"ix":2},"a":{"a":0,"k":[0,0],"ix":1},"s":{"a":0,"k":[100,100],"ix":3},"r":{"a":0,"k":0,"ix":6},"o":{"a":0,"k":100,"ix":7},"sk":{"a":0,"k":0,"ix":4},"sa":{"a":0,"k":0,"ix":5},"nm":"Transform"}],"nm":"Group 1","np":2,"cix":2,"bm":0,"ix":1,"mn":"ADBE Vector Group","hd":false},{"ty":"gr","it":[{"ind":0,"ty":"sh","ix":1,"ks":{"a":0,"k":{"i":[[0,0],[0,0],[0,0],[0,0],[0,0],[0,0],[0,0],[0,0],[0,0],[0,0],[0,0],[0,0],[0,0],[0,0],[0,0],[0,0]],"o":[[0,0],[0,0],[0,0],[0,0],[0,0],[0,0],[0,0],[0,0],[0,0],[0,0],[0,0],[0,0],[0,0],[0,0],[0,0],[0,0]],"v":[[8.575,-15.053],[0.123,7.218],[0,7.218],[-8.575,-15.053],[-15.423,-15.053],[-15.423,15.053],[-11.722,15.053],[-11.722,-11.907],[-11.598,-11.907],[-1.234,15.053],[1.234,15.053],[11.598,-11.907],[11.722,-11.907],[11.722,15.053],[15.423,15.053],[15.423,-15.053]],"c":true},"ix":2},"nm":"Path 1","mn":"ADBE Vector Shape - Group","hd":false},{"ty":"fl","c":{"a":0,"k":[1,0.117647059262,0,1],"ix":4},"o":{"a":0,"k":100,"ix":5},"r":1,"bm":0,"nm":"Fill 1","mn":"ADBE Vector Graphic - Fill","hd":false},{"ty":"tr","p":{"a":0,"k":[1540.477,209.797],"ix":2},"a":{"a":0,"k":[0,0],"ix":1},"s":{"a":0,"k":[100,100],"ix":3},"r":{"a":0,"k":0,"ix":6},"o":{"a":0,"k":100,"ix":7},"sk":{"a":0,"k":0,"ix":4},"sa":{"a":0,"k":0,"ix":5},"nm":"Transform"}],"nm":"Group 2","np":2,"cix":2,"bm":0,"ix":2,"mn":"ADBE Vector Group","hd":false},{"ty":"tr","p":{"a":0,"k":[1540.477,209.797],"ix":2},"a":{"a":0,"k":[1540.477,209.797],"ix":1},"s":{"a":0,"k":[100,100],"ix":3},"r":{"a":0,"k":0,"ix":6},"o":{"a":0,"k":100,"ix":7},"sk":{"a":0,"k":0,"ix":4},"sa":{"a":0,"k":0,"ix":5},"nm":"Transform"}],"nm":"Group 1","np":2,"cix":2,"bm":0,"ix":1,"mn":"ADBE Vector Group","hd":false},{"ty":"gr","it":[{"ty":"gr","it":[{"ind":0,"ty":"sh","ix":1,"ks":{"a":0,"k":{"i":[[0,-46.269],[0,0],[0.617,0],[0,0],[0,0.617],[0,0],[4.935,4.935],[5.614,0],[4.257,-4.935],[0,-12.462],[0,0],[0.617,0],[0,0],[0,0.617],[0,0],[5.861,5.244],[5.244,0],[3.948,-4.935],[0,-13.511],[0,0],[0.617,0],[0,0],[0,0.617],[0,0],[-0.617,0],[0,0],[0,-0.617],[0,0],[-4.935,4.565],[-16.78,0],[-6.91,-21.037],[-6.91,5.552],[-17.027,0]],"o":[[0,0],[0,0.679],[0,0],[-0.679,0],[0,0],[0,-11.166],[-4.565,-3.948],[-6.539,0],[-4.257,5.244],[0,0],[0,0.679],[0,0],[-0.679,0],[0,0],[0,-11.166],[-4.627,-4.627],[-6.231,0],[-3.948,4.935],[0,0],[0,0.679],[0,0],[-0.679,0],[0,0],[0,-0.679],[0,0],[0.679,0],[0,0],[2.961,-6.539],[9.192,-8.205],[24.986,0],[3.64,-8.205],[10.488,-8.205],[37.386,0]],"v":[[136.279,-18.076],[136.279,84.21],[135.107,85.383],[75.697,85.383],[74.525,84.21],[74.525,-10.488],[68.294,-34.116],[54.166,-39.051],[37.447,-32.142],[30.538,-5.861],[30.538,84.21],[29.366,85.383],[-30.044,85.383],[-31.216,84.21],[-31.216,-10.179],[-37.756,-34.486],[-52.192,-39.113],[-67.985,-32.204],[-74.524,-5.244],[-74.524,84.21],[-75.697,85.383],[-135.107,85.383],[-136.279,84.21],[-136.279,-79.275],[-135.107,-80.447],[-76.684,-80.447],[-75.512,-79.275],[-75.512,-56.51],[-63.358,-73.229],[-25.911,-85.383],[22.703,-52.871],[38.496,-73.229],[78.535,-85.383]],"c":true},"ix":2},"nm":"Path 1","mn":"ADBE Vector Shape - Group","hd":false},{"ty":"fl","c":{"a":0,"k":[1,0.117647059262,0,1],"ix":4},"o":{"a":0,"k":100,"ix":5},"r":1,"bm":0,"nm":"Fill 1","mn":"ADBE Vector Graphic - Fill","hd":false},{"ty":"tr","p":{"a":0,"k":[1340.84,139.282],"ix":2},"a":{"a":0,"k":[0,0],"ix":1},"s":{"a":0,"k":[100,100],"ix":3},"r":{"a":0,"k":0,"ix":6},"o":{"a":0,"k":100,"ix":7},"sk":{"a":0,"k":0,"ix":4},"sa":{"a":0,"k":0,"ix":5},"nm":"Transform"}],"nm":"Group 1","np":2,"cix":2,"bm":0,"ix":1,"mn":"ADBE Vector Group","hd":false},{"ty":"gr","it":[{"ind":0,"ty":"sh","ix":1,"ks":{"a":0,"k":{"i":[[0,0],[0,0],[0,-11.166],[-11.537,0],[0,22.024],[0,0]],"o":[[0,0],[-12.153,2.653],[0,10.858],[16.41,0],[0,0],[0,0]],"v":[[22.487,10.241],[-7.064,16.472],[-27.731,34.178],[-8.668,49.909],[22.549,19.68],[22.549,10.241]],"c":true},"ix":2},"nm":"Path 1","mn":"ADBE Vector Shape - Group","hd":false},{"ind":1,"ty":"sh","ix":2,"ks":{"a":0,"k":{"i":[[0,0],[-4.257,-7.218],[0,0],[0,0],[0.123,0.555],[0.308,7.465],[26.589,0],[0,33.869],[-37.447,6.231],[0,0],[0,0],[3.948,4.257],[10.179,0],[0,-19.618],[0.679,0.062],[0,0],[0,0.617],[-14.498,9.377],[-24.307,0],[0,-42.013],[0,0]],"o":[[0,12.832],[0,0],[0,0],[-0.555,0],[-1.481,-5.244],[-9.192,15.423],[-34.486,0],[0,-36.769],[0,0],[0,0],[0,-6.91],[-3.64,-4.627],[-14.128,0],[0,0.679],[0,0],[-0.617,-0.062],[0.247,-22.333],[15.115,-9.501],[50.896,0],[0,0],[0,0]],"v":[[82.946,52.007],[89.485,81.558],[89.485,82.853],[28.965,82.853],[27.854,81.989],[25.14,61.508],[-29.397,87.789],[-89.485,36.214],[-21.808,-15.978],[22.549,-23.505],[22.549,-25.788],[18.6,-43.493],[0.216,-49.724],[-22.425,-24.739],[-23.659,-23.567],[-82.02,-27.33],[-83.131,-28.502],[-60.49,-74.648],[1.573,-87.789],[83.007,-29.983],[83.007,52.007]],"c":true},"ix":2},"nm":"Path 2","mn":"ADBE Vector Shape - Group","hd":false},{"ty":"fl","c":{"a":0,"k":[1,0.117647059262,0,1],"ix":4},"o":{"a":0,"k":100,"ix":5},"r":1,"bm":0,"nm":"Fill 1","mn":"ADBE Vector Graphic - Fill","hd":false},{"ty":"tr","p":{"a":0,"k":[1106.87,141.812],"ix":2},"a":{"a":0,"k":[0,0],"ix":1},"s":{"a":0,"k":[100,100],"ix":3},"r":{"a":0,"k":0,"ix":6},"o":{"a":0,"k":100,"ix":7},"sk":{"a":0,"k":0,"ix":4},"sa":{"a":0,"k":0,"ix":5},"nm":"Transform"}],"nm":"Group 2","np":3,"cix":2,"bm":0,"ix":2,"mn":"ADBE Vector Group","hd":false},{"ty":"gr","it":[{"ind":0,"ty":"sh","ix":1,"ks":{"a":0,"k":{"i":[[0,-46.269],[0,0],[0.617,0],[0,0],[0,0.617],[0,0],[4.935,4.935],[5.614,0],[4.257,-4.935],[0,-12.462],[0,0],[0.617,0],[0,0],[0,0.617],[0,0],[5.861,5.244],[5.244,0],[3.948,-4.935],[0,-13.511],[0,0],[0.617,0],[0,0],[0,0.617],[0,0],[-0.617,0],[0,0],[0,-0.617],[0,0],[-4.935,4.565],[-16.78,0],[-6.91,-21.037],[-6.91,5.552],[-17.027,0]],"o":[[0,0],[0,0.679],[0,0],[-0.679,0],[0,0],[0,-11.166],[-4.565,-3.948],[-6.539,0],[-4.257,5.244],[0,0],[0,0.679],[0,0],[-0.679,0],[0,0],[0,-11.166],[-4.627,-4.627],[-6.231,0],[-3.948,4.935],[0,0],[0,0.679],[0,0],[-0.679,0],[0,0],[0,-0.679],[0,0],[0.679,0],[0,0],[2.961,-6.539],[9.192,-8.205],[24.986,0],[3.64,-8.205],[10.488,-8.205],[37.386,0]],"v":[[136.279,-18.076],[136.279,84.21],[135.107,85.383],[75.697,85.383],[74.525,84.21],[74.525,-10.488],[68.294,-34.116],[54.166,-39.051],[37.447,-32.142],[30.538,-5.861],[30.538,84.21],[29.366,85.383],[-30.044,85.383],[-31.216,84.21],[-31.216,-10.179],[-37.756,-34.486],[-52.192,-39.113],[-67.985,-32.204],[-74.525,-5.244],[-74.525,84.21],[-75.697,85.383],[-135.107,85.383],[-136.279,84.21],[-136.279,-79.275],[-135.107,-80.447],[-76.684,-80.447],[-75.512,-79.275],[-75.512,-56.51],[-63.358,-73.229],[-25.911,-85.383],[22.703,-52.871],[38.496,-73.229],[78.535,-85.383]],"c":true},"ix":2},"nm":"Path 1","mn":"ADBE Vector Shape - Group","hd":false},{"ty":"fl","c":{"a":0,"k":[1,0.117647059262,0,1],"ix":4},"o":{"a":0,"k":100,"ix":5},"r":1,"bm":0,"nm":"Fill 1","mn":"ADBE Vector Graphic - Fill","hd":false},{"ty":"tr","p":{"a":0,"k":[873.272,139.282],"ix":2},"a":{"a":0,"k":[0,0],"ix":1},"s":{"a":0,"k":[100,100],"ix":3},"r":{"a":0,"k":0,"ix":6},"o":{"a":0,"k":100,"ix":7},"sk":{"a":0,"k":0,"ix":4},"sa":{"a":0,"k":0,"ix":5},"nm":"Transform"}],"nm":"Group 3","np":2,"cix":2,"bm":0,"ix":3,"mn":"ADBE Vector Group","hd":false},{"ty":"gr","it":[{"ind":0,"ty":"sh","ix":1,"ks":{"a":0,"k":{"i":[[0,0],[0,0],[0,-11.166],[-11.537,0],[0,22.024],[0,0]],"o":[[0,0],[-12.153,2.653],[0,10.858],[16.41,0],[0,0],[0,0]],"v":[[22.549,10.303],[-7.002,16.534],[-27.669,34.239],[-8.606,49.971],[22.61,19.742],[22.61,10.303]],"c":true},"ix":2},"nm":"Path 1","mn":"ADBE Vector Shape - Group","hd":false},{"ind":1,"ty":"sh","ix":2,"ks":{"a":0,"k":{"i":[[0,0],[-2.776,-6.539],[-0.802,-1.419],[0,0],[0,0],[0.123,0.555],[0.308,7.465],[26.651,0],[0,33.869],[-37.447,6.231],[0,0],[0,0],[3.948,4.257],[10.179,0],[0,-19.618],[0.679,0.062],[0,0],[0,0.617],[-14.498,9.377],[-24.307,0],[0,-42.013]],"o":[[0,10.303],[0.679,1.604],[0,0],[0,0],[-0.555,0],[-1.481,-5.244],[-9.192,15.423],[-34.486,0],[0,-36.769],[0,0],[0,0],[0,-6.91],[-3.64,-4.627],[-14.128,0],[0,0.679],[0,0],[-0.617,-0.062],[0.247,-22.333],[15.053,-9.686],[50.896,0],[0,0]],"v":[[82.946,52.069],[87.203,77.054],[89.485,81.619],[89.485,82.915],[28.965,82.915],[27.854,82.051],[25.14,61.569],[-29.397,87.85],[-89.485,36.275],[-21.808,-15.917],[22.549,-23.443],[22.549,-25.726],[18.6,-43.432],[0.216,-49.663],[-22.425,-24.677],[-23.659,-23.505],[-82.02,-27.268],[-83.131,-28.44],[-60.49,-74.586],[1.511,-87.85],[82.946,-30.044]],"c":true},"ix":2},"nm":"Path 2","mn":"ADBE Vector Shape - Group","hd":false},{"ty":"fl","c":{"a":0,"k":[1,0.117647059262,0,1],"ix":4},"o":{"a":0,"k":100,"ix":5},"r":1,"bm":0,"nm":"Fill 1","mn":"ADBE Vector Graphic - Fill","hd":false},{"ty":"tr","p":{"a":0,"k":[641.03,141.75],"ix":2},"a":{"a":0,"k":[0,0],"ix":1},"s":{"a":0,"k":[100,100],"ix":3},"r":{"a":0,"k":0,"ix":6},"o":{"a":0,"k":100,"ix":7},"sk":{"a":0,"k":0,"ix":4},"sa":{"a":0,"k":0,"ix":5},"nm":"Transform"}],"nm":"Group 4","np":3,"cix":2,"bm":0,"ix":4,"mn":"ADBE Vector Group","hd":false},{"ty":"gr","it":[{"ind":0,"ty":"sh","ix":1,"ks":{"a":0,"k":{"i":[[0,-23.937],[0,0],[0.617,0],[0,0],[0,0.617],[0,0],[5.244,4.935],[7.28,0],[0,-25.911],[0,0],[0.617,0],[0,0],[0,0.617],[0,0],[-0.617,0],[0,0],[0,-0.617],[0,0],[-24.924,0],[-10.179,-9.809]],"o":[[0,0],[0,0.679],[0,0],[-0.679,0],[0,0],[0,-11.845],[-4.257,-3.948],[-11.475,0],[0,0],[0,0.679],[0,0],[-0.679,0],[0,0],[0,-0.679],[0,0],[0.679,0],[0,0],[8.205,-19.063],[20.05,0],[12.462,12.153]],"v":[[86.03,-16.78],[86.03,84.21],[84.858,85.383],[23.844,85.383],[22.672,84.21],[22.672,-10.488],[16.441,-34.116],[0.648,-39.051],[-22.98,-5.244],[-22.98,84.21],[-24.153,85.383],[-84.858,85.383],[-86.03,84.21],[-86.03,-79.275],[-84.858,-80.447],[-25.448,-80.447],[-24.276,-79.275],[-24.276,-56.14],[26.929,-85.383],[70.299,-70.946]],"c":true},"ix":2},"nm":"Path 1","mn":"ADBE Vector Shape - Group","hd":false},{"ty":"fl","c":{"a":0,"k":[1,0.117647059262,0,1],"ix":4},"o":{"a":0,"k":100,"ix":5},"r":1,"bm":0,"nm":"Fill 1","mn":"ADBE Vector Graphic - Fill","hd":false},{"ty":"tr","p":{"a":0,"k":[457.494,139.282],"ix":2},"a":{"a":0,"k":[0,0],"ix":1},"s":{"a":0,"k":[100,100],"ix":3},"r":{"a":0,"k":0,"ix":6},"o":{"a":0,"k":100,"ix":7},"sk":{"a":0,"k":0,"ix":4},"sa":{"a":0,"k":0,"ix":5},"nm":"Transform"}],"nm":"Group 5","np":2,"cix":2,"bm":0,"ix":5,"mn":"ADBE Vector Group","hd":false},{"ty":"tr","p":{"a":0,"k":[457.494,139.282],"ix":2},"a":{"a":0,"k":[457.494,139.282],"ix":1},"s":{"a":0,"k":[100,100],"ix":3},"r":{"a":0,"k":0,"ix":6},"o":{"a":0,"k":100,"ix":7},"sk":{"a":0,"k":0,"ix":4},"sa":{"a":0,"k":0,"ix":5},"nm":"Transform"}],"nm":"Group 2","np":5,"cix":2,"bm":0,"ix":2,"mn":"ADBE Vector Group","hd":false}],"ip":0,"op":150,"st":0,"bm":0}]}],"layers":[{"ddd":0,"ind":1,"ty":4,"nm":"Layer 2","sr":1,"ks":{"o":{"a":0,"k":100,"ix":11},"r":{"a":0,"k":0,"ix":10},"p":{"a":1,"k":[{"i":{"x":0.667,"y":1},"o":{"x":0.333,"y":0},"t":24.86,"s":[788.383,799.78,0],"to":[-102.667,0,0],"ti":[102.667,0,0]},{"i":{"x":0.667,"y":0.667},"o":{"x":0.333,"y":0.333},"t":46.089,"s":[172.383,799.78,0],"to":[0,0,0],"ti":[0,0,0]},{"i":{"x":0.667,"y":1},"o":{"x":0.333,"y":0},"t":89.36,"s":[172.383,799.78,0],"to":[102.667,0,0],"ti":[-102.667,0,0]},{"t":110.5888671875,"s":[788.383,799.78,0]}],"ix":2,"l":2},"a":{"a":0,"k":[0,0,0],"ix":1,"l":2},"s":{"a":1,"k":[{"i":{"x":[0.667,0.667,0.667],"y":[1,1,1]},"o":{"x":[0.906,0.906,0.333],"y":[0,0,0]},"t":2,"s":[150,150,100]},{"i":{"x":[0.664,0.664,0.667],"y":[1,1,1]},"o":{"x":[0.185,0.185,0.167],"y":[0,0,0]},"t":16.696,"s":[100,100,100]},{"i":{"x":[0.073,0.073,0.667],"y":[1,1,1]},"o":{"x":[0.333,0.333,0.333],"y":[0,0,0]},"t":117,"s":[100,100,100]},{"t":131.6962890625,"s":[150,150,100]}],"ix":6,"l":2}},"ao":0,"shapes":[{"ty":"gr","it":[{"ind":0,"ty":"sh","ix":1,"ks":{"a":0,"k":{"i":[[8.143,19.248],[15.485,15.423],[19.988,8.452],[20.975,0.555],[0,-2.714],[0,0],[2.653,0],[0,0],[0,-2.653],[0,0],[-2.653,0],[0,0],[0,2.653],[0,0],[-2.714,-0.123],[-15.547,-15.608],[-1.11,-22.024],[-2.529,0],[0,0],[0.062,2.653]],"o":[[-8.452,-20.05],[-15.423,-15.423],[-19.248,-8.143],[-2.653,-0.062],[0,0],[0,2.591],[0,0],[-2.591,0],[0,0],[0,2.591],[0,0],[2.591,0],[0,0],[0,-2.714],[21.777,1.172],[15.67,15.67],[0.123,2.529],[0,0],[2.653,0],[-0.617,-21.037]],"v":[[115.179,18.539],[79.151,-34.886],[25.725,-70.915],[-34.857,-84.055],[-39.731,-79.305],[-39.731,-9.346],[-44.481,-4.595],[-123.633,-4.595],[-128.383,0.155],[-128.383,79.245],[-123.633,83.995],[-44.481,83.995],[-39.731,79.245],[-39.731,0.217],[-34.734,-4.534],[22.949,21.315],[48.798,79.553],[53.549,84.057],[123.631,84.057],[128.382,79.183]],"c":true},"ix":2},"nm":"Path 1","mn":"ADBE Vector Shape - Group","hd":false},{"ty":"fl","c":{"a":0,"k":[1,0.117647059262,0,1],"ix":4},"o":{"a":0,"k":100,"ix":5},"r":1,"bm":0,"nm":"Fill 1","mn":"ADBE Vector Graphic - Fill","hd":false},{"ty":"tr","p":{"a":0,"k":[0,0],"ix":2},"a":{"a":0,"k":[0,0],"ix":1},"s":{"a":0,"k":[100,100],"ix":3},"r":{"a":0,"k":0,"ix":6},"o":{"a":0,"k":100,"ix":7},"sk":{"a":0,"k":0,"ix":4},"sa":{"a":0,"k":0,"ix":5},"nm":"Transform"}],"nm":"Group 1","np":2,"cix":2,"bm":0,"ix":1,"mn":"ADBE Vector Group","hd":false}],"ip":0,"op":150,"st":0,"bm":0},{"ddd":0,"ind":2,"ty":0,"nm":"text","refId":"comp_0","sr":1,"ks":{"o":{"a":0,"k":100,"ix":11},"r":{"a":0,"k":0,"ix":10},"p":{"a":1,"k":[{"i":{"x":0.667,"y":1},"o":{"x":0.333,"y":0},"t":24.86,"s":[1416,800,0],"to":[-102.667,0,0],"ti":[102.667,0,0]},{"i":{"x":0.667,"y":0.667},"o":{"x":0.333,"y":0.333},"t":46.089,"s":[800,800,0],"to":[0,0,0],"ti":[0,0,0]},{"i":{"x":0.667,"y":1},"o":{"x":0.333,"y":0},"t":89.36,"s":[800,800,0],"to":[102.667,0,0],"ti":[-102.667,0,0]},{"t":110.5888671875,"s":[1416,800,0]}],"ix":2,"l":2},"a":{"a":0,"k":[800,800,0],"ix":1,"l":2},"s":{"a":0,"k":[100,100,100],"ix":6,"l":2}},"ao":0,"hasMask":true,"masksProperties":[{"inv":false,"mode":"a","pt":{"a":1,"k":[{"i":{"x":0.667,"y":1},"o":{"x":0.333,"y":0},"t":24.86,"s":[{"i":[[0,0],[0,0],[0,0],[0,0]],"o":[[0,0],[0,0],[0,0],[0,0]],"v":[[555.999,-2140.845],[-900,-1915.493],[-1292,2681.691],[-144.001,3538.029]],"c":true}]},{"i":{"x":0.667,"y":1},"o":{"x":0.333,"y":0},"t":46.089,"s":[{"i":[[0,0],[0,0],[0,0],[0,0]],"o":[[0,0],[0,0],[0,0],[0,0]],"v":[[1927.998,-1374.648],[471.999,-1149.296],[80,3447.888],[1227.998,4304.226]],"c":true}]},{"i":{"x":0.667,"y":1},"o":{"x":0.333,"y":0},"t":89.36,"s":[{"i":[[0,0],[0,0],[0,0],[0,0]],"o":[[0,0],[0,0],[0,0],[0,0]],"v":[[1927.998,-1374.648],[471.999,-1149.296],[80,3447.888],[1227.998,4304.226]],"c":true}]},{"t":110.5888671875,"s":[{"i":[[0,0],[0,0],[0,0],[0,0]],"o":[[0,0],[0,0],[0,0],[0,0]],"v":[[555.999,-2140.845],[-900,-1915.493],[-1292,2681.691],[-144.001,3538.029]],"c":true}]}],"ix":1},"o":{"a":0,"k":100,"ix":3},"x":{"a":0,"k":0,"ix":4},"nm":"Mask 1"}],"w":1600,"h":1600,"ip":0,"op":150,"st":0,"bm":0}],"markers":[]}